
Project filesystem
------------------
Executables: 
 - portcullis: "portcullis" - "/scratch/software-phgv2/miniconda3/envs/portcullis_env/bin/portcullis"
Directories: 
 - Data: "//scratch/software-phgv2/miniconda3/envs/portcullis_env/share/portcullis"
 - Scripts: "//scratch/software-phgv2/miniconda3/envs/portcullis_env/share/portcullis/scripts"
Info:
 - Version: 1.2.4

Portcullis V1.2.4

Running portcullis in junction builder mode
------------------------------------------

Settings:
 - BAM Strandedness: UNKNOWN
 - BAM Read Orientation: UNKNOWN
 - BAM Indexing mode: CSI
 - Threads: 32
 - Separate BAMs: false

BAM details:
 - File path: "portcullis/portcullis.sorted.alignments.bam"
 - # Target sequences: 1954
 - Format version: 1.4
 - Sort order: coordinate
 - Program 1: 
  - ID: STAR
  - Name: STAR
  - Version: 2.7.11b
  - Command line: /scratch/software-phgv2/miniconda3/envs/barley_annotation/bin/STAR-avx2   --runThreadN 32   --genomeDir /scratch/GDB136/new_anno/STAR   --genomeLoad NoSharedMemory   --readFilesIn /scratch/GDB136/new_anno/data/mRNA-seq/Unknown_CP851-001U0001_1.fasta   /scratch/GDB136/new_anno/data/mRNA-seq/Unknown_CP851-001U0001_2.fasta      --limitBAMsortRAM 3200000000   --outFileNamePrefix /scratch/GDB136/new_anno/STAR/alignments/CP851-001U0001_   --outSAMtype BAM   SortedByCoordinate      --outSAMstrandField intronMotif   --alignIntronMax 50000
 - Program 2: 
  - ID: STAR-58BA2030
  - Name: STAR
  - Version: 2.7.11b
  - Command line: /scratch/software-phgv2/miniconda3/envs/barley_annotation/bin/STAR-avx2   --runThreadN 32   --genomeDir /scratch/GDB136/new_anno/STAR   --genomeLoad NoSharedMemory   --readFilesIn /scratch/GDB136/new_anno/data/mRNA-seq/Unknown_CP851-001U0002_1.fasta   /scratch/GDB136/new_anno/data/mRNA-seq/Unknown_CP851-001U0002_2.fasta      --limitBAMsortRAM 3200000000   --outFileNamePrefix /scratch/GDB136/new_anno/STAR/alignments/CP851-001U0002_   --outSAMtype BAM   SortedByCoordinate      --outSAMstrandField intronMotif   --alignIntronMax 50000
 - Program 3: 
  - ID: STAR-29A8B191
  - Name: STAR
  - Version: 2.7.11b
  - Command line: /scratch/software-phgv2/miniconda3/envs/barley_annotation/bin/STAR-avx2   --runThreadN 32   --genomeDir /scratch/GDB136/new_anno/STAR   --genomeLoad NoSharedMemory   --readFilesIn /scratch/GDB136/new_anno/data/mRNA-seq/Unknown_CP851-001U0003_1.fasta   /scratch/GDB136/new_anno/data/mRNA-seq/Unknown_CP851-001U0003_2.fasta      --limitBAMsortRAM 3200000000   --outFileNamePrefix /scratch/GDB136/new_anno/STAR/alignments/CP851-001U0003_   --outSAMtype BAM   SortedByCoordinate      --outSAMstrandField intronMotif   --alignIntronMax 50000
 - Program 4: 
  - ID: STAR-6002EED1
  - Name: STAR
  - Version: 2.7.11b
  - Command line: /scratch/software-phgv2/miniconda3/envs/barley_annotation/bin/STAR-avx2   --runThreadN 32   --genomeDir /scratch/GDB136/new_anno/STAR   --genomeLoad NoSharedMemory   --readFilesIn /scratch/GDB136/new_anno/data/mRNA-seq/Unknown_CP851-001U0004_1.fasta   /scratch/GDB136/new_anno/data/mRNA-seq/Unknown_CP851-001U0004_2.fasta      --limitBAMsortRAM 3200000000   --outFileNamePrefix /scratch/GDB136/new_anno/STAR/alignments/CP851-001U0004_   --outSAMtype BAM   SortedByCoordinate      --outSAMstrandField intronMotif   --alignIntronMax 50000
 - Program 5: 
  - ID: STAR-662BA115
  - Name: STAR
  - Version: 2.7.11b
  - Command line: /scratch/software-phgv2/miniconda3/envs/barley_annotation/bin/STAR-avx2   --runThreadN 32   --genomeDir /scratch/GDB136/new_anno/STAR   --genomeLoad NoSharedMemory   --readFilesIn /scratch/GDB136/new_anno/data/mRNA-seq/Unknown_CP851-001U0005_1.fasta   /scratch/GDB136/new_anno/data/mRNA-seq/Unknown_CP851-001U0005_2.fasta      --limitBAMsortRAM 3200000000   --outFileNamePrefix /scratch/GDB136/new_anno/STAR/alignments/CP851-001U0005_   --outSAMtype BAM   SortedByCoordinate      --outSAMstrandField intronMotif   --alignIntronMax 50000
 - Program 6: 
  - ID: STAR-7A909D3B
  - Name: STAR
  - Version: 2.7.11b
  - Command line: /scratch/software-phgv2/miniconda3/envs/barley_annotation/bin/STAR-avx2   --runThreadN 32   --genomeDir /scratch/GDB136/new_anno/STAR   --genomeLoad NoSharedMemory   --readFilesIn /scratch/GDB136/new_anno/data/mRNA-seq/Unknown_CP851-001U0006_1.fasta   /scratch/GDB136/new_anno/data/mRNA-seq/Unknown_CP851-001U0006_2.fasta      --limitBAMsortRAM 3200000000   --outFileNamePrefix /scratch/GDB136/new_anno/STAR/alignments/CP851-001U0006_   --outSAMtype BAM   SortedByCoordinate      --outSAMstrandField intronMotif   --alignIntronMax 50000
 - Program 7: 
  - ID: STAR-575BD64B
  - Name: STAR
  - Version: 2.7.11b
  - Command line: /scratch/software-phgv2/miniconda3/envs/barley_annotation/bin/STAR-avx2   --runThreadN 32   --genomeDir /scratch/GDB136/new_anno/STAR   --genomeLoad NoSharedMemory   --readFilesIn /scratch/GDB136/new_anno/data/mRNA-seq/Unknown_CP851-001U0007_1.fasta   /scratch/GDB136/new_anno/data/mRNA-seq/Unknown_CP851-001U0007_2.fasta      --limitBAMsortRAM 3200000000   --outFileNamePrefix /scratch/GDB136/new_anno/STAR/alignments/CP851-001U0007_   --outSAMtype BAM   SortedByCoordinate      --outSAMstrandField intronMotif   --alignIntronMax 50000
 - Program 8: 
  - ID: STAR-0C38EE18
  - Name: STAR
  - Version: 2.7.11b
  - Command line: /scratch/software-phgv2/miniconda3/envs/barley_annotation/bin/STAR-avx2   --runThreadN 32   --genomeDir /scratch/GDB136/new_anno/STAR   --genomeLoad NoSharedMemory   --readFilesIn /scratch/GDB136/new_anno/data/mRNA-seq/Unknown_CP851-001U0008_1.fasta   /scratch/GDB136/new_anno/data/mRNA-seq/Unknown_CP851-001U0008_2.fasta      --limitBAMsortRAM 3200000000   --outFileNamePrefix /scratch/GDB136/new_anno/STAR/alignments/CP851-001U0008_   --outSAMtype BAM   SortedByCoordinate      --outSAMstrandField intronMotif   --alignIntronMax 50000
 - Program 9: 
  - ID: STAR-6195B8FB
  - Name: STAR
  - Version: 2.7.11b
  - Command line: /scratch/software-phgv2/miniconda3/envs/barley_annotation/bin/STAR-avx2   --runThreadN 32   --genomeDir /scratch/GDB136/new_anno/STAR   --genomeLoad NoSharedMemory   --readFilesIn /scratch/GDB136/new_anno/data/mRNA-seq/Unknown_CP851-001U0009_1.fasta   /scratch/GDB136/new_anno/data/mRNA-seq/Unknown_CP851-001U0009_2.fasta      --limitBAMsortRAM 3200000000   --outFileNamePrefix /scratch/GDB136/new_anno/STAR/alignments/CP851-001U0009_   --outSAMtype BAM   SortedByCoordinate      --outSAMstrandField intronMotif   --alignIntronMax 50000
 - Program 10: 
  - ID: STAR-46ADAB4D
  - Name: STAR
  - Version: 2.7.11b
  - Command line: /scratch/software-phgv2/miniconda3/envs/barley_annotation/bin/STAR-avx2   --runThreadN 32   --genomeDir /scratch/GDB136/new_anno/STAR   --genomeLoad NoSharedMemory   --readFilesIn /scratch/GDB136/new_anno/data/mRNA-seq/Unknown_CP851-001U0010_1.fasta   /scratch/GDB136/new_anno/data/mRNA-seq/Unknown_CP851-001U0010_2.fasta      --limitBAMsortRAM 3200000000   --outFileNamePrefix /scratch/GDB136/new_anno/STAR/alignments/CP851-001U0010_   --outSAMtype BAM   SortedByCoordinate      --outSAMstrandField intronMotif   --alignIntronMax 50000
 - Program 11: 
  - ID: STAR-24252814
  - Name: STAR
  - Version: 2.7.11b
  - Command line: /scratch/software-phgv2/miniconda3/envs/barley_annotation/bin/STAR-avx2   --runThreadN 32   --genomeDir /scratch/GDB136/new_anno/STAR   --genomeLoad NoSharedMemory   --readFilesIn /scratch/GDB136/new_anno/data/mRNA-seq/Unknown_CP851-001U0011_1.fasta   /scratch/GDB136/new_anno/data/mRNA-seq/Unknown_CP851-001U0011_2.fasta      --limitBAMsortRAM 3200000000   --outFileNamePrefix /scratch/GDB136/new_anno/STAR/alignments/CP851-001U0011_   --outSAMtype BAM   SortedByCoordinate      --outSAMstrandField intronMotif   --alignIntronMax 50000
 - Program 12: 
  - ID: STAR-3DCBB15E
  - Name: STAR
  - Version: 2.7.11b
  - Command line: /scratch/software-phgv2/miniconda3/envs/barley_annotation/bin/STAR-avx2   --runThreadN 32   --genomeDir /scratch/GDB136/new_anno/STAR   --genomeLoad NoSharedMemory   --readFilesIn /scratch/GDB136/new_anno/data/mRNA-seq/Unknown_CP851-001U0012_1.fasta   /scratch/GDB136/new_anno/data/mRNA-seq/Unknown_CP851-001U0012_2.fasta      --limitBAMsortRAM 3200000000   --outFileNamePrefix /scratch/GDB136/new_anno/STAR/alignments/CP851-001U0012_   --outSAMtype BAM   SortedByCoordinate      --outSAMstrandField intronMotif   --alignIntronMax 50000
 - Program 13: 
  - ID: STAR-7B6E2CD0
  - Name: STAR
  - Version: 2.7.11b
  - Command line: /scratch/software-phgv2/miniconda3/envs/barley_annotation/bin/STAR-avx2   --runThreadN 32   --genomeDir /scratch/GDB136/new_anno/STAR   --genomeLoad NoSharedMemory   --readFilesIn /scratch/GDB136/new_anno/data/mRNA-seq/Unknown_CP851-001U0013_1.fasta   /scratch/GDB136/new_anno/data/mRNA-seq/Unknown_CP851-001U0013_2.fasta      --limitBAMsortRAM 3200000000   --outFileNamePrefix /scratch/GDB136/new_anno/STAR/alignments/CP851-001U0013_   --outSAMtype BAM   SortedByCoordinate      --outSAMstrandField intronMotif   --alignIntronMax 50000
 - Program 14: 
  - ID: STAR-0A7E6F46
  - Name: STAR
  - Version: 2.7.11b
  - Command line: /scratch/software-phgv2/miniconda3/envs/barley_annotation/bin/STAR-avx2   --runThreadN 32   --genomeDir /scratch/GDB136/new_anno/STAR   --genomeLoad NoSharedMemory   --readFilesIn /scratch/GDB136/new_anno/data/mRNA-seq/Unknown_CP851-001U0014_1.fasta   /scratch/GDB136/new_anno/data/mRNA-seq/Unknown_CP851-001U0014_2.fasta      --limitBAMsortRAM 3200000000   --outFileNamePrefix /scratch/GDB136/new_anno/STAR/alignments/CP851-001U0014_   --outSAMtype BAM   SortedByCoordinate      --outSAMstrandField intronMotif   --alignIntronMax 50000
 - Program 15: 
  - ID: STAR-392BBB44
  - Name: STAR
  - Version: 2.7.11b
  - Command line: /scratch/software-phgv2/miniconda3/envs/barley_annotation/bin/STAR-avx2   --runThreadN 32   --genomeDir /scratch/GDB136/new_anno/STAR   --genomeLoad NoSharedMemory   --readFilesIn /scratch/GDB136/new_anno/data/mRNA-seq/Unknown_CP851-001U0015_1.fasta   /scratch/GDB136/new_anno/data/mRNA-seq/Unknown_CP851-001U0015_2.fasta      --limitBAMsortRAM 3200000000   --outFileNamePrefix /scratch/GDB136/new_anno/STAR/alignments/CP851-001U0015_   --outSAMtype BAM   SortedByCoordinate      --outSAMstrandField intronMotif   --alignIntronMax 50000
 - Program 16: 
  - ID: samtools
  - Name: samtools
  - Version: 1.22.1
  - Command line: samtools merge -@ 32 STAR/alignments/allsamples.bam STAR/alignments/CP851-001U0001_Aligned.sortedByCoord.out.bam STAR/alignments/CP851-001U0002_Aligned.sortedByCoord.out.bam STAR/alignments/CP851-001U0003_Aligned.sortedByCoord.out.bam STAR/alignments/CP851-001U0004_Aligned.sortedByCoord.out.bam STAR/alignments/CP851-001U0005_Aligned.sortedByCoord.out.bam STAR/alignments/CP851-001U0006_Aligned.sortedByCoord.out.bam STAR/alignments/CP851-001U0007_Aligned.sortedByCoord.out.bam STAR/alignments/CP851-001U0008_Aligned.sortedByCoord.out.bam STAR/alignments/CP851-001U0009_Aligned.sortedByCoord.out.bam STAR/alignments/CP851-001U0010_Aligned.sortedByCoord.out.bam STAR/alignments/CP851-001U0011_Aligned.sortedByCoord.out.bam STAR/alignments/CP851-001U0012_Aligned.sortedByCoord.out.bam STAR/alignments/CP851-001U0013_Aligned.sortedByCoord.out.bam STAR/alignments/CP851-001U0014_Aligned.sortedByCoord.out.bam STAR/alignments/CP851-001U0015_Aligned.sortedByCoord.out.bam

Creating 32 threads, each with BAM and genome indicies loaded ... done.
Finding junctions and calculating basic metrics:
 - Queueing 1954 target sequences for processing in the thread pool
 - Processing: 
   - GDB136_chr1H
   - GDB136_chr2H
   - GDB136_chr3H
   - GDB136_chr4H
   - GDB136_chr5H
   - GDB136_chr6H
   - GDB136_chr7H
   - contig_corrected_v1_1261
   - contig_corrected_v1_1711
   - contig_corrected_v1_2782
   - contig_corrected_v1_1193
   - contig_corrected_v1_1203
   - contig_corrected_v1_821
   - contig_corrected_v1_1545
   - contig_corrected_v1_1525
   - contig_corrected_v1_1244
   - contig_corrected_v1_1255
   - contig_corrected_v1_1760
   - contig_corrected_v1_1954
   - contig_corrected_v1_1219
   - contig_corrected_v1_1220
   - contig_corrected_v1_1298
   - contig_corrected_v1_1763
   - contig_corrected_v1_1233
   - contig_corrected_v1_1226
   - contig_corrected_v1_794
   - contig_corrected_v1_926
   - contig_corrected_v1_1801
   - contig_corrected_v1_2528
   - contig_corrected_v1_1081
   - contig_corrected_v1_688
   - contig_corrected_v1_779
   - contig_corrected_v1_609
   - contig_corrected_v1_763
   - contig_corrected_v1_2792
   - contig_corrected_v1_1247
   - contig_corrected_v1_1253
   - contig_corrected_v1_2801
   - contig_corrected_v1_1122
   - contig_corrected_v1_745
   - contig_corrected_v1_210
   - contig_corrected_v1_468
   - contig_corrected_v1_747
   - contig_corrected_v1_959
   - contig_corrected_v1_1134
   - contig_corrected_v1_788
   - contig_corrected_v1_1190
   - contig_corrected_v1_516
   - contig_corrected_v1_1239
   - contig_corrected_v1_979
   - contig_corrected_v1_1208
   - contig_corrected_v1_1116
   - contig_corrected_v1_1086
   - contig_corrected_v1_1296
   - contig_corrected_v1_1127
   - contig_corrected_v1_754
   - contig_corrected_v1_1204
   - contig_corrected_v1_800
   - contig_corrected_v1_1240
   - contig_corrected_v1_1216
   - contig_corrected_v1_304
   - contig_corrected_v1_1083
   - contig_corrected_v1_376
   - contig_corrected_v1_20
   - contig_corrected_v1_690
   - contig_corrected_v1_424
   - contig_corrected_v1_693
   - contig_corrected_v1_1078
   - contig_corrected_v1_811
   - contig_corrected_v1_1295
   - contig_corrected_v1_1363
   - contig_corrected_v1_982
   - contig_corrected_v1_723
   - contig_corrected_v1_826
   - contig_corrected_v1_1138
   - contig_corrected_v1_1202
   - contig_corrected_v1_228
   - contig_corrected_v1_1246
   - contig_corrected_v1_697
   - contig_corrected_v1_1213
   - contig_corrected_v1_623
   - contig_corrected_v1_1709
   - contig_corrected_v1_1110
   - contig_corrected_v1_1224
   - contig_corrected_v1_2795
   - contig_corrected_v1_1994
   - contig_corrected_v1_1207
   - contig_corrected_v1_1225
   - contig_corrected_v1_1092
   - contig_corrected_v1_1642
   - contig_corrected_v1_1758
   - contig_corrected_v1_2142
   - contig_corrected_v1_1074
   - contig_corrected_v1_1192
   - contig_corrected_v1_1135
   - contig_corrected_v1_975
   - contig_corrected_v1_1114
   - contig_corrected_v1_686
   - contig_corrected_v1_617
   - contig_corrected_v1_1137
   - contig_corrected_v1_1057
   - contig_corrected_v1_1064
   - contig_corrected_v1_1088
   - contig_corrected_v1_562
   - contig_corrected_v1_2170
   - contig_corrected_v1_1111
   - contig_corrected_v1_1129
   - contig_corrected_v1_1205
   - contig_corrected_v1_1368
   - contig_corrected_v1_1757
   - contig_corrected_v1_1251
   - contig_corrected_v1_1090
   - contig_corrected_v1_503
   - contig_corrected_v1_1533
   - contig_corrected_v1_1075
   - contig_corrected_v1_977
   - contig_corrected_v1_803
   - contig_corrected_v1_1130
   - contig_corrected_v1_619
   - contig_corrected_v1_1049
   - contig_corrected_v1_1131
   - contig_corrected_v1_1555
   - contig_corrected_v1_1260
   - contig_corrected_v1_1231
   - contig_corrected_v1_1256
   - contig_corrected_v1_1200
   - contig_corrected_v1_1179
   - contig_corrected_v1_684
   - contig_corrected_v1_1124
   - contig_corrected_v1_1067
   - contig_corrected_v1_1214
   - contig_corrected_v1_1235
   - contig_corrected_v1_792
   - contig_corrected_v1_1211
   - contig_corrected_v1_633
   - contig_corrected_v1_1238
   - contig_corrected_v1_1181
   - contig_corrected_v1_1050
   - contig_corrected_v1_1428
   - contig_corrected_v1_1048
   - contig_corrected_v1_2689
   - contig_corrected_v1_2031
   - contig_corrected_v1_1175
   - contig_corrected_v1_1174
   - contig_corrected_v1_1299
   - contig_corrected_v1_379
   - contig_corrected_v1_1404
   - contig_corrected_v1_1028
   - contig_corrected_v1_1415
   - contig_corrected_v1_1637
   - contig_corrected_v1_927
   - contig_corrected_v1_1451
   - contig_corrected_v1_866
   - contig_corrected_v1_1162
   - contig_corrected_v1_1017
   - contig_corrected_v1_860
   - contig_corrected_v1_988
   - contig_corrected_v1_1833
   - contig_corrected_v1_930
   - contig_corrected_v1_1375
   - contig_corrected_v1_2091
   - contig_corrected_v1_1731
   - contig_corrected_v1_1168
   - contig_corrected_v1_841
   - contig_corrected_v1_1419
   - contig_corrected_v1_1594
   - contig_corrected_v1_900
   - contig_corrected_v1_943
   - contig_corrected_v1_905
   - contig_corrected_v1_1161
   - contig_corrected_v1_950
   - contig_corrected_v1_940
   - contig_corrected_v1_931
   - contig_corrected_v1_1603
   - contig_corrected_v1_1768
   - contig_corrected_v1_1039
   - contig_corrected_v1_883
   - contig_corrected_v1_2076
   - contig_corrected_v1_1027
   - contig_corrected_v1_1685
   - contig_corrected_v1_886
   - contig_corrected_v1_1537
   - contig_corrected_v1_987
   - contig_corrected_v1_1576
   - contig_corrected_v1_898
   - contig_corrected_v1_928
   - contig_corrected_v1_1601
   - contig_corrected_v1_1452
   - contig_corrected_v1_903
   - contig_corrected_v1_1395
   - contig_corrected_v1_840
   - contig_corrected_v1_1424
   - contig_corrected_v1_1600
   - contig_corrected_v1_986
   - contig_corrected_v1_1006
   - contig_corrected_v1_1148
   - contig_corrected_v1_947
   - contig_corrected_v1_1737
   - contig_corrected_v1_1461
   - contig_corrected_v1_2072
   - contig_corrected_v1_891
   - contig_corrected_v1_2133
   - contig_corrected_v1_1504
   - contig_corrected_v1_1775
   - contig_corrected_v1_2062
   - contig_corrected_v1_865
   - contig_corrected_v1_1599
   - contig_corrected_v1_892
   - contig_corrected_v1_1782
   - contig_corrected_v1_1692
   - contig_corrected_v1_1402
   - contig_corrected_v1_1573
   - contig_corrected_v1_1414
   - contig_corrected_v1_2597
   - contig_corrected_v1_2097
   - contig_corrected_v1_1799
   - contig_corrected_v1_942
   - contig_corrected_v1_1682
   - contig_corrected_v1_2184
   - contig_corrected_v1_1724
   - contig_corrected_v1_1747
   - contig_corrected_v1_2202
   - contig_corrected_v1_2204
   - contig_corrected_v1_1569
   - contig_corrected_v1_1657
   - contig_corrected_v1_1166
   - contig_corrected_v1_1691
   - contig_corrected_v1_1909
   - contig_corrected_v1_2068
   - contig_corrected_v1_1700
   - contig_corrected_v1_1413
   - contig_corrected_v1_957
   - contig_corrected_v1_1633
   - contig_corrected_v1_1936
   - contig_corrected_v1_1611
   - contig_corrected_v1_1383
   - contig_corrected_v1_936
   - contig_corrected_v1_2224
   - contig_corrected_v1_1016
   - contig_corrected_v1_1574
   - contig_corrected_v1_2124
   - contig_corrected_v1_1035
   - contig_corrected_v1_845
   - contig_corrected_v1_1031
   - contig_corrected_v1_2182
   - contig_corrected_v1_1024
   - contig_corrected_v1_1164
   - contig_corrected_v1_1018
   - contig_corrected_v1_2098
   - contig_corrected_v1_997
   - contig_corrected_v1_1159
   - contig_corrected_v1_1412
   - contig_corrected_v1_955
   - contig_corrected_v1_1568
   - contig_corrected_v1_1827
   - contig_corrected_v1_1442
   - contig_corrected_v1_2450
   - contig_corrected_v1_913
   - contig_corrected_v1_1610
   - contig_corrected_v1_1397
   - contig_corrected_v1_1492
   - contig_corrected_v1_1941
   - contig_corrected_v1_1387
   - contig_corrected_v1_2165
   - contig_corrected_v1_1151
   - contig_corrected_v1_1696
   - contig_corrected_v1_1417
   - contig_corrected_v1_1153
   - contig_corrected_v1_989
   - contig_corrected_v1_1150
   - contig_corrected_v1_1464
   - contig_corrected_v1_1734
   - contig_corrected_v1_1605
   - contig_corrected_v1_895
   - contig_corrected_v1_2145
   - contig_corrected_v1_1529
   - contig_corrected_v1_1596
   - contig_corrected_v1_1030
   - contig_corrected_v1_1620
   - contig_corrected_v1_1796
   - contig_corrected_v1_1658
   - contig_corrected_v1_1041
   - contig_corrected_v1_1147
   - contig_corrected_v1_1396
   - contig_corrected_v1_1575
   - contig_corrected_v1_1688
   - contig_corrected_v1_2289
   - contig_corrected_v1_909
   - contig_corrected_v1_2470
   - contig_corrected_v1_1604
   - contig_corrected_v1_983
   - contig_corrected_v1_1690
   - contig_corrected_v1_1571
   - contig_corrected_v1_2048
   - contig_corrected_v1_1598
   - contig_corrected_v1_1695
   - contig_corrected_v1_1144
   - contig_corrected_v1_1386
   - contig_corrected_v1_1817
   - contig_corrected_v1_1585
   - contig_corrected_v1_1384
   - contig_corrected_v1_1425
   - contig_corrected_v1_1374
   - contig_corrected_v1_1703
   - contig_corrected_v1_1416
   - contig_corrected_v1_1011
   - contig_corrected_v1_1291
   - contig_corrected_v1_1523
   - contig_corrected_v1_2616
   - contig_corrected_v1_1509
   - contig_corrected_v1_2384
   - contig_corrected_v1_1631
   - contig_corrected_v1_922
   - contig_corrected_v1_1517
   - contig_corrected_v1_1745
   - contig_corrected_v1_906
   - contig_corrected_v1_2624
   - contig_corrected_v1_1392
   - contig_corrected_v1_1591
   - contig_corrected_v1_2386
   - contig_corrected_v1_1582
   - contig_corrected_v1_1026
   - contig_corrected_v1_2564
   - contig_corrected_v1_1160
   - contig_corrected_v1_1514
   - contig_corrected_v1_1862
   - contig_corrected_v1_1169
   - contig_corrected_v1_1448
   - contig_corrected_v1_2385
   - contig_corrected_v1_1014
   - contig_corrected_v1_1813
   - contig_corrected_v1_1602
   - contig_corrected_v1_1538
   - contig_corrected_v1_1943
   - contig_corrected_v1_1382
   - contig_corrected_v1_1985
   - contig_corrected_v1_1004
   - contig_corrected_v1_2623
   - contig_corrected_v1_1453
   - contig_corrected_v1_2522
   - contig_corrected_v1_1157
   - contig_corrected_v1_1744
   - contig_corrected_v1_1750
   - contig_corrected_v1_1592
   - contig_corrected_v1_1794
   - contig_corrected_v1_1810
   - contig_corrected_v1_1389
   - contig_corrected_v1_1170
   - contig_corrected_v1_1938
   - contig_corrected_v1_1373
   - contig_corrected_v1_2396
   - contig_corrected_v1_1779
   - contig_corrected_v1_1607
   - contig_corrected_v1_1778
   - contig_corrected_v1_2296
   - contig_corrected_v1_2557
   - contig_corrected_v1_2406
   - contig_corrected_v1_1935
   - contig_corrected_v1_1595
   - contig_corrected_v1_2605
   - contig_corrected_v1_1784
   - contig_corrected_v1_1145
   - contig_corrected_v1_1797
   - contig_corrected_v1_2305
   - contig_corrected_v1_2607
   - contig_corrected_v1_2193
   - contig_corrected_v1_1790
   - contig_corrected_v1_1381
   - contig_corrected_v1_1659
   - contig_corrected_v1_1803
   - contig_corrected_v1_1809
   - contig_corrected_v1_1171
   - contig_corrected_v1_2187
   - contig_corrected_v1_1390
   - contig_corrected_v1_2694
   - contig_corrected_v1_1806
   - contig_corrected_v1_2397
   - contig_corrected_v1_2538
   - contig_corrected_v1_1702
   - contig_corrected_v1_2383
   - contig_corrected_v1_2536
   - contig_corrected_v1_2185
   - contig_corrected_v1_2767
   - contig_corrected_v1_1683
   - contig_corrected_v1_1426
   - contig_corrected_v1_1557
   - contig_corrected_v1_1689
   - contig_corrected_v1_1749
   - contig_corrected_v1_2598
   - contig_corrected_v1_2402
   - contig_corrected_v1_2745
   - contig_corrected_v1_1786
   - contig_corrected_v1_1701
   - contig_corrected_v1_1694
   - contig_corrected_v1_1393
   - contig_corrected_v1_1680
   - contig_corrected_v1_1765
   - contig_corrected_v1_1380
   - contig_corrected_v1_2546
   - contig_corrected_v1_2372
   - contig_corrected_v1_1584
   - contig_corrected_v1_1748
   - contig_corrected_v1_2405
   - contig_corrected_v1_1780
   - contig_corrected_v1_2547
   - contig_corrected_v1_1609
   - contig_corrected_v1_1990
   - contig_corrected_v1_2532
   - contig_corrected_v1_1377
   - contig_corrected_v1_2778
   - contig_corrected_v1_2670
   - contig_corrected_v1_1378
   - contig_corrected_v1_1773
   - contig_corrected_v1_1929
   - contig_corrected_v1_1405
   - contig_corrected_v1_1391
   - contig_corrected_v1_1746
   - contig_corrected_v1_2313
   - contig_corrected_v1_1783
   - contig_corrected_v1_1420
   - contig_corrected_v1_2672
   - contig_corrected_v1_2606
   - contig_corrected_v1_2561
   - contig_corrected_v1_2448
   - contig_corrected_v1_2558
   - contig_corrected_v1_1766
   - contig_corrected_v1_1385
   - contig_corrected_v1_2692
   - contig_corrected_v1_1764
   - contig_corrected_v1_2126
   - contig_corrected_v1_2690
   - contig_corrected_v1_2639
   - contig_corrected_v1_2540
   - contig_corrected_v1_1593
   - contig_corrected_v1_1988
   - contig_corrected_v1_1388
   - contig_corrected_v1_2556
   - contig_corrected_v1_2622
   - contig_corrected_v1_1606
   - contig_corrected_v1_1704
   - contig_corrected_v1_2398
   - contig_corrected_v1_1736
   - contig_corrected_v1_1398
   - contig_corrected_v1_1798
   - contig_corrected_v1_1406
   - contig_corrected_v1_1791
   - contig_corrected_v1_2746
   - contig_corrected_v1_2542
   - contig_corrected_v1_1422
   - contig_corrected_v1_1655
   - contig_corrected_v1_1154
   - contig_corrected_v1_2548
   - contig_corrected_v1_1800
   - contig_corrected_v1_1036
   - contig_corrected_v1_2534
   - contig_corrected_v1_1558
   - contig_corrected_v1_1697
   - contig_corrected_v1_2192
   - contig_corrected_v1_2533
   - contig_corrected_v1_1588
   - contig_corrected_v1_2186
   - contig_corrected_v1_2183
   - contig_corrected_v1_1699
   - contig_corrected_v1_1403
   - contig_corrected_v1_2403
   - contig_corrected_v1_1421
   - contig_corrected_v1_1684
   - contig_corrected_v1_2447
   - contig_corrected_v1_2188
   - contig_corrected_v1_1788
   - contig_corrected_v1_2691
   - contig_corrected_v1_1394
   - contig_corrected_v1_1401
   - contig_corrected_v1_1587
   - contig_corrected_v1_1399
   - contig_corrected_v1_2711
   - contig_corrected_v1_2695
   - contig_corrected_v1_2149
   - contig_corrected_v1_1427
   - contig_corrected_v1_1608
   - contig_corrected_v1_2555
   - contig_corrected_v1_2751
   - contig_corrected_v1_2608
   - contig_corrected_v1_1769
   - contig_corrected_v1_2549
   - contig_corrected_v1_2541
   - contig_corrected_v1_2408
   - contig_corrected_v1_2626
   - contig_corrected_v1_2693
   - contig_corrected_v1_2539
   - contig_corrected_v1_1400
   - contig_corrected_v1_1751
   - contig_corrected_v1_2640
   - contig_corrected_v1_1656
   - contig_corrected_v1_1586
   - contig_corrected_v1_1772
   - contig_corrected_v1_2560
   - contig_corrected_v1_2312
   - contig_corrected_v1_2747
   - contig_corrected_v1_1589
   - contig_corrected_v1_2738
   - contig_corrected_v1_1770
   - contig_corrected_v1_2604
   - contig_corrected_v1_1774
   - contig_corrected_v1_1379
   - contig_corrected_v1_2685
   - contig_corrected_v1_2400
   - contig_corrected_v1_1767
   - contig_corrected_v1_1376
   - contig_corrected_v1_2696
   - contig_corrected_v1_2401
   - contig_corrected_v1_2763
   - contig_corrected_v1_1789
   - contig_corrected_v1_2686
   - contig_corrected_v1_2671
   - contig_corrected_v1_1787
   - contig_corrected_v1_1438
   - contig_corrected_v1_2637
   - contig_corrected_v1_1407
   - contig_corrected_v1_1612
   - contig_corrected_v1_1820
   - contig_corrected_v1_722
   - contig_corrected_v1_663
   - contig_corrected_v1_1434
   - contig_corrected_v1_666
   - contig_corrected_v1_716
   - contig_corrected_v1_755
   - contig_corrected_v1_667
   - contig_corrected_v1_1254
   - contig_corrected_v1_1707
   - contig_corrected_v1_1364
   - contig_corrected_v1_1198
   - contig_corrected_v1_810
   - contig_corrected_v1_1112
   - contig_corrected_v1_1271
   - contig_corrected_v1_1272
   - contig_corrected_v1_1267
   - contig_corrected_v1_599
   - contig_corrected_v1_1554
   - contig_corrected_v1_700
   - contig_corrected_v1_1560
   - contig_corrected_v1_1564
   - contig_corrected_v1_1194
   - contig_corrected_v1_1365
   - contig_corrected_v1_1191
   - contig_corrected_v1_1480
   - contig_corrected_v1_1481
   - contig_corrected_v1_2603
   - contig_corrected_v1_2784
   - contig_corrected_v1_1300
   - contig_corrected_v1_1097
   - contig_corrected_v1_1091
   - contig_corrected_v1_1212
   - contig_corrected_v1_1301
   - contig_corrected_v1_584
   - contig_corrected_v1_1082
   - contig_corrected_v1_403
   - contig_corrected_v1_1305
   - contig_corrected_v1_653
   - contig_corrected_v1_596
   - contig_corrected_v1_742
   - contig_corrected_v1_613
   - contig_corrected_v1_1215
   - contig_corrected_v1_1100
   - contig_corrected_v1_408
   - contig_corrected_v1_1223
   - contig_corrected_v1_1312
   - contig_corrected_v1_1098
   - contig_corrected_v1_1333
   - contig_corrected_v1_1096
   - contig_corrected_v1_476
   - contig_corrected_v1_1143
   - contig_corrected_v1_1342
   - contig_corrected_v1_1242
   - contig_corrected_v1_1133
   - contig_corrected_v1_1319
   - contig_corrected_v1_1323
   - contig_corrected_v1_1561
   - contig_corrected_v1_1311
   - contig_corrected_v1_1316
   - contig_corrected_v1_984
   - contig_corrected_v1_1336
   - contig_corrected_v1_1477
   - contig_corrected_v1_1580
   - contig_corrected_v1_1666
   - contig_corrected_v1_1437
   - contig_corrected_v1_1218
   - contig_corrected_v1_1980
   - contig_corrected_v1_863
   - contig_corrected_v1_1109
   - contig_corrected_v1_692
   - contig_corrected_v1_1343
   - contig_corrected_v1_1330
   - contig_corrected_v1_1528
   - contig_corrected_v1_1963
   - contig_corrected_v1_1669
   - contig_corrected_v1_1182
   - contig_corrected_v1_1108
   - contig_corrected_v1_1309
   - contig_corrected_v1_1321
   - contig_corrected_v1_1310
   - contig_corrected_v1_1243
   - contig_corrected_v1_2783
   - contig_corrected_v1_1318
   - contig_corrected_v1_1353
   - contig_corrected_v1_1201
   - contig_corrected_v1_1565
   - contig_corrected_v1_1544
   - contig_corrected_v1_1327
   - contig_corrected_v1_768
   - contig_corrected_v1_1541
   - contig_corrected_v1_910
   - contig_corrected_v1_1306
   - contig_corrected_v1_1184
   - contig_corrected_v1_1340
   - contig_corrected_v1_1270
   - contig_corrected_v1_1347
   - contig_corrected_v1_1087
   - contig_corrected_v1_1344
   - contig_corrected_v1_1265
   - contig_corrected_v1_1693
   - contig_corrected_v1_1577
   - contig_corrected_v1_1356
   - contig_corrected_v1_1338
   - contig_corrected_v1_1411
   - contig_corrected_v1_1002
   - contig_corrected_v1_859
   - contig_corrected_v1_952
   - contig_corrected_v1_1113
   - contig_corrected_v1_1660
   - contig_corrected_v1_1821
   - contig_corrected_v1_1183
   - contig_corrected_v1_2079
   - contig_corrected_v1_1102
   - contig_corrected_v1_1329
   - contig_corrected_v1_1527
   - contig_corrected_v1_1325
   - contig_corrected_v1_1983
   - contig_corrected_v1_1361
   - contig_corrected_v1_1556
   - contig_corrected_v1_1302
   - contig_corrected_v1_2246
   - contig_corrected_v1_1227
   - contig_corrected_v1_1228
   - contig_corrected_v1_1187
   - contig_corrected_v1_881
   - contig_corrected_v1_1722
   - contig_corrected_v1_1334
   - contig_corrected_v1_2355
   - contig_corrected_v1_1705
   - contig_corrected_v1_1888
   - contig_corrected_v1_1968
   - contig_corrected_v1_1636
   - contig_corrected_v1_1015
   - contig_corrected_v1_1324
   - contig_corrected_v1_2392
   - contig_corrected_v1_1501
   - contig_corrected_v1_1237
   - contig_corrected_v1_1221
   - contig_corrected_v1_1823
   - contig_corrected_v1_1313
   - contig_corrected_v1_1335
   - contig_corrected_v1_1230
   - contig_corrected_v1_1924
   - contig_corrected_v1_1572
   - contig_corrected_v1_1025
   - contig_corrected_v1_861
   - contig_corrected_v1_1277
   - contig_corrected_v1_1258
   - contig_corrected_v1_2148
   - contig_corrected_v1_877
   - contig_corrected_v1_1304
   - contig_corrected_v1_1919
   - contig_corrected_v1_1436
   - contig_corrected_v1_889
   - contig_corrected_v1_921
   - contig_corrected_v1_1843
   - contig_corrected_v1_1972
   - contig_corrected_v1_1345
   - contig_corrected_v1_966
   - contig_corrected_v1_1915
   - contig_corrected_v1_915
   - contig_corrected_v1_1259
   - contig_corrected_v1_1969
   - contig_corrected_v1_1355
   - contig_corrected_v1_1360
   - contig_corrected_v1_1337
   - contig_corrected_v1_1328
   - contig_corrected_v1_884
   - contig_corrected_v1_934
   - contig_corrected_v1_856
   - contig_corrected_v1_1653
   - contig_corrected_v1_1542
   - contig_corrected_v1_2636
   - contig_corrected_v1_1742
   - contig_corrected_v1_2300
   - contig_corrected_v1_1641
   - contig_corrected_v1_1510
   - contig_corrected_v1_1217
   - contig_corrected_v1_1499
   - contig_corrected_v1_1899
   - contig_corrected_v1_1723
   - contig_corrected_v1_2730
   - contig_corrected_v1_1970
   - contig_corrected_v1_2007
   - contig_corrected_v1_873
   - contig_corrected_v1_1357
   - contig_corrected_v1_1984
   - contig_corrected_v1_1479
   - contig_corrected_v1_831
   - contig_corrected_v1_1762
   - contig_corrected_v1_2137
   - contig_corrected_v1_1732
   - contig_corrected_v1_1013
   - contig_corrected_v1_1269
   - contig_corrected_v1_1491
   - contig_corrected_v1_832
   - contig_corrected_v1_1029
   - contig_corrected_v1_1852
   - contig_corrected_v1_2513
   - contig_corrected_v1_1566
   - contig_corrected_v1_2208
   - contig_corrected_v1_1868
   - contig_corrected_v1_1176
   - contig_corrected_v1_1350
   - contig_corrected_v1_1367
   - contig_corrected_v1_1719
   - contig_corrected_v1_914
   - contig_corrected_v1_880
   - contig_corrected_v1_1993
   - contig_corrected_v1_933
   - contig_corrected_v1_1502
   - contig_corrected_v1_1278
   - contig_corrected_v1_916
   - contig_corrected_v1_1652
   - contig_corrected_v1_1978
   - contig_corrected_v1_1456
   - contig_corrected_v1_1863
   - contig_corrected_v1_1930
   - contig_corrected_v1_2713
   - contig_corrected_v1_1066
   - contig_corrected_v1_1536
   - contig_corrected_v1_1000
   - contig_corrected_v1_2553
   - contig_corrected_v1_1037
   - contig_corrected_v1_1500
   - contig_corrected_v1_834
   - contig_corrected_v1_958
   - contig_corrected_v1_1288
   - contig_corrected_v1_1540
   - contig_corrected_v1_2551
   - contig_corrected_v1_1094
   - contig_corrected_v1_1105
   - contig_corrected_v1_1515
   - contig_corrected_v1_1423
   - contig_corrected_v1_2280
   - contig_corrected_v1_1664
   - contig_corrected_v1_2431
   - contig_corrected_v1_1470
   - contig_corrected_v1_2487
   - contig_corrected_v1_1496
   - contig_corrected_v1_1948
   - contig_corrected_v1_2324
   - contig_corrected_v1_2168
   - contig_corrected_v1_1996
   - contig_corrected_v1_2242
   - contig_corrected_v1_1462
   - contig_corrected_v1_833
   - contig_corrected_v1_1349
   - contig_corrected_v1_1728
   - contig_corrected_v1_1733
   - contig_corrected_v1_864
   - contig_corrected_v1_2113
   - contig_corrected_v1_1354
   - contig_corrected_v1_2565
   - contig_corrected_v1_1916
   - contig_corrected_v1_1248
   - contig_corrected_v1_1117
   - contig_corrected_v1_2040
   - contig_corrected_v1_2027
   - contig_corrected_v1_953
   - contig_corrected_v1_1911
   - contig_corrected_v1_1743
   - contig_corrected_v1_1362
   - contig_corrected_v1_2342
   - contig_corrected_v1_1307
   - contig_corrected_v1_2304
   - contig_corrected_v1_1447
   - contig_corrected_v1_1847
   - contig_corrected_v1_1449
   - contig_corrected_v1_945
   - contig_corrected_v1_1865
   - contig_corrected_v1_1352
   - contig_corrected_v1_2014
   - contig_corrected_v1_2105
   - contig_corrected_v1_1055
   - contig_corrected_v1_858
   - contig_corrected_v1_1583
   - contig_corrected_v1_879
   - contig_corrected_v1_1617
   - contig_corrected_v1_875
   - contig_corrected_v1_2316
   - contig_corrected_v1_1252
   - contig_corrected_v1_1257
   - contig_corrected_v1_2141
   - contig_corrected_v1_1905
   - contig_corrected_v1_2001
   - contig_corrected_v1_2181
   - contig_corrected_v1_846
   - contig_corrected_v1_1552
   - contig_corrected_v1_2287
   - contig_corrected_v1_888
   - contig_corrected_v1_1939
   - contig_corrected_v1_673
   - contig_corrected_v1_1408
   - contig_corrected_v1_2032
   - contig_corrected_v1_2422
   - contig_corrected_v1_1849
   - contig_corrected_v1_1897
   - contig_corrected_v1_2253
   - contig_corrected_v1_1559
   - contig_corrected_v1_1266
   - contig_corrected_v1_2349
   - contig_corrected_v1_1167
   - contig_corrected_v1_1872
   - contig_corrected_v1_2391
   - contig_corrected_v1_1209
   - contig_corrected_v1_1285
   - contig_corrected_v1_1735
   - contig_corrected_v1_1672
   - contig_corrected_v1_2241
   - contig_corrected_v1_2175
   - contig_corrected_v1_1914
   - contig_corrected_v1_2240
   - contig_corrected_v1_1807
   - contig_corrected_v1_1410
   - contig_corrected_v1_847
   - contig_corrected_v1_2016
   - contig_corrected_v1_850
   - contig_corrected_v1_1005
   - contig_corrected_v1_2015
   - contig_corrected_v1_2290
   - contig_corrected_v1_1875
   - contig_corrected_v1_1965
   - contig_corrected_v1_1967
   - contig_corrected_v1_902
   - contig_corrected_v1_1959
   - contig_corrected_v1_874
   - contig_corrected_v1_1979
   - contig_corrected_v1_1829
   - contig_corrected_v1_1264
   - contig_corrected_v1_1465
   - contig_corrected_v1_1966
   - contig_corrected_v1_1550
   - contig_corrected_v1_2135
   - contig_corrected_v1_2415
   - contig_corrected_v1_1982
   - contig_corrected_v1_848
   - contig_corrected_v1_1906
   - contig_corrected_v1_1836
   - contig_corrected_v1_1644
   - contig_corrected_v1_1910
   - contig_corrected_v1_1474
   - contig_corrected_v1_830
   - contig_corrected_v1_1844
   - contig_corrected_v1_1730
   - contig_corrected_v1_1476
   - contig_corrected_v1_890
   - contig_corrected_v1_1671
   - contig_corrected_v1_2572
   - contig_corrected_v1_2245
   - contig_corrected_v1_1781
   - contig_corrected_v1_2356
   - contig_corrected_v1_2167
   - contig_corrected_v1_1846
   - contig_corrected_v1_1553
   - contig_corrected_v1_2455
   - contig_corrected_v1_1433
   - contig_corrected_v1_2063
   - contig_corrected_v1_2112
   - contig_corrected_v1_2614
   - contig_corrected_v1_1678
   - contig_corrected_v1_1756
   - contig_corrected_v1_2571
   - contig_corrected_v1_1892
   - contig_corrected_v1_1673
   - contig_corrected_v1_1904
   - contig_corrected_v1_1855
   - contig_corrected_v1_2140
   - contig_corrected_v1_2599
   - contig_corrected_v1_2412
   - contig_corrected_v1_1458
   - contig_corrected_v1_1275
   - contig_corrected_v1_2411
   - contig_corrected_v1_2161
   - contig_corrected_v1_2008
   - contig_corrected_v1_2594
   - contig_corrected_v1_2190
   - contig_corrected_v1_1891
   - contig_corrected_v1_2259
   - contig_corrected_v1_1952
   - contig_corrected_v1_2269
   - contig_corrected_v1_1322
   - contig_corrected_v1_2320
   - contig_corrected_v1_2667
   - contig_corrected_v1_1851
   - contig_corrected_v1_2053
   - contig_corrected_v1_2419
   - contig_corrected_v1_971
   - contig_corrected_v1_1945
   - contig_corrected_v1_1876
   - contig_corrected_v1_1315
   - contig_corrected_v1_2322
   - contig_corrected_v1_941
   - contig_corrected_v1_2180
   - contig_corrected_v1_1446
   - contig_corrected_v1_1958
   - contig_corrected_v1_1286
   - contig_corrected_v1_2109
   - contig_corrected_v1_2084
   - contig_corrected_v1_2136
   - contig_corrected_v1_1551
   - contig_corrected_v1_1444
   - contig_corrected_v1_2055
   - contig_corrected_v1_946
   - contig_corrected_v1_1189
   - contig_corrected_v1_2236
   - contig_corrected_v1_2620
   - contig_corrected_v1_1455
   - contig_corrected_v1_2205
   - contig_corrected_v1_917
   - contig_corrected_v1_2033
   - contig_corrected_v1_2410
   - contig_corrected_v1_1841
   - contig_corrected_v1_1907
   - contig_corrected_v1_1973
   - contig_corrected_v1_2225
   - contig_corrected_v1_925
   - contig_corrected_v1_1023
   - contig_corrected_v1_1590
   - contig_corrected_v1_1940
   - contig_corrected_v1_1034
   - contig_corrected_v1_932
   - contig_corrected_v1_1332
   - contig_corrected_v1_1172
   - contig_corrected_v1_2021
   - contig_corrected_v1_1165
   - contig_corrected_v1_2467
   - contig_corrected_v1_2191
   - contig_corrected_v1_2758
   - contig_corrected_v1_1706
   - contig_corrected_v1_2189
   - contig_corrected_v1_2223
   - contig_corrected_v1_1282
   - contig_corrected_v1_1359
   - contig_corrected_v1_2278
   - contig_corrected_v1_1232
   - contig_corrected_v1_1825
   - contig_corrected_v1_2252
   - contig_corrected_v1_1864
   - contig_corrected_v1_2377
   - contig_corrected_v1_2036
   - contig_corrected_v1_2119
   - contig_corrected_v1_2243
   - contig_corrected_v1_2265
   - contig_corrected_v1_2045
   - contig_corrected_v1_2155
   - contig_corrected_v1_1830
   - contig_corrected_v1_2600
   - contig_corrected_v1_1279
   - contig_corrected_v1_2114
   - contig_corrected_v1_985
   - contig_corrected_v1_1142
   - contig_corrected_v1_1369
   - contig_corrected_v1_2309
   - contig_corrected_v1_2543
   - contig_corrected_v1_2370
   - contig_corrected_v1_1708
   - contig_corrected_v1_1944
   - contig_corrected_v1_1976
   - contig_corrected_v1_1630
   - contig_corrected_v1_1931
   - contig_corrected_v1_1998
   - contig_corrected_v1_1896
   - contig_corrected_v1_2157
   - contig_corrected_v1_1923
   - contig_corrected_v1_1107
   - contig_corrected_v1_1716
   - contig_corrected_v1_852
   - contig_corrected_v1_919
   - contig_corrected_v1_2343
   - contig_corrected_v1_2390
   - contig_corrected_v1_2172
   - contig_corrected_v1_1003
   - contig_corrected_v1_1486
   - contig_corrected_v1_1297
   - contig_corrected_v1_2152
   - contig_corrected_v1_2310
   - contig_corrected_v1_1019
   - contig_corrected_v1_1283
   - contig_corrected_v1_1771
   - contig_corrected_v1_2273
   - contig_corrected_v1_2350
   - contig_corrected_v1_1717
   - contig_corrected_v1_1635
   - contig_corrected_v1_1578
   - contig_corrected_v1_1532
   - contig_corrected_v1_870
   - contig_corrected_v1_1371
   - contig_corrected_v1_1042
   - contig_corrected_v1_2442
   - contig_corrected_v1_835
   - contig_corrected_v1_1649
   - contig_corrected_v1_2732
   - contig_corrected_v1_2684
   - contig_corrected_v1_2347
   - contig_corrected_v1_2029
   - contig_corrected_v1_2633
   - contig_corrected_v1_2279
   - contig_corrected_v1_2439
   - contig_corrected_v1_855
   - contig_corrected_v1_1949
   - contig_corrected_v1_1714
   - contig_corrected_v1_2755
   - contig_corrected_v1_2206
   - contig_corrected_v1_908
   - contig_corrected_v1_2465
   - contig_corrected_v1_2358
   - contig_corrected_v1_2404
   - contig_corrected_v1_1292
   - contig_corrected_v1_882
   - contig_corrected_v1_2025
   - contig_corrected_v1_1640
   - contig_corrected_v1_1715
   - contig_corrected_v1_2085
   - contig_corrected_v1_1445
   - contig_corrected_v1_2748
   - contig_corrected_v1_1805
   - contig_corrected_v1_2630
   - contig_corrected_v1_2373
   - contig_corrected_v1_1643
   - contig_corrected_v1_1440
   - contig_corrected_v1_871
   - contig_corrected_v1_2734
   - contig_corrected_v1_2234
   - contig_corrected_v1_1158
   - contig_corrected_v1_2725
   - contig_corrected_v1_2163
   - contig_corrected_v1_1468
   - contig_corrected_v1_2662
   - contig_corrected_v1_1928
   - contig_corrected_v1_1894
   - contig_corrected_v1_2497
   - contig_corrected_v1_996
   - contig_corrected_v1_1850
   - contig_corrected_v1_2314
   - contig_corrected_v1_1494
   - contig_corrected_v1_1729
   - contig_corrected_v1_1753
   - contig_corrected_v1_994
   - contig_corrected_v1_2215
   - contig_corrected_v1_2178
   - contig_corrected_v1_2222
   - contig_corrected_v1_1912
   - contig_corrected_v1_2268
   - contig_corrected_v1_2469
   - contig_corrected_v1_1454
   - contig_corrected_v1_2700
   - contig_corrected_v1_1879
   - contig_corrected_v1_2452
   - contig_corrected_v1_2049
   - contig_corrected_v1_2642
   - contig_corrected_v1_2750
   - contig_corrected_v1_1622
   - contig_corrected_v1_1495
   - contig_corrected_v1_2345
   - contig_corrected_v1_2212
   - contig_corrected_v1_991
   - contig_corrected_v1_2463
   - contig_corrected_v1_2284
   - contig_corrected_v1_2130
   - contig_corrected_v1_1120
   - contig_corrected_v1_2064
   - contig_corrected_v1_1156
   - contig_corrected_v1_2156
   - contig_corrected_v1_853
   - contig_corrected_v1_2092
   - contig_corrected_v1_2511
   - contig_corrected_v1_1634
   - contig_corrected_v1_2082
   - contig_corrected_v1_2074
   - contig_corrected_v1_1815
   - contig_corrected_v1_1867
   - contig_corrected_v1_857
   - contig_corrected_v1_1471
   - contig_corrected_v1_1710
   - contig_corrected_v1_1524
   - contig_corrected_v1_2018
   - contig_corrected_v1_1957
   - contig_corrected_v1_1804
   - contig_corrected_v1_2443
   - contig_corrected_v1_1141
   - contig_corrected_v1_1861
   - contig_corrected_v1_1856
   - contig_corrected_v1_2516
   - contig_corrected_v1_1946
   - contig_corrected_v1_2371
   - contig_corrected_v1_2496
   - contig_corrected_v1_1460
   - contig_corrected_v1_2177
   - contig_corrected_v1_1889
   - contig_corrected_v1_1483
   - contig_corrected_v1_2115
   - contig_corrected_v1_1811
   - contig_corrected_v1_2568
   - contig_corrected_v1_2327
   - contig_corrected_v1_2682
   - contig_corrected_v1_2197
   - contig_corrected_v1_1971
   - contig_corrected_v1_2641
   - contig_corrected_v1_2331
   - contig_corrected_v1_2158
   - contig_corrected_v1_2705
   - contig_corrected_v1_2201
   - contig_corrected_v1_2376
   - contig_corrected_v1_2576
   - contig_corrected_v1_1287
   - contig_corrected_v1_1721
   - contig_corrected_v1_2174
   - contig_corrected_v1_2646
   - contig_corrected_v1_872
   - contig_corrected_v1_1320
   - contig_corrected_v1_1146
   - contig_corrected_v1_2078
   - contig_corrected_v1_1409
   - contig_corrected_v1_1826
   - contig_corrected_v1_2777
   - contig_corrected_v1_2173
   - contig_corrected_v1_2615
   - contig_corrected_v1_1639
   - contig_corrected_v1_1947
   - contig_corrected_v1_2535
   - contig_corrected_v1_2611
   - contig_corrected_v1_1898
   - contig_corrected_v1_1670
   - contig_corrected_v1_2364
   - contig_corrected_v1_1432
   - contig_corrected_v1_2655
   - contig_corrected_v1_2176
   - contig_corrected_v1_1913
   - contig_corrected_v1_1860
   - contig_corrected_v1_2041
   - contig_corrected_v1_1503
   - contig_corrected_v1_1155
   - contig_corrected_v1_1845
   - contig_corrected_v1_1290
   - contig_corrected_v1_2680
   - contig_corrected_v1_1725
   - contig_corrected_v1_1720
   - contig_corrected_v1_2094
   - contig_corrected_v1_2716
   - contig_corrected_v1_1236
   - contig_corrected_v1_1478
   - contig_corrected_v1_2526
   - contig_corrected_v1_2255
   - contig_corrected_v1_1548
   - contig_corrected_v1_1276
   - contig_corrected_v1_2668
   - contig_corrected_v1_901
   - contig_corrected_v1_2660
   - contig_corrected_v1_929
   - contig_corrected_v1_1614
   - contig_corrected_v1_2153
   - contig_corrected_v1_1662
   - contig_corrected_v1_2247
   - contig_corrected_v1_2676
   - contig_corrected_v1_924
   - contig_corrected_v1_2395
   - contig_corrected_v1_2317
   - contig_corrected_v1_2122
   - contig_corrected_v1_2143
   - contig_corrected_v1_2527
   - contig_corrected_v1_1647
   - contig_corrected_v1_2335
   - contig_corrected_v1_2264
   - contig_corrected_v1_2621
   - contig_corrected_v1_2237
   - contig_corrected_v1_2554
   - contig_corrected_v1_1848
   - contig_corrected_v1_1567
   - contig_corrected_v1_1819
   - contig_corrected_v1_2590
   - contig_corrected_v1_1629
   - contig_corrected_v1_2677
   - contig_corrected_v1_2437
   - contig_corrected_v1_849
   - contig_corrected_v1_2744
   - contig_corrected_v1_2473
   - contig_corrected_v1_2081
   - contig_corrected_v1_2292
   - contig_corrected_v1_2425
   - contig_corrected_v1_937
   - contig_corrected_v1_954
   - contig_corrected_v1_2254
   - contig_corrected_v1_2361
   - contig_corrected_v1_1351
   - contig_corrected_v1_2299
   - contig_corrected_v1_1681
   - contig_corrected_v1_1273
   - contig_corrected_v1_1961
   - contig_corrected_v1_2266
   - contig_corrected_v1_2586
   - contig_corrected_v1_1516
   - contig_corrected_v1_2012
   - contig_corrected_v1_2227
   - contig_corrected_v1_1618
   - contig_corrected_v1_1962
   - contig_corrected_v1_2359
   - contig_corrected_v1_1975
   - contig_corrected_v1_2619
   - contig_corrected_v1_1341
   - contig_corrected_v1_1824
   - contig_corrected_v1_1887
   - contig_corrected_v1_1885
   - contig_corrected_v1_2592
   - contig_corrected_v1_2656
   - contig_corrected_v1_2679
   - contig_corrected_v1_1507
   - contig_corrected_v1_2775
   - contig_corrected_v1_2101
   - contig_corrected_v1_1294
   - contig_corrected_v1_1475
   - contig_corrected_v1_1870
   - contig_corrected_v1_2102
   - contig_corrected_v1_1339
   - contig_corrected_v1_2673
   - contig_corrected_v1_2420
   - contig_corrected_v1_2770
   - contig_corrected_v1_2069
   - contig_corrected_v1_1418
   - contig_corrected_v1_2722
   - contig_corrected_v1_2336
   - contig_corrected_v1_2432
   - contig_corrected_v1_2288
   - contig_corrected_v1_2506
   - contig_corrected_v1_1450
   - contig_corrected_v1_2220
   - contig_corrected_v1_2523
   - contig_corrected_v1_2374
   - contig_corrected_v1_1654
   - contig_corrected_v1_1022
   - contig_corrected_v1_2075
   - contig_corrected_v1_1546
   - contig_corrected_v1_2261
   - contig_corrected_v1_1615
   - contig_corrected_v1_2095
   - contig_corrected_v1_2764
   - contig_corrected_v1_1878
   - contig_corrected_v1_1346
   - contig_corrected_v1_1871
   - contig_corrected_v1_1001
   - contig_corrected_v1_2609
   - contig_corrected_v1_1853
   - contig_corrected_v1_1953
   - contig_corrected_v1_1632
   - contig_corrected_v1_2211
   - contig_corrected_v1_1519
   - contig_corrected_v1_1884
   - contig_corrected_v1_2346
   - contig_corrected_v1_1186
   - contig_corrected_v1_2435
   - contig_corrected_v1_2096
   - contig_corrected_v1_2219
   - contig_corrected_v1_2697
   - contig_corrected_v1_2440
   - contig_corrected_v1_1521
   - contig_corrected_v1_1792
   - contig_corrected_v1_1776
   - contig_corrected_v1_2030
   - contig_corrected_v1_2733
   - contig_corrected_v1_2612
   - contig_corrected_v1_2651
   - contig_corrected_v1_1522
   - contig_corrected_v1_1457
   - contig_corrected_v1_1754
   - contig_corrected_v1_1834
   - contig_corrected_v1_1933
   - contig_corrected_v1_2779
   - contig_corrected_v1_2235
   - contig_corrected_v1_1991
   - contig_corrected_v1_2449
   - contig_corrected_v1_2047
   - contig_corrected_v1_1651
   - contig_corrected_v1_2057
   - contig_corrected_v1_2366
   - contig_corrected_v1_2545
   - contig_corrected_v1_1679
   - contig_corrected_v1_1149
   - contig_corrected_v1_844
   - contig_corrected_v1_2519
   - contig_corrected_v1_1727
   - contig_corrected_v1_2061
   - contig_corrected_v1_2438
   - contig_corrected_v1_2625
   - contig_corrected_v1_2488
   - contig_corrected_v1_2285
   - contig_corrected_v1_1964
   - contig_corrected_v1_1539
   - contig_corrected_v1_2131
   - contig_corrected_v1_2436
   - contig_corrected_v1_1880
   - contig_corrected_v1_2138
   - contig_corrected_v1_2632
   - contig_corrected_v1_2263
   - contig_corrected_v1_1032
   - contig_corrected_v1_2354
   - contig_corrected_v1_2042
   - contig_corrected_v1_2169
   - contig_corrected_v1_2291
   - contig_corrected_v1_838
   - contig_corrected_v1_2429
   - contig_corrected_v1_1901
   - contig_corrected_v1_2530
   - contig_corrected_v1_2362
   - contig_corrected_v1_1038
   - contig_corrected_v1_2035
   - contig_corrected_v1_1831
   - contig_corrected_v1_1506
   - contig_corrected_v1_1627
   - contig_corrected_v1_2418
   - contig_corrected_v1_2776
   - contig_corrected_v1_2368
   - contig_corrected_v1_1759
   - contig_corrected_v1_1020
   - contig_corrected_v1_2104
   - contig_corrected_v1_1761
   - contig_corrected_v1_862
   - contig_corrected_v1_2674
   - contig_corrected_v1_2388
   - contig_corrected_v1_1621
   - contig_corrected_v1_2303
   - contig_corrected_v1_2649
   - contig_corrected_v1_2657
   - contig_corrected_v1_2330
   - contig_corrected_v1_1814
   - contig_corrected_v1_1981
   - contig_corrected_v1_1472
   - contig_corrected_v1_1676
   - contig_corrected_v1_1838
   - contig_corrected_v1_2781
   - contig_corrected_v1_2489
   - contig_corrected_v1_2482
   - contig_corrected_v1_2325
   - contig_corrected_v1_1366
   - contig_corrected_v1_2421
   - contig_corrected_v1_1668
   - contig_corrected_v1_2654
   - contig_corrected_v1_1009
   - contig_corrected_v1_2028
   - contig_corrected_v1_918
   - contig_corrected_v1_2294
   - contig_corrected_v1_1487
   - contig_corrected_v1_2675
   - contig_corrected_v1_2038
   - contig_corrected_v1_2002
   - contig_corrected_v1_2282
   - contig_corrected_v1_1281
   - contig_corrected_v1_2123
   - contig_corrected_v1_998
   - contig_corrected_v1_2648
   - contig_corrected_v1_1008
   - contig_corrected_v1_1857
   - contig_corrected_v1_2627
   - contig_corrected_v1_2365
   - contig_corrected_v1_2146
   - contig_corrected_v1_2121
   - contig_corrected_v1_2367
   - contig_corrected_v1_2209
   - contig_corrected_v1_2494
   - contig_corrected_v1_2724
   - contig_corrected_v1_1498
   - contig_corrected_v1_2665
   - contig_corrected_v1_2678
   - contig_corrected_v1_2239
   - contig_corrected_v1_1469
   - contig_corrected_v1_1543
   - contig_corrected_v1_1021
   - contig_corrected_v1_2301
   - contig_corrected_v1_2490
   - contig_corrected_v1_2757
   - contig_corrected_v1_970
   - contig_corrected_v1_1331
   - contig_corrected_v1_1370
   - contig_corrected_v1_2461
   - contig_corrected_v1_2687
   - contig_corrected_v1_2233
   - contig_corrected_v1_2520
   - contig_corrected_v1_2601
   - contig_corrected_v1_1937
   - contig_corrected_v1_2441
   - contig_corrected_v1_1902
   - contig_corrected_v1_2066
   - contig_corrected_v1_2054
   - contig_corrected_v1_2521
   - contig_corrected_v1_2721
   - contig_corrected_v1_2230
   - contig_corrected_v1_2493
   - contig_corrected_v1_2093
   - contig_corrected_v1_2144
   - contig_corrected_v1_2635
   - contig_corrected_v1_1922
   - contig_corrected_v1_1581
   - contig_corrected_v1_2315
   - contig_corrected_v1_2723
   - contig_corrected_v1_1430
   - contig_corrected_v1_2179
   - contig_corrected_v1_2610
   - contig_corrected_v1_2389
   - contig_corrected_v1_2591
   - contig_corrected_v1_1740
   - contig_corrected_v1_962
   - contig_corrected_v1_1526
   - contig_corrected_v1_1667
   - contig_corrected_v1_2552
   - contig_corrected_v1_2281
   - contig_corrected_v1_2110
   - contig_corrected_v1_2277
   - contig_corrected_v1_912
   - contig_corrected_v1_1597
   - contig_corrected_v1_1263
   - contig_corrected_v1_1520
   - contig_corrected_v1_1802
   - contig_corrected_v1_2498
   - contig_corrected_v1_2507
   - contig_corrected_v1_1869
   - contig_corrected_v1_887
   - contig_corrected_v1_1877
   - contig_corrected_v1_1842
   - contig_corrected_v1_2017
   - contig_corrected_v1_1955
   - contig_corrected_v1_2485
   - contig_corrected_v1_1859
   - contig_corrected_v1_2338
   - contig_corrected_v1_2297
   - contig_corrected_v1_2203
   - contig_corrected_v1_2090
   - contig_corrected_v1_2515
   - contig_corrected_v1_944
   - contig_corrected_v1_868
   - contig_corrected_v1_2699
   - contig_corrected_v1_2089
   - contig_corrected_v1_1718
   - contig_corrected_v1_2351
   - contig_corrected_v1_2159
   - contig_corrected_v1_896
   - contig_corrected_v1_1866
   - contig_corrected_v1_2638
   - contig_corrected_v1_1482
   - contig_corrected_v1_2709
   - contig_corrected_v1_2043
   - contig_corrected_v1_2704
   - contig_corrected_v1_1177
   - contig_corrected_v1_1274
   - contig_corrected_v1_1007
   - contig_corrected_v1_2380
   - contig_corrected_v1_2393
   - contig_corrected_v1_1348
   - contig_corrected_v1_2046
   - contig_corrected_v1_2759
   - contig_corrected_v1_843
   - contig_corrected_v1_1650
   - contig_corrected_v1_2199
   - contig_corrected_v1_2221
   - contig_corrected_v1_894
   - contig_corrected_v1_2495
   - contig_corrected_v1_2348
   - contig_corrected_v1_2210
   - contig_corrected_v1_990
   - contig_corrected_v1_2768
   - contig_corrected_v1_1531
   - contig_corrected_v1_2150
   - contig_corrected_v1_2477
   - contig_corrected_v1_949
   - contig_corrected_v1_1873
   - contig_corrected_v1_2379
   - contig_corrected_v1_2741
   - contig_corrected_v1_2510
   - contig_corrected_v1_2460
   - contig_corrected_v1_2050
   - contig_corrected_v1_2194
   - contig_corrected_v1_2505
   - contig_corrected_v1_2739
   - contig_corrected_v1_1619
   - contig_corrected_v1_2332
   - contig_corrected_v1_1840
   - contig_corrected_v1_2706
   - contig_corrected_v1_1317
   - contig_corrected_v1_2787
   - contig_corrected_v1_2581
   - contig_corrected_v1_1995
   - contig_corrected_v1_2003
   - contig_corrected_v1_1638
   - contig_corrected_v1_2484
   - contig_corrected_v1_1197
   - contig_corrected_v1_2618
   - contig_corrected_v1_2652
   - contig_corrected_v1_1835
   - contig_corrected_v1_2444
   - contig_corrected_v1_2267
   - contig_corrected_v1_1180
   - contig_corrected_v1_1372
   - contig_corrected_v1_1467
   - contig_corrected_v1_842
   - contig_corrected_v1_2339
   - contig_corrected_v1_2478
   - contig_corrected_v1_1262
   - contig_corrected_v1_2580
   - contig_corrected_v1_2249
   - contig_corrected_v1_2275
   - contig_corrected_v1_2024
   - contig_corrected_v1_1918
   - contig_corrected_v1_2688
   - contig_corrected_v1_2585
   - contig_corrected_v1_2262
   - contig_corrected_v1_2762
   - contig_corrected_v1_2080
   - contig_corrected_v1_1616
   - contig_corrected_v1_1518
   - contig_corrected_v1_2087
   - contig_corrected_v1_2328
   - contig_corrected_v1_2083
   - contig_corrected_v1_939
   - contig_corrected_v1_2531
   - contig_corrected_v1_1229
   - contig_corrected_v1_1818
   - contig_corrected_v1_2430
   - contig_corrected_v1_2274
   - contig_corrected_v1_1196
   - contig_corrected_v1_2302
   - contig_corrected_v1_2306
   - contig_corrected_v1_851
   - contig_corrected_v1_2754
   - contig_corrected_v1_2010
   - contig_corrected_v1_2456
   - contig_corrected_v1_2701
   - contig_corrected_v1_2387
   - contig_corrected_v1_1950
   - contig_corrected_v1_2587
   - contig_corrected_v1_2563
   - contig_corrected_v1_2503
   - contig_corrected_v1_2579
   - contig_corrected_v1_2134
   - contig_corrected_v1_2005
   - contig_corrected_v1_2409
   - contig_corrected_v1_2715
   - contig_corrected_v1_2071
   - contig_corrected_v1_1942
   - contig_corrected_v1_1858
   - contig_corrected_v1_2566
   - contig_corrected_v1_2378
   - contig_corrected_v1_1489
   - contig_corrected_v1_2353
   - contig_corrected_v1_2462
   - contig_corrected_v1_2500
   - contig_corrected_v1_2550
   - contig_corrected_v1_1512
   - contig_corrected_v1_1485
   - contig_corrected_v1_2584
   - contig_corrected_v1_2458
   - contig_corrected_v1_2740
   - contig_corrected_v1_2086
   - contig_corrected_v1_2132
   - contig_corrected_v1_2248
   - contig_corrected_v1_1882
   - contig_corrected_v1_2480
   - contig_corrected_v1_2727
   - contig_corrected_v1_1741
   - contig_corrected_v1_2602
   - contig_corrected_v1_2207
   - contig_corrected_v1_2295
   - contig_corrected_v1_1808
   - contig_corrected_v1_1816
   - contig_corrected_v1_1570
   - contig_corrected_v1_1886
   - contig_corrected_v1_1648
   - contig_corrected_v1_2645
   - contig_corrected_v1_1103
   - contig_corrected_v1_2582
   - contig_corrected_v1_2088
   - contig_corrected_v1_2077
   - contig_corrected_v1_2160
   - contig_corrected_v1_1045
   - contig_corrected_v1_2658
   - contig_corrected_v1_2613
   - contig_corrected_v1_2629
   - contig_corrected_v1_2562
   - contig_corrected_v1_951
   - contig_corrected_v1_1960
   - contig_corrected_v1_2059
   - contig_corrected_v1_2588
   - contig_corrected_v1_1854
   - contig_corrected_v1_2653
   - contig_corrected_v1_1497
   - contig_corrected_v1_935
   - contig_corrected_v1_2056
   - contig_corrected_v1_2663
   - contig_corrected_v1_2151
   - contig_corrected_v1_1795
   - contig_corrected_v1_2708
   - contig_corrected_v1_1974
   - contig_corrected_v1_2589
   - contig_corrected_v1_1712
   - contig_corrected_v1_2162
   - contig_corrected_v1_2575
   - contig_corrected_v1_1987
   - contig_corrected_v1_2769
   - contig_corrected_v1_2427
   - contig_corrected_v1_2475
   - contig_corrected_v1_2323
   - contig_corrected_v1_2276
   - contig_corrected_v1_1989
   - contig_corrected_v1_2726
   - contig_corrected_v1_1466
   - contig_corrected_v1_1488
   - contig_corrected_v1_2771
   - contig_corrected_v1_2628
   - contig_corrected_v1_2717
   - contig_corrected_v1_1900
   - contig_corrected_v1_956
   - contig_corrected_v1_1250
   - contig_corrected_v1_999
   - contig_corrected_v1_2774
   - contig_corrected_v1_2107
   - contig_corrected_v1_2481
   - contig_corrected_v1_1579
   - contig_corrected_v1_2468
   - contig_corrected_v1_1926
   - contig_corrected_v1_1738
   - contig_corrected_v1_1429
   - contig_corrected_v1_1268
   - contig_corrected_v1_2785
   - contig_corrected_v1_2216
   - contig_corrected_v1_1920
   - contig_corrected_v1_2512
   - contig_corrected_v1_2714
   - contig_corrected_v1_1997
   - contig_corrected_v1_2789
   - contig_corrected_v1_2669
   - contig_corrected_v1_1646
   - contig_corrected_v1_2058
   - contig_corrected_v1_2023
   - contig_corrected_v1_1534
   - contig_corrected_v1_2710
   - contig_corrected_v1_2128
   - contig_corrected_v1_2099
   - contig_corrected_v1_1012
   - contig_corrected_v1_2573
   - contig_corrected_v1_2720
   - contig_corrected_v1_2583
   - contig_corrected_v1_1173
   - contig_corrected_v1_2569
   - contig_corrected_v1_1890
   - contig_corrected_v1_2681
   - contig_corrected_v1_2129
   - contig_corrected_v1_2578
   - contig_corrected_v1_2595
   - contig_corrected_v1_2065
   - contig_corrected_v1_1677
   - contig_corrected_v1_1511
   - contig_corrected_v1_1033
   - contig_corrected_v1_1992
   - contig_corrected_v1_1443
   - contig_corrected_v1_2457
   - contig_corrected_v1_2286
   - contig_corrected_v1_2664
   - contig_corrected_v1_2381
   - contig_corrected_v1_1010
   - contig_corrected_v1_2006
   - contig_corrected_v1_1675
   - contig_corrected_v1_2508
   - contig_corrected_v1_1188
   - contig_corrected_v1_2229
   - contig_corrected_v1_2574
   - contig_corrected_v1_2518
   - contig_corrected_v1_2483
   - contig_corrected_v1_2749
   - contig_corrected_v1_2100
   - contig_corrected_v1_2596
   - contig_corrected_v1_1837
   - contig_corrected_v1_802
   - contig_corrected_v1_2171
   - contig_corrected_v1_2486
   - contig_corrected_v1_1152
   - contig_corrected_v1_1439
   - contig_corrected_v1_2479
   - contig_corrected_v1_1785
   - contig_corrected_v1_1280
   - contig_corrected_v1_2492
   - contig_corrected_v1_1698
   - contig_corrected_v1_1956
   - contig_corrected_v1_1977
   - contig_corrected_v1_1726
   - contig_corrected_v1_2026
   - contig_corrected_v1_854
   - contig_corrected_v1_2772
   - contig_corrected_v1_2060
   - contig_corrected_v1_885
   - contig_corrected_v1_1986
   - contig_corrected_v1_2702
   - contig_corrected_v1_2251
   - contig_corrected_v1_1752
   - contig_corrected_v1_2703
   - contig_corrected_v1_2524
   - contig_corrected_v1_911
   - contig_corrected_v1_2728
   - contig_corrected_v1_1623
   - contig_corrected_v1_1713
   - contig_corrected_v1_1163
   - contig_corrected_v1_2067
   - contig_corrected_v1_2106
   - contig_corrected_v1_2127
   - contig_corrected_v1_2698
   - contig_corrected_v1_2736
   - contig_corrected_v1_2164
   - contig_corrected_v1_1663
   - contig_corrected_v1_1917
   - contig_corrected_v1_2116
   - contig_corrected_v1_993
   - contig_corrected_v1_2034
   - contig_corrected_v1_1431
   - contig_corrected_v1_1040
   - contig_corrected_v1_1210
   - contig_corrected_v1_2070
   - contig_corrected_v1_1832
   - contig_corrected_v1_2196
   - contig_corrected_v1_2544
   - contig_corrected_v1_893
   - contig_corrected_v1_2567
   - contig_corrected_v1_1661
   - contig_corrected_v1_878
   - contig_corrected_v1_897
   - contig_corrected_v1_869
   - contig_corrected_v1_2417
   - contig_corrected_v1_1473
   - contig_corrected_v1_2661
   - contig_corrected_v1_1777
   - contig_corrected_v1_2683
   - contig_corrected_v1_2337
   - contig_corrected_v1_2631
   - contig_corrected_v1_2051
   - contig_corrected_v1_2446
   - contig_corrected_v1_2502
   - contig_corrected_v1_2213
   - contig_corrected_v1_2111
   - contig_corrected_v1_1645
   - contig_corrected_v1_2283
   - contig_corrected_v1_2228
   - contig_corrected_v1_1812
   - contig_corrected_v1_2360
   - contig_corrected_v1_2073
   - contig_corrected_v1_2298
   - contig_corrected_v1_1665
   - contig_corrected_v1_2786
   - contig_corrected_v1_2270
   - contig_corrected_v1_938
   - contig_corrected_v1_2424
   - contig_corrected_v1_2341
   - contig_corrected_v1_2329
   - contig_corrected_v1_2773
   - contig_corrected_v1_2022
   - contig_corrected_v1_2009
   - contig_corrected_v1_1547
   - contig_corrected_v1_948
   - contig_corrected_v1_2052
   - contig_corrected_v1_2004
   - contig_corrected_v1_2643
   - contig_corrected_v1_1934
   - contig_corrected_v1_1293
   - contig_corrected_v1_2258
   - contig_corrected_v1_2200
   - contig_corrected_v1_1822
   - contig_corrected_v1_867
   - contig_corrected_v1_2760
   - contig_corrected_v1_2256
   - contig_corrected_v1_2414
   - contig_corrected_v1_1535
   - contig_corrected_v1_2570
   - contig_corrected_v1_2139
   - contig_corrected_v1_2644
   - contig_corrected_v1_2226
   - contig_corrected_v1_1463
   - contig_corrected_v1_2195
   - contig_corrected_v1_1459
   - contig_corrected_v1_2752
   - contig_corrected_v1_1925
   - contig_corrected_v1_923
   - contig_corrected_v1_1284
   - contig_corrected_v1_2333
   - contig_corrected_v1_1951
   - contig_corrected_v1_2514
   - contig_corrected_v1_2120
   - contig_corrected_v1_2218
   - contig_corrected_v1_1895
   - contig_corrected_v1_1530
   - contig_corrected_v1_907
   - contig_corrected_v1_2260
   - contig_corrected_v1_2659
   - contig_corrected_v1_2529
   - contig_corrected_v1_2472
   - contig_corrected_v1_1326
   - contig_corrected_v1_2334
   - contig_corrected_v1_920
   - contig_corrected_v1_2729
   - contig_corrected_v1_2454
   - contig_corrected_v1_2214
   - contig_corrected_v1_1908
   - contig_corrected_v1_1686
   - contig_corrected_v1_2344
   - contig_corrected_v1_2509
   - contig_corrected_v1_2735
   - contig_corrected_v1_1628
   - contig_corrected_v1_1441
   - contig_corrected_v1_2476
   - contig_corrected_v1_2198
   - contig_corrected_v1_2466
   - contig_corrected_v1_1903
   - contig_corrected_v1_2166
   - contig_corrected_v1_2407
   - contig_corrected_v1_2103
   - contig_corrected_v1_2433
   - contig_corrected_v1_2044
   - contig_corrected_v1_1549
   - contig_corrected_v1_995
   - contig_corrected_v1_2363
   - contig_corrected_v1_2525
   - contig_corrected_v1_2271
   - contig_corrected_v1_1513
   - contig_corrected_v1_2039
   - contig_corrected_v1_2250
   - contig_corrected_v1_2426
   - contig_corrected_v1_1881
   - contig_corrected_v1_1932
   - contig_corrected_v1_2117
   - contig_corrected_v1_2307
   - contig_corrected_v1_2718
   - contig_corrected_v1_2459
   - contig_corrected_v1_2308
   - contig_corrected_v1_2743
   - contig_corrected_v1_2761
   - contig_corrected_v1_2000
   - contig_corrected_v1_2118
   - contig_corrected_v1_2593
   - contig_corrected_v1_2647
   - contig_corrected_v1_2125
   - contig_corrected_v1_1490
   - contig_corrected_v1_2394
   - contig_corrected_v1_2451
   - contig_corrected_v1_2434
   - contig_corrected_v1_2319
   - contig_corrected_v1_1893
   - contig_corrected_v1_2766
   - contig_corrected_v1_1563
   - contig_corrected_v1_1435
   - contig_corrected_v1_2650
   - contig_corrected_v1_992
   - contig_corrected_v1_2257
   - contig_corrected_v1_1687
   - contig_corrected_v1_2011
   - contig_corrected_v1_2719
   - contig_corrected_v1_2423
   - contig_corrected_v1_1241
   - contig_corrected_v1_2326
   - contig_corrected_v1_2154
   - contig_corrected_v1_2013
   - contig_corrected_v1_2399
   - contig_corrected_v1_2352
   - contig_corrected_v1_2413
   - contig_corrected_v1_1874
   - contig_corrected_v1_2108
   - contig_corrected_v1_2147
   - contig_corrected_v1_2272
   - contig_corrected_v1_2577
   - contig_corrected_v1_1793
   - contig_corrected_v1_1999
   - contig_corrected_v1_1624
   - contig_corrected_v1_1289
   - contig_corrected_v1_2499
   - contig_corrected_v1_2756
   - contig_corrected_v1_2517
   - contig_corrected_v1_1358
   - contig_corrected_v1_1927
   - contig_corrected_v1_2428
   - contig_corrected_v1_1921
   - contig_corrected_v1_2491
   - contig_corrected_v1_1493
   - contig_corrected_v1_2445
   - contig_corrected_v1_2666
   - contig_corrected_v1_1625
   - contig_corrected_v1_2471
   - contig_corrected_v1_2537
   - contig_corrected_v1_2790
   - contig_corrected_v1_2217
   - contig_corrected_v1_2019
   - contig_corrected_v1_1484
   - contig_corrected_v1_1739
   - contig_corrected_v1_2731
   - contig_corrected_v1_2369
   - contig_corrected_v1_2238
   - contig_corrected_v1_2742
   - contig_corrected_v1_876
   - contig_corrected_v1_904
   - contig_corrected_v1_1883
   - contig_corrected_v1_2504
   - contig_corrected_v1_2037
   - contig_corrected_v1_2293
   - contig_corrected_v1_2311
   - contig_corrected_v1_2788
   - contig_corrected_v1_2474
   - contig_corrected_v1_2559
   - contig_corrected_v1_2501
   - contig_corrected_v1_1839
   - contig_corrected_v1_2382
   - contig_corrected_v1_2020
   - contig_corrected_v1_2464
   - contig_corrected_v1_2232
   - contig_corrected_v1_2231
   - contig_corrected_v1_2617
   - contig_corrected_v1_2244
   - contig_corrected_v1_1505
   - contig_corrected_v1_2375
   - contig_corrected_v1_2318
   - contig_corrected_v1_2765
   - contig_corrected_v1_2357
   - contig_corrected_v1_2780
   - contig_corrected_v1_1828
   - contig_corrected_v1_2753
   - contig_corrected_v1_2340
   - contig_corrected_v1_2712
   - contig_corrected_v1_1508
   - contig_corrected_v1_2321
   - contig_corrected_v1_2737
   - contig_corrected_v1_2707
   - contig_corrected_v1_1562
   - contig_corrected_v1_2416
   - contig_corrected_v1_899
   - contig_corrected_v1_2798
   - contig_corrected_v1_2804
   - contig_corrected_v1_2807
   - contig_corrected_v1_2810
   - contig_corrected_v1_1626
   - contig_corrected_v1_2453
   - contig_corrected_v1_2634
   - contig_corrected_v1_1674
   - contig_corrected_v1_1755
 - All threads completed.
 - Combining results from threads.

Sequence    	   unspliced	     spliced	       total
GDB136_chr1H	   693673436	    80890630	   774564066
GDB136_chr2H	   182264914	    90414902	   272679816
GDB136_chr3H	   140469032	    76984110	   217453142
GDB136_chr4H	   142483177	    73665733	   216148910
GDB136_chr5H	   197736591	    84313233	   282049824
GDB136_chr6H	   125293245	    64579835	   189873080
GDB136_chr7H	   151101512	    74978320	   226079832
contig_corrected_v1_1261	          49	           3	          52
contig_corrected_v1_1711	          55	           3	          58
contig_corrected_v1_2782	           2	           0	           2
contig_corrected_v1_1193	         504	         326	         830
contig_corrected_v1_1203	       83995	       33727	      117722
contig_corrected_v1_821	       31302	       11368	       42670
contig_corrected_v1_1545	        7762	         520	        8282
contig_corrected_v1_1525	         364	           0	         364
contig_corrected_v1_1244	      162588	       45550	      208138
contig_corrected_v1_1255	        1079	          19	        1098
contig_corrected_v1_1760	         960	           0	         960
contig_corrected_v1_1954	         884	          24	         908
contig_corrected_v1_1219	         257	           5	         262
contig_corrected_v1_1220	         259	           5	         264
contig_corrected_v1_1298	        6358	         680	        7038
contig_corrected_v1_1763	       16974	        1914	       18888
contig_corrected_v1_1233	       12638	        1078	       13716
contig_corrected_v1_1226	        2164	          44	        2208
contig_corrected_v1_794	       31208	        7720	       38928
contig_corrected_v1_926	          18	           0	          18
contig_corrected_v1_1801	         366	           0	         366
contig_corrected_v1_2528	          29	           1	          30
contig_corrected_v1_1081	          10	           0	          10
contig_corrected_v1_688	       57683	       13385	       71068
contig_corrected_v1_779	       29393	       16017	       45410
contig_corrected_v1_609	       48408	        3936	       52344
contig_corrected_v1_763	       23052	        4508	       27560
contig_corrected_v1_2792	           2	           0	           2
contig_corrected_v1_1247	           2	           0	           2
contig_corrected_v1_1253	           0	           0	           0
contig_corrected_v1_2801	           9	           3	          12
contig_corrected_v1_1122	           2	           0	           2
contig_corrected_v1_745	          52	           0	          52
contig_corrected_v1_210	           0	           0	           0
contig_corrected_v1_468	        8100	         330	        8430
contig_corrected_v1_747	       17264	        2400	       19664
contig_corrected_v1_959	        2491	         139	        2630
contig_corrected_v1_1134	           0	           0	           0
contig_corrected_v1_788	           1	           3	           4
contig_corrected_v1_1190	          44	          26	          70
contig_corrected_v1_516	          47	          27	          74
contig_corrected_v1_1239	           2	           0	           2
contig_corrected_v1_979	          10	           0	          10
contig_corrected_v1_1208	        8364	        1176	        9540
contig_corrected_v1_1116	         356	           0	         356
contig_corrected_v1_1086	         565	          63	         628
contig_corrected_v1_1296	       16887	        6551	       23438
contig_corrected_v1_1127	        4222	         162	        4384
contig_corrected_v1_754	       22936	        7656	       30592
contig_corrected_v1_1204	       26607	       12381	       38988
contig_corrected_v1_800	       22736	        8214	       30950
contig_corrected_v1_1240	           0	           0	           0
contig_corrected_v1_1216	      124331	       34413	      158744
contig_corrected_v1_304	           0	           0	           0
contig_corrected_v1_1083	           0	           0	           0
contig_corrected_v1_376	         698	         606	        1304
contig_corrected_v1_20	         899	           7	         906
contig_corrected_v1_690	           8	           0	           8
contig_corrected_v1_424	          99	          45	         144
contig_corrected_v1_693	           6	           0	           6
contig_corrected_v1_1078	          16	           0	          16
contig_corrected_v1_811	           5	           1	           6
contig_corrected_v1_1295	        2140	           0	        2140
contig_corrected_v1_1363	           2	           0	           2
contig_corrected_v1_982	           0	           0	           0
contig_corrected_v1_723	           4	           0	           4
contig_corrected_v1_826	       23940	         740	       24680
contig_corrected_v1_1138	           0	           0	           0
contig_corrected_v1_1202	         378	          48	         426
contig_corrected_v1_228	           6	           0	           6
contig_corrected_v1_1246	           0	           0	           0
contig_corrected_v1_697	         246	           0	         246
contig_corrected_v1_1213	           4	           0	           4
contig_corrected_v1_623	       39383	       33389	       72772
contig_corrected_v1_1709	       52059	       37019	       89078
contig_corrected_v1_1110	         124	         140	         264
contig_corrected_v1_1224	          99	          15	         114
contig_corrected_v1_2795	           0	           0	           0
contig_corrected_v1_1994	           0	           0	           0
contig_corrected_v1_1207	           0	           0	           0
contig_corrected_v1_1225	           0	           0	           0
contig_corrected_v1_1092	           0	           0	           0
contig_corrected_v1_1642	           0	           0	           0
contig_corrected_v1_1758	      512683	         121	      512804
contig_corrected_v1_2142	        4645	           1	        4646
contig_corrected_v1_1074	          14	           0	          14
contig_corrected_v1_1192	          10	           0	          10
contig_corrected_v1_1135	           8	           0	           8
contig_corrected_v1_975	         138	          10	         148
contig_corrected_v1_1114	          39	          25	          64
contig_corrected_v1_686	        3765	          91	        3856
contig_corrected_v1_617	         834	          38	         872
contig_corrected_v1_1137	       46312	       25652	       71964
contig_corrected_v1_1057	           2	           0	           2
contig_corrected_v1_1064	           7	          23	          30
contig_corrected_v1_1088	      107739	       34241	      141980
contig_corrected_v1_562	         742	           0	         742
contig_corrected_v1_2170	           0	           0	           0
contig_corrected_v1_1111	        2045	          21	        2066
contig_corrected_v1_1129	           2	           0	           2
contig_corrected_v1_1205	          21	           1	          22
contig_corrected_v1_1368	           2	           0	           2
contig_corrected_v1_1757	       66813	       29953	       96766
contig_corrected_v1_1251	        1900	         576	        2476
contig_corrected_v1_1090	          38	           4	          42
contig_corrected_v1_503	          32	           0	          32
contig_corrected_v1_1533	           8	           0	           8
contig_corrected_v1_1075	           0	           0	           0
contig_corrected_v1_977	          32	           0	          32
contig_corrected_v1_803	           2	           0	           2
contig_corrected_v1_1130	          57	          15	          72
contig_corrected_v1_619	           8	           0	           8
contig_corrected_v1_1049	           0	           0	           0
contig_corrected_v1_1131	       21807	       31269	       53076
contig_corrected_v1_1555	           0	           0	           0
contig_corrected_v1_1260	        4244	        2124	        6368
contig_corrected_v1_1231	       16840	        6664	       23504
contig_corrected_v1_1256	          16	           0	          16
contig_corrected_v1_1200	           0	           0	           0
contig_corrected_v1_1179	           8	           0	           8
contig_corrected_v1_684	        3624	         278	        3902
contig_corrected_v1_1124	           0	           0	           0
contig_corrected_v1_1067	        4373	         175	        4548
contig_corrected_v1_1214	          24	           0	          24
contig_corrected_v1_1235	        1839	         351	        2190
contig_corrected_v1_792	           6	           2	           8
contig_corrected_v1_1211	       87318	       49020	      136338
contig_corrected_v1_633	         107	           1	         108
contig_corrected_v1_1238	           2	           0	           2
contig_corrected_v1_1181	         469	           9	         478
contig_corrected_v1_1050	     1213084	          46	     1213130
contig_corrected_v1_1428	           6	           2	           8
contig_corrected_v1_1048	      555849	           5	      555854
contig_corrected_v1_2689	        4148	           0	        4148
contig_corrected_v1_2031	        2648	           0	        2648
contig_corrected_v1_1175	       10900	         476	       11376
contig_corrected_v1_1174	        5668	        1610	        7278
contig_corrected_v1_1299	           0	           0	           0
contig_corrected_v1_379	       25324	           0	       25324
contig_corrected_v1_1404	         976	           0	         976
contig_corrected_v1_1028	         610	           0	         610
contig_corrected_v1_1415	        1198	           0	        1198
contig_corrected_v1_1637	         112	           0	         112
contig_corrected_v1_927	         208	           2	         210
contig_corrected_v1_1451	        1937	           1	        1938
contig_corrected_v1_866	         138	           0	         138
contig_corrected_v1_1162	        2924	           0	        2924
contig_corrected_v1_1017	         190	           0	         190
contig_corrected_v1_860	        1336	           0	        1336
contig_corrected_v1_988	         285	           1	         286
contig_corrected_v1_1833	        6202	           0	        6202
contig_corrected_v1_930	        5160	           2	        5162
contig_corrected_v1_1375	        3262	           0	        3262
contig_corrected_v1_2091	        1754	           0	        1754
contig_corrected_v1_1731	        3009	           1	        3010
contig_corrected_v1_1168	         566	           0	         566
contig_corrected_v1_841	          48	           0	          48
contig_corrected_v1_1419	         206	           0	         206
contig_corrected_v1_1594	          28	           2	          30
contig_corrected_v1_900	        2441	           1	        2442
contig_corrected_v1_943	         772	           0	         772
contig_corrected_v1_905	        2559	           1	        2560
contig_corrected_v1_1161	         174	           0	         174
contig_corrected_v1_950	         146	           2	         148
contig_corrected_v1_940	        1254	           0	        1254
contig_corrected_v1_931	         146	           0	         146
contig_corrected_v1_1603	         479	           1	         480
contig_corrected_v1_1768	         110	           0	         110
contig_corrected_v1_1039	         166	           0	         166
contig_corrected_v1_883	         144	           0	         144
contig_corrected_v1_2076	         164	           0	         164
contig_corrected_v1_1027	         336	           0	         336
contig_corrected_v1_1685	        9224	           0	        9224
contig_corrected_v1_886	         158	           0	         158
contig_corrected_v1_1537	        1372	           0	        1372
contig_corrected_v1_987	        1282	           0	        1282
contig_corrected_v1_1576	         554	           0	         554
contig_corrected_v1_898	       13218	           2	       13220
contig_corrected_v1_928	        4968	           0	        4968
contig_corrected_v1_1601	        1094	           0	        1094
contig_corrected_v1_1452	        1451	           1	        1452
contig_corrected_v1_903	        1060	           0	        1060
contig_corrected_v1_1395	         394	           0	         394
contig_corrected_v1_840	          72	           0	          72
contig_corrected_v1_1424	         660	           0	         660
contig_corrected_v1_1600	         878	           0	         878
contig_corrected_v1_986	        3870	           0	        3870
contig_corrected_v1_1006	        2588	           0	        2588
contig_corrected_v1_1148	        5654	           0	        5654
contig_corrected_v1_947	        9750	           6	        9756
contig_corrected_v1_1737	         566	           0	         566
contig_corrected_v1_1461	         436	           0	         436
contig_corrected_v1_2072	          92	           0	          92
contig_corrected_v1_891	         424	           0	         424
contig_corrected_v1_2133	          52	           0	          52
contig_corrected_v1_1504	        1843	           3	        1846
contig_corrected_v1_1775	           2	           0	           2
contig_corrected_v1_2062	         354	           0	         354
contig_corrected_v1_865	         524	           0	         524
contig_corrected_v1_1599	        1460	           0	        1460
contig_corrected_v1_892	        3062	           0	        3062
contig_corrected_v1_1782	        1976	           0	        1976
contig_corrected_v1_1692	         650	           0	         650
contig_corrected_v1_1402	       18768	           0	       18768
contig_corrected_v1_1573	        1780	           0	        1780
contig_corrected_v1_1414	         724	           0	         724
contig_corrected_v1_2597	         234	           0	         234
contig_corrected_v1_2097	         666	           0	         666
contig_corrected_v1_1799	          94	           0	          94
contig_corrected_v1_942	        1828	           0	        1828
contig_corrected_v1_1682	        2918	           0	        2918
contig_corrected_v1_2184	       11604	           0	       11604
contig_corrected_v1_1724	        1824	           0	        1824
contig_corrected_v1_1747	          12	           0	          12
contig_corrected_v1_2202	         792	           0	         792
contig_corrected_v1_2204	           4	           0	           4
contig_corrected_v1_1569	          93	          11	         104
contig_corrected_v1_1657	          77	           1	          78
contig_corrected_v1_1166	          34	           0	          34
contig_corrected_v1_1691	         638	           0	         638
contig_corrected_v1_1909	         104	           0	         104
contig_corrected_v1_2068	        8108	           0	        8108
contig_corrected_v1_1700	          32	           0	          32
contig_corrected_v1_1413	        1368	           0	        1368
contig_corrected_v1_957	        2650	           0	        2650
contig_corrected_v1_1633	          34	           0	          34
contig_corrected_v1_1936	         740	           0	         740
contig_corrected_v1_1611	          84	           0	          84
contig_corrected_v1_1383	         678	           0	         678
contig_corrected_v1_936	          30	           0	          30
contig_corrected_v1_2224	        1794	           0	        1794
contig_corrected_v1_1016	         338	           0	         338
contig_corrected_v1_1574	          16	           0	          16
contig_corrected_v1_2124	        2548	           0	        2548
contig_corrected_v1_1035	         218	           0	         218
contig_corrected_v1_845	         134	           0	         134
contig_corrected_v1_1031	        1342	           0	        1342
contig_corrected_v1_2182	         252	           0	         252
contig_corrected_v1_1024	        2028	           0	        2028
contig_corrected_v1_1164	        9504	           6	        9510
contig_corrected_v1_1018	          26	           0	          26
contig_corrected_v1_2098	         732	           0	         732
contig_corrected_v1_997	        2392	          16	        2408
contig_corrected_v1_1159	        2090	           0	        2090
contig_corrected_v1_1412	          16	           0	          16
contig_corrected_v1_955	          48	           0	          48
contig_corrected_v1_1568	           7	           1	           8
contig_corrected_v1_1827	          36	           0	          36
contig_corrected_v1_1442	         358	           0	         358
contig_corrected_v1_2450	          86	           0	          86
contig_corrected_v1_913	         780	           0	         780
contig_corrected_v1_1610	         305	           1	         306
contig_corrected_v1_1397	       12986	           4	       12990
contig_corrected_v1_1492	          28	           0	          28
contig_corrected_v1_1941	        3444	           0	        3444
contig_corrected_v1_1387	          62	           0	          62
contig_corrected_v1_2165	          28	           0	          28
contig_corrected_v1_1151	          45	           1	          46
contig_corrected_v1_1696	          10	           0	          10
contig_corrected_v1_1417	         998	           0	         998
contig_corrected_v1_1153	         150	           0	         150
contig_corrected_v1_989	         114	           0	         114
contig_corrected_v1_1150	           4	           0	           4
contig_corrected_v1_1464	         134	           0	         134
contig_corrected_v1_1734	         724	           0	         724
contig_corrected_v1_1605	         697	         219	         916
contig_corrected_v1_895	        2392	           0	        2392
contig_corrected_v1_2145	         778	           0	         778
contig_corrected_v1_1529	        1566	           0	        1566
contig_corrected_v1_1596	         492	           0	         492
contig_corrected_v1_1030	        5682	           0	        5682
contig_corrected_v1_1620	         110	           0	         110
contig_corrected_v1_1796	         988	           0	         988
contig_corrected_v1_1658	         154	           0	         154
contig_corrected_v1_1041	         570	           0	         570
contig_corrected_v1_1147	        1516	           0	        1516
contig_corrected_v1_1396	        1945	           1	        1946
contig_corrected_v1_1575	        2282	           0	        2282
contig_corrected_v1_1688	          50	           0	          50
contig_corrected_v1_2289	          42	           0	          42
contig_corrected_v1_909	          16	           0	          16
contig_corrected_v1_2470	        1714	           0	        1714
contig_corrected_v1_1604	          32	           0	          32
contig_corrected_v1_983	         314	           0	         314
contig_corrected_v1_1690	         718	           0	         718
contig_corrected_v1_1571	          56	           0	          56
contig_corrected_v1_2048	         802	           0	         802
contig_corrected_v1_1598	          80	           0	          80
contig_corrected_v1_1695	        4182	           0	        4182
contig_corrected_v1_1144	         708	           2	         710
contig_corrected_v1_1386	          18	           0	          18
contig_corrected_v1_1817	          15	           3	          18
contig_corrected_v1_1585	         502	           0	         502
contig_corrected_v1_1384	         281	           3	         284
contig_corrected_v1_1425	        3058	           0	        3058
contig_corrected_v1_1374	          10	           0	          10
contig_corrected_v1_1703	         292	           0	         292
contig_corrected_v1_1416	        8350	           0	        8350
contig_corrected_v1_1011	         324	           0	         324
contig_corrected_v1_1291	          14	           0	          14
contig_corrected_v1_1523	           2	           0	           2
contig_corrected_v1_2616	           2	           0	           2
contig_corrected_v1_1509	          64	           0	          64
contig_corrected_v1_2384	           8	           0	           8
contig_corrected_v1_1631	         442	           0	         442
contig_corrected_v1_922	          32	           0	          32
contig_corrected_v1_1517	         400	           0	         400
contig_corrected_v1_1745	        3170	           0	        3170
contig_corrected_v1_906	           6	           0	           6
contig_corrected_v1_2624	         172	           0	         172
contig_corrected_v1_1392	        2384	           0	        2384
contig_corrected_v1_1591	        2854	           0	        2854
contig_corrected_v1_2386	         224	           0	         224
contig_corrected_v1_1582	        3202	           0	        3202
contig_corrected_v1_1026	          20	           0	          20
contig_corrected_v1_2564	         926	           0	         926
contig_corrected_v1_1160	         270	           0	         270
contig_corrected_v1_1514	        1186	           0	        1186
contig_corrected_v1_1862	         260	           0	         260
contig_corrected_v1_1169	       14636	           0	       14636
contig_corrected_v1_1448	          64	           0	          64
contig_corrected_v1_2385	        1688	           0	        1688
contig_corrected_v1_1014	          22	           0	          22
contig_corrected_v1_1813	          14	           0	          14
contig_corrected_v1_1602	       11057	           3	       11060
contig_corrected_v1_1538	           0	           0	           0
contig_corrected_v1_1943	         390	           0	         390
contig_corrected_v1_1382	        4206	          10	        4216
contig_corrected_v1_1985	         752	           0	         752
contig_corrected_v1_1004	          38	           0	          38
contig_corrected_v1_2623	          26	           0	          26
contig_corrected_v1_1453	          12	           0	          12
contig_corrected_v1_2522	          22	           0	          22
contig_corrected_v1_1157	        2080	           0	        2080
contig_corrected_v1_1744	          12	           0	          12
contig_corrected_v1_1750	        1394	           0	        1394
contig_corrected_v1_1592	           6	           0	           6
contig_corrected_v1_1794	       56972	           0	       56972
contig_corrected_v1_1810	           4	           0	           4
contig_corrected_v1_1389	         198	           0	         198
contig_corrected_v1_1170	         218	           0	         218
contig_corrected_v1_1938	        1164	           0	        1164
contig_corrected_v1_1373	          26	           0	          26
contig_corrected_v1_2396	        2282	           0	        2282
contig_corrected_v1_1779	        1920	           0	        1920
contig_corrected_v1_1607	          16	           0	          16
contig_corrected_v1_1778	        1275	           3	        1278
contig_corrected_v1_2296	         388	           0	         388
contig_corrected_v1_2557	        2248	           0	        2248
contig_corrected_v1_2406	          38	           0	          38
contig_corrected_v1_1935	         208	           0	         208
contig_corrected_v1_1595	         166	           0	         166
contig_corrected_v1_2605	        1272	           0	        1272
contig_corrected_v1_1784	         874	           0	         874
contig_corrected_v1_1145	          72	           0	          72
contig_corrected_v1_1797	          58	           0	          58
contig_corrected_v1_2305	          44	           0	          44
contig_corrected_v1_2607	         266	           0	         266
contig_corrected_v1_2193	         582	           0	         582
contig_corrected_v1_1790	         608	           0	         608
contig_corrected_v1_1381	          18	           0	          18
contig_corrected_v1_1659	         190	           0	         190
contig_corrected_v1_1803	          16	           0	          16
contig_corrected_v1_1809	        1380	           0	        1380
contig_corrected_v1_1171	           0	           0	           0
contig_corrected_v1_2187	          20	           0	          20
contig_corrected_v1_1390	        2670	           0	        2670
contig_corrected_v1_2694	        1310	           0	        1310
contig_corrected_v1_1806	          36	           0	          36
contig_corrected_v1_2397	         608	           0	         608
contig_corrected_v1_2538	        1200	           2	        1202
contig_corrected_v1_1702	         112	           0	         112
contig_corrected_v1_2383	         402	           0	         402
contig_corrected_v1_2536	         632	           0	         632
contig_corrected_v1_2185	          86	           0	          86
contig_corrected_v1_2767	         126	           0	         126
contig_corrected_v1_1683	        3369	          13	        3382
contig_corrected_v1_1426	         196	           0	         196
contig_corrected_v1_1557	         394	           0	         394
contig_corrected_v1_1689	         696	           0	         696
contig_corrected_v1_1749	           2	           0	           2
contig_corrected_v1_2598	          16	           0	          16
contig_corrected_v1_2402	           6	           0	           6
contig_corrected_v1_2745	         776	           0	         776
contig_corrected_v1_1786	         288	           0	         288
contig_corrected_v1_1701	         588	           0	         588
contig_corrected_v1_1694	           4	           0	           4
contig_corrected_v1_1393	          24	           0	          24
contig_corrected_v1_1680	         454	           0	         454
contig_corrected_v1_1765	           2	           0	           2
contig_corrected_v1_1380	         772	           0	         772
contig_corrected_v1_2546	        1210	           0	        1210
contig_corrected_v1_2372	           0	           0	           0
contig_corrected_v1_1584	         146	           0	         146
contig_corrected_v1_1748	         490	           2	         492
contig_corrected_v1_2405	           0	           0	           0
contig_corrected_v1_1780	          18	           0	          18
contig_corrected_v1_2547	        1106	           0	        1106
contig_corrected_v1_1609	           2	           0	           2
contig_corrected_v1_1990	         502	           0	         502
contig_corrected_v1_2532	         406	           0	         406
contig_corrected_v1_1377	         384	           0	         384
contig_corrected_v1_2778	         556	           0	         556
contig_corrected_v1_2670	        1576	           0	        1576
contig_corrected_v1_1378	         230	           0	         230
contig_corrected_v1_1773	        1500	           0	        1500
contig_corrected_v1_1929	        1284	           0	        1284
contig_corrected_v1_1405	        2347	           1	        2348
contig_corrected_v1_1391	           4	           0	           4
contig_corrected_v1_1746	          12	           0	          12
contig_corrected_v1_2313	          14	           0	          14
contig_corrected_v1_1783	         674	           0	         674
contig_corrected_v1_1420	        3178	           0	        3178
contig_corrected_v1_2672	        3456	           0	        3456
contig_corrected_v1_2606	         280	           6	         286
contig_corrected_v1_2561	           0	           0	           0
contig_corrected_v1_2448	           2	           0	           2
contig_corrected_v1_2558	          12	           0	          12
contig_corrected_v1_1766	           0	           0	           0
contig_corrected_v1_1385	        2696	           0	        2696
contig_corrected_v1_2692	          46	           0	          46
contig_corrected_v1_1764	        7271	           1	        7272
contig_corrected_v1_2126	         164	           0	         164
contig_corrected_v1_2690	         166	           0	         166
contig_corrected_v1_2639	        1732	           0	        1732
contig_corrected_v1_2540	           0	           0	           0
contig_corrected_v1_1593	        4832	           0	        4832
contig_corrected_v1_1988	         756	           0	         756
contig_corrected_v1_1388	         106	           0	         106
contig_corrected_v1_2556	        2976	           0	        2976
contig_corrected_v1_2622	          10	           0	          10
contig_corrected_v1_1606	         680	           0	         680
contig_corrected_v1_1704	           0	           0	           0
contig_corrected_v1_2398	           0	           0	           0
contig_corrected_v1_1736	        2092	           0	        2092
contig_corrected_v1_1398	          62	           0	          62
contig_corrected_v1_1798	          36	           0	          36
contig_corrected_v1_1406	         212	           0	         212
contig_corrected_v1_1791	          10	           0	          10
contig_corrected_v1_2746	           2	           0	           2
contig_corrected_v1_2542	        6338	           0	        6338
contig_corrected_v1_1422	           0	           0	           0
contig_corrected_v1_1655	           0	           0	           0
contig_corrected_v1_1154	         128	           0	         128
contig_corrected_v1_2548	        3246	           0	        3246
contig_corrected_v1_1800	         514	           0	         514
contig_corrected_v1_1036	           0	           0	           0
contig_corrected_v1_2534	           8	           0	           8
contig_corrected_v1_1558	         524	           0	         524
contig_corrected_v1_1697	           0	           0	           0
contig_corrected_v1_2192	           0	           0	           0
contig_corrected_v1_2533	           2	           0	           2
contig_corrected_v1_1588	          36	           0	          36
contig_corrected_v1_2186	         730	           0	         730
contig_corrected_v1_2183	        1644	           0	        1644
contig_corrected_v1_1699	         522	           0	         522
contig_corrected_v1_1403	         102	           0	         102
contig_corrected_v1_2403	         110	           0	         110
contig_corrected_v1_1421	         350	           0	         350
contig_corrected_v1_1684	           0	           0	           0
contig_corrected_v1_2447	           8	           0	           8
contig_corrected_v1_2188	         776	           0	         776
contig_corrected_v1_1788	          20	           0	          20
contig_corrected_v1_2691	           0	           0	           0
contig_corrected_v1_1394	           0	           0	           0
contig_corrected_v1_1401	        2042	           0	        2042
contig_corrected_v1_1587	           0	           0	           0
contig_corrected_v1_1399	           0	           0	           0
contig_corrected_v1_2711	           2	           0	           2
contig_corrected_v1_2695	         450	           0	         450
contig_corrected_v1_2149	        1636	           0	        1636
contig_corrected_v1_1427	        1172	           0	        1172
contig_corrected_v1_1608	           0	           0	           0
contig_corrected_v1_2555	          18	           0	          18
contig_corrected_v1_2751	         224	           0	         224
contig_corrected_v1_2608	           6	           0	           6
contig_corrected_v1_1769	           2	           0	           2
contig_corrected_v1_2549	           4	           0	           4
contig_corrected_v1_2541	         144	           0	         144
contig_corrected_v1_2408	           2	           0	           2
contig_corrected_v1_2626	           2	           0	           2
contig_corrected_v1_2693	          98	           0	          98
contig_corrected_v1_2539	          32	           0	          32
contig_corrected_v1_1400	          22	           0	          22
contig_corrected_v1_1751	        1014	           0	        1014
contig_corrected_v1_2640	        1124	           0	        1124
contig_corrected_v1_1656	           2	           0	           2
contig_corrected_v1_1586	           0	           0	           0
contig_corrected_v1_1772	           0	           0	           0
contig_corrected_v1_2560	          46	           0	          46
contig_corrected_v1_2312	          42	           0	          42
contig_corrected_v1_2747	           0	           0	           0
contig_corrected_v1_1589	          12	           0	          12
contig_corrected_v1_2738	         506	           0	         506
contig_corrected_v1_1770	           2	           0	           2
contig_corrected_v1_2604	         228	           0	         228
contig_corrected_v1_1774	         302	           0	         302
contig_corrected_v1_1379	           0	           0	           0
contig_corrected_v1_2685	           0	           0	           0
contig_corrected_v1_2400	         272	           0	         272
contig_corrected_v1_1767	           0	           0	           0
contig_corrected_v1_1376	           0	           0	           0
contig_corrected_v1_2696	         970	           0	         970
contig_corrected_v1_2401	           0	           0	           0
contig_corrected_v1_2763	         466	           0	         466
contig_corrected_v1_1789	           0	           0	           0
contig_corrected_v1_2686	          54	           0	          54
contig_corrected_v1_2671	        1454	           0	        1454
contig_corrected_v1_1787	           0	           0	           0
contig_corrected_v1_1438	        1536	           0	        1536
contig_corrected_v1_2637	           0	           0	           0
contig_corrected_v1_1407	           0	           0	           0
contig_corrected_v1_1612	           0	           0	           0
contig_corrected_v1_1820	           0	           0	           0
contig_corrected_v1_722	        9802	         866	       10668
contig_corrected_v1_663	         723	          25	         748
contig_corrected_v1_1434	           4	           0	           4
contig_corrected_v1_666	           0	           0	           0
contig_corrected_v1_716	      121431	       29027	      150458
contig_corrected_v1_755	        9208	         490	        9698
contig_corrected_v1_667	         503	          33	         536
contig_corrected_v1_1254	         398	          14	         412
contig_corrected_v1_1707	          42	          52	          94
contig_corrected_v1_1364	           2	           0	           2
contig_corrected_v1_1198	        1278	         216	        1494
contig_corrected_v1_810	        2704	        3000	        5704
contig_corrected_v1_1112	       80006	       23070	      103076
contig_corrected_v1_1271	          23	           1	          24
contig_corrected_v1_1272	          23	           1	          24
contig_corrected_v1_1267	          23	           1	          24
contig_corrected_v1_599	          21	           1	          22
contig_corrected_v1_1554	        2753	         237	        2990
contig_corrected_v1_700	           4	           0	           4
contig_corrected_v1_1560	         116	           0	         116
contig_corrected_v1_1564	         974	           2	         976
contig_corrected_v1_1194	       13229	         723	       13952
contig_corrected_v1_1365	       30117	       37215	       67332
contig_corrected_v1_1191	        1582	        1362	        2944
contig_corrected_v1_1480	       10096	        4566	       14662
contig_corrected_v1_1481	       13728	        4534	       18262
contig_corrected_v1_2603	        2798	           6	        2804
contig_corrected_v1_2784	      108354	          42	      108396
contig_corrected_v1_1300	         494	          44	         538
contig_corrected_v1_1097	          17	           3	          20
contig_corrected_v1_1091	         184	           2	         186
contig_corrected_v1_1212	          14	           0	          14
contig_corrected_v1_1301	      227089	         111	      227200
contig_corrected_v1_584	          48	           0	          48
contig_corrected_v1_1082	          14	           0	          14
contig_corrected_v1_403	         162	           4	         166
contig_corrected_v1_1305	      296270	         258	      296528
contig_corrected_v1_653	          62	           0	          62
contig_corrected_v1_596	          51	          11	          62
contig_corrected_v1_742	           8	           0	           8
contig_corrected_v1_613	          12	           0	          12
contig_corrected_v1_1215	           2	           2	           4
contig_corrected_v1_1100	          54	           0	          54
contig_corrected_v1_408	          38	           2	          40
contig_corrected_v1_1223	           6	           2	           8
contig_corrected_v1_1312	       90681	           1	       90682
contig_corrected_v1_1098	          12	           8	          20
contig_corrected_v1_1333	       87797	         217	       88014
contig_corrected_v1_1096	           4	           0	           4
contig_corrected_v1_476	          26	           0	          26
contig_corrected_v1_1143	        5683	           5	        5688
contig_corrected_v1_1342	      205041	          43	      205084
contig_corrected_v1_1242	          45	           1	          46
contig_corrected_v1_1133	           0	           0	           0
contig_corrected_v1_1319	      116052	        1724	      117776
contig_corrected_v1_1323	       75940	         764	       76704
contig_corrected_v1_1561	          14	           6	          20
contig_corrected_v1_1311	      408661	        5771	      414432
contig_corrected_v1_1316	       57652	         456	       58108
contig_corrected_v1_984	        5186	          12	        5198
contig_corrected_v1_1336	       64917	          17	       64934
contig_corrected_v1_1477	           0	           0	           0
contig_corrected_v1_1580	         360	           0	         360
contig_corrected_v1_1666	          24	           0	          24
contig_corrected_v1_1437	         808	           4	         812
contig_corrected_v1_1218	           0	           0	           0
contig_corrected_v1_1980	       37965	         107	       38072
contig_corrected_v1_863	        2696	           2	        2698
contig_corrected_v1_1109	           0	           0	           0
contig_corrected_v1_692	           6	           0	           6
contig_corrected_v1_1343	      121919	         417	      122336
contig_corrected_v1_1330	      128773	         441	      129214
contig_corrected_v1_1528	          42	           0	          42
contig_corrected_v1_1963	       76946	         404	       77350
contig_corrected_v1_1669	           0	           0	           0
contig_corrected_v1_1182	           3	           3	           6
contig_corrected_v1_1108	          34	           0	          34
contig_corrected_v1_1309	       64086	          80	       64166
contig_corrected_v1_1321	       83559	          35	       83594
contig_corrected_v1_1310	       86376	         432	       86808
contig_corrected_v1_1243	           4	           0	           4
contig_corrected_v1_2783	          11	           7	          18
contig_corrected_v1_1318	       23999	        4169	       28168
contig_corrected_v1_1353	       63499	          37	       63536
contig_corrected_v1_1201	           8	           2	          10
contig_corrected_v1_1565	         131	           3	         134
contig_corrected_v1_1544	          68	           2	          70
contig_corrected_v1_1327	       46042	         372	       46414
contig_corrected_v1_768	        1956	           2	        1958
contig_corrected_v1_1541	           0	           0	           0
contig_corrected_v1_910	          26	           0	          26
contig_corrected_v1_1306	       40368	         866	       41234
contig_corrected_v1_1184	      733760	         234	      733994
contig_corrected_v1_1340	      106911	          23	      106934
contig_corrected_v1_1270	           0	           0	           0
contig_corrected_v1_1347	       17632	          14	       17646
contig_corrected_v1_1087	           0	           0	           0
contig_corrected_v1_1344	       42337	        1729	       44066
contig_corrected_v1_1265	       21045	        3863	       24908
contig_corrected_v1_1693	          72	           0	          72
contig_corrected_v1_1577	         448	           0	         448
contig_corrected_v1_1356	       65841	        5357	       71198
contig_corrected_v1_1338	       31610	          96	       31706
contig_corrected_v1_1411	          31	           1	          32
contig_corrected_v1_1002	          30	           0	          30
contig_corrected_v1_859	         149	           3	         152
contig_corrected_v1_952	        1534	           0	        1534
contig_corrected_v1_1113	          28	           0	          28
contig_corrected_v1_1660	         118	           0	         118
contig_corrected_v1_1821	           0	           0	           0
contig_corrected_v1_1183	           0	           0	           0
contig_corrected_v1_2079	        2512	           0	        2512
contig_corrected_v1_1102	          16	           2	          18
contig_corrected_v1_1329	       34837	          21	       34858
contig_corrected_v1_1527	         634	           0	         634
contig_corrected_v1_1325	       87516	        2302	       89818
contig_corrected_v1_1983	       18616	         328	       18944
contig_corrected_v1_1361	        9985	           9	        9994
contig_corrected_v1_1556	           4	           0	           4
contig_corrected_v1_1302	       39275	         151	       39426
contig_corrected_v1_2246	          88	           0	          88
contig_corrected_v1_1227	           4	           4	           8
contig_corrected_v1_1228	           0	           0	           0
contig_corrected_v1_1187	          24	           0	          24
contig_corrected_v1_881	         284	           0	         284
contig_corrected_v1_1722	         120	           0	         120
contig_corrected_v1_1334	       21315	          39	       21354
contig_corrected_v1_2355	        6246	           0	        6246
contig_corrected_v1_1705	          30	           0	          30
contig_corrected_v1_1888	          10	           0	          10
contig_corrected_v1_1968	       49436	          70	       49506
contig_corrected_v1_1636	          16	           0	          16
contig_corrected_v1_1015	          18	           0	          18
contig_corrected_v1_1324	       24613	          55	       24668
contig_corrected_v1_2392	          48	           0	          48
contig_corrected_v1_1501	           0	           0	           0
contig_corrected_v1_1237	           0	           0	           0
contig_corrected_v1_1221	       14159	           1	       14160
contig_corrected_v1_1823	           0	           0	           0
contig_corrected_v1_1313	       10724	           8	       10732
contig_corrected_v1_1335	       16867	           5	       16872
contig_corrected_v1_1230	        7553	        2261	        9814
contig_corrected_v1_1924	           6	           0	           6
contig_corrected_v1_1572	          62	           0	          62
contig_corrected_v1_1025	          12	           0	          12
contig_corrected_v1_861	        6481	           1	        6482
contig_corrected_v1_1277	         314	           0	         314
contig_corrected_v1_1258	           8	           0	           8
contig_corrected_v1_2148	        1222	           0	        1222
contig_corrected_v1_877	         376	          10	         386
contig_corrected_v1_1304	      143031	          17	      143048
contig_corrected_v1_1919	          52	           0	          52
contig_corrected_v1_1436	           6	           0	           6
contig_corrected_v1_889	         202	           0	         202
contig_corrected_v1_921	           8	           0	           8
contig_corrected_v1_1843	          99	           3	         102
contig_corrected_v1_1972	       18850	          12	       18862
contig_corrected_v1_1345	       45647	          33	       45680
contig_corrected_v1_966	      725267	          27	      725294
contig_corrected_v1_1915	           0	           0	           0
contig_corrected_v1_915	          32	           0	          32
contig_corrected_v1_1259	           4	           0	           4
contig_corrected_v1_1969	       32979	          77	       33056
contig_corrected_v1_1355	      128871	          73	      128944
contig_corrected_v1_1360	       31041	          19	       31060
contig_corrected_v1_1337	       69929	         185	       70114
contig_corrected_v1_1328	       65891	        1299	       67190
contig_corrected_v1_884	        1856	           0	        1856
contig_corrected_v1_934	         168	           0	         168
contig_corrected_v1_856	          64	           0	          64
contig_corrected_v1_1653	           0	           0	           0
contig_corrected_v1_1542	           0	           0	           0
contig_corrected_v1_2636	           0	           0	           0
contig_corrected_v1_1742	          74	           0	          74
contig_corrected_v1_2300	           0	           0	           0
contig_corrected_v1_1641	          86	           0	          86
contig_corrected_v1_1510	          78	           0	          78
contig_corrected_v1_1217	           8	           0	           8
contig_corrected_v1_1499	           0	           0	           0
contig_corrected_v1_1899	          96	           0	          96
contig_corrected_v1_1723	         804	           0	         804
contig_corrected_v1_2730	           0	           0	           0
contig_corrected_v1_1970	       21133	           1	       21134
contig_corrected_v1_2007	           6	           0	           6
contig_corrected_v1_873	           4	           0	           4
contig_corrected_v1_1357	       33186	          22	       33208
contig_corrected_v1_1984	        2636	         418	        3054
contig_corrected_v1_1479	        2702	         418	        3120
contig_corrected_v1_831	           8	           0	           8
contig_corrected_v1_1762	          28	           0	          28
contig_corrected_v1_2137	          12	           0	          12
contig_corrected_v1_1732	          62	           0	          62
contig_corrected_v1_1013	         100	           0	         100
contig_corrected_v1_1269	           4	           0	           4
contig_corrected_v1_1491	           0	           0	           0
contig_corrected_v1_832	         230	           0	         230
contig_corrected_v1_1029	          22	           0	          22
contig_corrected_v1_1852	         402	           0	         402
contig_corrected_v1_2513	           0	           0	           0
contig_corrected_v1_1566	           4	          14	          18
contig_corrected_v1_2208	           0	           0	           0
contig_corrected_v1_1868	          90	           0	          90
contig_corrected_v1_1176	        2257	         411	        2668
contig_corrected_v1_1350	        4634	          12	        4646
contig_corrected_v1_1367	           0	           0	           0
contig_corrected_v1_1719	           0	           0	           0
contig_corrected_v1_914	          58	           0	          58
contig_corrected_v1_880	          20	           0	          20
contig_corrected_v1_1993	           0	           0	           0
contig_corrected_v1_933	          68	           0	          68
contig_corrected_v1_1502	           0	           0	           0
contig_corrected_v1_1278	          84	           0	          84
contig_corrected_v1_916	          10	           0	          10
contig_corrected_v1_1652	           0	           0	           0
contig_corrected_v1_1978	       10593	           3	       10596
contig_corrected_v1_1456	          70	           0	          70
contig_corrected_v1_1863	           0	           0	           0
contig_corrected_v1_1930	         186	           0	         186
contig_corrected_v1_2713	           0	           0	           0
contig_corrected_v1_1066	           0	           0	           0
contig_corrected_v1_1536	          18	           0	          18
contig_corrected_v1_1000	          14	           0	          14
contig_corrected_v1_2553	           0	           0	           0
contig_corrected_v1_1037	         740	           0	         740
contig_corrected_v1_1500	           0	           0	           0
contig_corrected_v1_834	           4	           0	           4
contig_corrected_v1_958	          16	           0	          16
contig_corrected_v1_1288	          50	           0	          50
contig_corrected_v1_1540	         407	         589	         996
contig_corrected_v1_2551	          48	           0	          48
contig_corrected_v1_1094	          14	           0	          14
contig_corrected_v1_1105	           0	           0	           0
contig_corrected_v1_1515	          22	           0	          22
contig_corrected_v1_1423	         244	           0	         244
contig_corrected_v1_2280	          34	           0	          34
contig_corrected_v1_1664	           0	           0	           0
contig_corrected_v1_2431	          24	           0	          24
contig_corrected_v1_1470	         388	           0	         388
contig_corrected_v1_2487	           6	           0	           6
contig_corrected_v1_1496	           6	           0	           6
contig_corrected_v1_1948	           2	           0	           2
contig_corrected_v1_2324	          12	           0	          12
contig_corrected_v1_2168	           0	           0	           0
contig_corrected_v1_1996	           0	           0	           0
contig_corrected_v1_2242	          18	           0	          18
contig_corrected_v1_1462	          10	           0	          10
contig_corrected_v1_833	          10	           0	          10
contig_corrected_v1_1349	       51400	        1148	       52548
contig_corrected_v1_1728	          40	           0	          40
contig_corrected_v1_1733	          64	           0	          64
contig_corrected_v1_864	         417	          23	         440
contig_corrected_v1_2113	           0	           0	           0
contig_corrected_v1_1354	       46831	          65	       46896
contig_corrected_v1_2565	           0	           0	           0
contig_corrected_v1_1916	           0	           0	           0
contig_corrected_v1_1248	           6	           0	           6
contig_corrected_v1_1117	         367	         549	         916
contig_corrected_v1_2040	          38	           0	          38
contig_corrected_v1_2027	          70	           0	          70
contig_corrected_v1_953	           6	           0	           6
contig_corrected_v1_1911	         134	           6	         140
contig_corrected_v1_1743	         740	           0	         740
contig_corrected_v1_1362	           0	           0	           0
contig_corrected_v1_2342	           8	           0	           8
contig_corrected_v1_1307	       43777	          21	       43798
contig_corrected_v1_2304	           0	           0	           0
contig_corrected_v1_1447	         236	           0	         236
contig_corrected_v1_1847	          22	           0	          22
contig_corrected_v1_1449	         162	           0	         162
contig_corrected_v1_945	          92	           0	          92
contig_corrected_v1_1865	           2	           0	           2
contig_corrected_v1_1352	       32794	          50	       32844
contig_corrected_v1_2014	          70	           8	          78
contig_corrected_v1_2105	          32	           0	          32
contig_corrected_v1_1055	          14	           0	          14
contig_corrected_v1_858	          12	           0	          12
contig_corrected_v1_1583	        2862	           0	        2862
contig_corrected_v1_879	          62	           0	          62
contig_corrected_v1_1617	           2	           0	           2
contig_corrected_v1_875	          26	           0	          26
contig_corrected_v1_2316	         104	           0	         104
contig_corrected_v1_1252	          35	           7	          42
contig_corrected_v1_1257	           0	           0	           0
contig_corrected_v1_2141	           0	           0	           0
contig_corrected_v1_1905	         150	           0	         150
contig_corrected_v1_2001	         228	           0	         228
contig_corrected_v1_2181	          52	           0	          52
contig_corrected_v1_846	           6	           0	           6
contig_corrected_v1_1552	          14	           0	          14
contig_corrected_v1_2287	           0	           0	           0
contig_corrected_v1_888	          20	           0	          20
contig_corrected_v1_1939	           0	           0	           0
contig_corrected_v1_673	           2	           0	           2
contig_corrected_v1_1408	           0	           0	           0
contig_corrected_v1_2032	           4	           0	           4
contig_corrected_v1_2422	           2	           0	           2
contig_corrected_v1_1849	          40	           0	          40
contig_corrected_v1_1897	          10	           0	          10
contig_corrected_v1_2253	          96	           0	          96
contig_corrected_v1_1559	           2	           0	           2
contig_corrected_v1_1266	           0	           0	           0
contig_corrected_v1_2349	          74	           0	          74
contig_corrected_v1_1167	          48	           0	          48
contig_corrected_v1_1872	           0	           0	           0
contig_corrected_v1_2391	           0	           0	           0
contig_corrected_v1_1209	           0	           0	           0
contig_corrected_v1_1285	         112	           0	         112
contig_corrected_v1_1735	           4	           0	           4
contig_corrected_v1_1672	           0	           0	           0
contig_corrected_v1_2241	          14	           0	          14
contig_corrected_v1_2175	       19061	           7	       19068
contig_corrected_v1_1914	          54	           0	          54
contig_corrected_v1_2240	          25	           1	          26
contig_corrected_v1_1807	           0	           0	           0
contig_corrected_v1_1410	           0	           0	           0
contig_corrected_v1_847	          46	           0	          46
contig_corrected_v1_2016	          14	           0	          14
contig_corrected_v1_850	           4	           0	           4
contig_corrected_v1_1005	           2	           0	           2
contig_corrected_v1_2015	         304	           0	         304
contig_corrected_v1_2290	           8	           0	           8
contig_corrected_v1_1875	           8	           0	           8
contig_corrected_v1_1965	       38120	          98	       38218
contig_corrected_v1_1967	       17479	          37	       17516
contig_corrected_v1_902	         150	           0	         150
contig_corrected_v1_1959	           0	           0	           0
contig_corrected_v1_874	          22	           0	          22
contig_corrected_v1_1979	       42260	           0	       42260
contig_corrected_v1_1829	          22	           0	          22
contig_corrected_v1_1264	           0	           0	           0
contig_corrected_v1_1465	         746	           0	         746
contig_corrected_v1_1966	       21986	          32	       22018
contig_corrected_v1_1550	          46	           0	          46
contig_corrected_v1_2135	         422	           0	         422
contig_corrected_v1_2415	          18	           0	          18
contig_corrected_v1_1982	       40391	         413	       40804
contig_corrected_v1_848	           6	           0	           6
contig_corrected_v1_1906	          20	           0	          20
contig_corrected_v1_1836	           2	           0	           2
contig_corrected_v1_1644	           0	           0	           0
contig_corrected_v1_1910	          52	           0	          52
contig_corrected_v1_1474	          12	           0	          12
contig_corrected_v1_830	          10	           0	          10
contig_corrected_v1_1844	           6	           0	           6
contig_corrected_v1_1730	           0	           0	           0
contig_corrected_v1_1476	           8	           0	           8
contig_corrected_v1_890	          61	           5	          66
contig_corrected_v1_1671	           2	           0	           2
contig_corrected_v1_2572	           0	           0	           0
contig_corrected_v1_2245	          36	           0	          36
contig_corrected_v1_1781	          26	           0	          26
contig_corrected_v1_2356	          20	           0	          20
contig_corrected_v1_2167	           0	           0	           0
contig_corrected_v1_1846	          34	           0	          34
contig_corrected_v1_1553	           0	           0	           0
contig_corrected_v1_2455	           0	           0	           0
contig_corrected_v1_1433	           0	           0	           0
contig_corrected_v1_2063	          60	           0	          60
contig_corrected_v1_2112	          76	           0	          76
contig_corrected_v1_2614	          26	           0	          26
contig_corrected_v1_1678	          14	           0	          14
contig_corrected_v1_1756	           0	           0	           0
contig_corrected_v1_2571	           0	           0	           0
contig_corrected_v1_1892	         404	           0	         404
contig_corrected_v1_1673	           0	           0	           0
contig_corrected_v1_1904	           2	           0	           2
contig_corrected_v1_1855	          16	           0	          16
contig_corrected_v1_2140	     1220820	          42	     1220862
contig_corrected_v1_2599	           0	           0	           0
contig_corrected_v1_2412	           0	           0	           0
contig_corrected_v1_1458	          34	           0	          34
contig_corrected_v1_1275	         188	           0	         188
contig_corrected_v1_2411	           0	           0	           0
contig_corrected_v1_2161	           0	           0	           0
contig_corrected_v1_2008	           6	           0	           6
contig_corrected_v1_2594	         871	           1	         872
contig_corrected_v1_2190	           0	           0	           0
contig_corrected_v1_1891	          12	           0	          12
contig_corrected_v1_2259	         151	           1	         152
contig_corrected_v1_1952	           0	           0	           0
contig_corrected_v1_2269	           4	           0	           4
contig_corrected_v1_1322	      125386	         166	      125552
contig_corrected_v1_2320	           0	           0	           0
contig_corrected_v1_2667	           0	           0	           0
contig_corrected_v1_1851	           2	           0	           2
contig_corrected_v1_2053	           4	           0	           4
contig_corrected_v1_2419	          18	           0	          18
contig_corrected_v1_971	           0	           0	           0
contig_corrected_v1_1945	       42329	          87	       42416
contig_corrected_v1_1876	          14	           0	          14
contig_corrected_v1_1315	       49744	          52	       49796
contig_corrected_v1_2322	         674	           0	         674
contig_corrected_v1_941	         168	           0	         168
contig_corrected_v1_2180	           0	           0	           0
contig_corrected_v1_1446	         724	           0	         724
contig_corrected_v1_1958	           0	           0	           0
contig_corrected_v1_1286	         105	           1	         106
contig_corrected_v1_2109	          16	           0	          16
contig_corrected_v1_2084	          20	           0	          20
contig_corrected_v1_2136	           2	           0	           2
contig_corrected_v1_1551	          14	           0	          14
contig_corrected_v1_1444	           2	           0	           2
contig_corrected_v1_2055	           2	           0	           2
contig_corrected_v1_946	           4	           0	           4
contig_corrected_v1_1189	           2	           0	           2
contig_corrected_v1_2236	           0	           0	           0
contig_corrected_v1_2620	           0	           0	           0
contig_corrected_v1_1455	           0	           0	           0
contig_corrected_v1_2205	          18	           0	          18
contig_corrected_v1_917	         986	           0	         986
contig_corrected_v1_2033	         336	           0	         336
contig_corrected_v1_2410	           0	           0	           0
contig_corrected_v1_1841	          48	           0	          48
contig_corrected_v1_1907	          16	           0	          16
contig_corrected_v1_1973	      104160	        3358	      107518
contig_corrected_v1_2225	           6	           0	           6
contig_corrected_v1_925	           8	           0	           8
contig_corrected_v1_1023	         160	           0	         160
contig_corrected_v1_1590	         420	           0	         420
contig_corrected_v1_1940	           8	           0	           8
contig_corrected_v1_1034	           2	           0	           2
contig_corrected_v1_932	          74	           0	          74
contig_corrected_v1_1332	        4532	           0	        4532
contig_corrected_v1_1172	         404	           0	         404
contig_corrected_v1_2021	          24	           0	          24
contig_corrected_v1_1165	         184	           0	         184
contig_corrected_v1_2467	           0	           0	           0
contig_corrected_v1_2191	          46	           0	          46
contig_corrected_v1_2758	          70	           0	          70
contig_corrected_v1_1706	           6	           0	           6
contig_corrected_v1_2189	           0	           0	           0
contig_corrected_v1_2223	         226	           0	         226
contig_corrected_v1_1282	          12	           0	          12
contig_corrected_v1_1359	       43018	           2	       43020
contig_corrected_v1_2278	          38	           0	          38
contig_corrected_v1_1232	      378812	           6	      378818
contig_corrected_v1_1825	           2	           0	           2
contig_corrected_v1_2252	          41	           1	          42
contig_corrected_v1_1864	          72	           0	          72
contig_corrected_v1_2377	        3275	           1	        3276
contig_corrected_v1_2036	         118	           0	         118
contig_corrected_v1_2119	         766	           0	         766
contig_corrected_v1_2243	           0	           0	           0
contig_corrected_v1_2265	           0	           0	           0
contig_corrected_v1_2045	           8	           0	           8
contig_corrected_v1_2155	           0	           0	           0
contig_corrected_v1_1830	         168	           0	         168
contig_corrected_v1_2600	           0	           0	           0
contig_corrected_v1_1279	           0	           0	           0
contig_corrected_v1_2114	           0	           0	           0
contig_corrected_v1_985	         186	           0	         186
contig_corrected_v1_1142	           2	           0	           2
contig_corrected_v1_1369	        6598	           0	        6598
contig_corrected_v1_2309	           0	           0	           0
contig_corrected_v1_2543	          34	           0	          34
contig_corrected_v1_2370	          62	           0	          62
contig_corrected_v1_1708	           0	           0	           0
contig_corrected_v1_1944	         610	           0	         610
contig_corrected_v1_1976	        5434	           6	        5440
contig_corrected_v1_1630	          40	           0	          40
contig_corrected_v1_1931	          18	           0	          18
contig_corrected_v1_1998	           4	           0	           4
contig_corrected_v1_1896	           6	           0	           6
contig_corrected_v1_2157	      711171	          27	      711198
contig_corrected_v1_1923	         182	           0	         182
contig_corrected_v1_1107	           4	           0	           4
contig_corrected_v1_1716	          18	           0	          18
contig_corrected_v1_852	          20	           0	          20
contig_corrected_v1_919	           8	           0	           8
contig_corrected_v1_2343	           2	           0	           2
contig_corrected_v1_2390	           0	           0	           0
contig_corrected_v1_2172	       40595	           7	       40602
contig_corrected_v1_1003	           2	           0	           2
contig_corrected_v1_1486	           0	           0	           0
contig_corrected_v1_1297	          10	           4	          14
contig_corrected_v1_2152	           0	           0	           0
contig_corrected_v1_2310	           0	           0	           0
contig_corrected_v1_1019	          18	           0	          18
contig_corrected_v1_1283	         126	           0	         126
contig_corrected_v1_1771	         430	           0	         430
contig_corrected_v1_2273	          18	           0	          18
contig_corrected_v1_2350	          70	           0	          70
contig_corrected_v1_1717	         204	           0	         204
contig_corrected_v1_1635	          32	           0	          32
contig_corrected_v1_1578	           0	           0	           0
contig_corrected_v1_1532	           0	           0	           0
contig_corrected_v1_870	          62	           0	          62
contig_corrected_v1_1371	         800	          44	         844
contig_corrected_v1_1042	         338	           0	         338
contig_corrected_v1_2442	           0	           0	           0
contig_corrected_v1_835	          16	           0	          16
contig_corrected_v1_1649	          32	           0	          32
contig_corrected_v1_2732	         264	           0	         264
contig_corrected_v1_2684	           0	           0	           0
contig_corrected_v1_2347	          26	           0	          26
contig_corrected_v1_2029	           0	           0	           0
contig_corrected_v1_2633	           2	           0	           2
contig_corrected_v1_2279	          34	           0	          34
contig_corrected_v1_2439	          22	           0	          22
contig_corrected_v1_855	          30	           0	          30
contig_corrected_v1_1949	           0	           0	           0
contig_corrected_v1_1714	          20	           0	          20
contig_corrected_v1_2755	         218	           0	         218
contig_corrected_v1_2206	           8	           0	           8
contig_corrected_v1_908	          38	           0	          38
contig_corrected_v1_2465	        9091	           7	        9098
contig_corrected_v1_2358	          38	           0	          38
contig_corrected_v1_2404	           8	           0	           8
contig_corrected_v1_1292	          92	           0	          92
contig_corrected_v1_882	          16	           0	          16
contig_corrected_v1_2025	           2	           0	           2
contig_corrected_v1_1640	           6	           0	           6
contig_corrected_v1_1715	           0	           0	           0
contig_corrected_v1_2085	           4	           0	           4
contig_corrected_v1_1445	          88	           0	          88
contig_corrected_v1_2748	           4	           0	           4
contig_corrected_v1_1805	          18	           2	          20
contig_corrected_v1_2630	           0	           0	           0
contig_corrected_v1_2373	           2	           0	           2
contig_corrected_v1_1643	           0	           0	           0
contig_corrected_v1_1440	          10	           0	          10
contig_corrected_v1_871	          56	           0	          56
contig_corrected_v1_2734	           0	           0	           0
contig_corrected_v1_2234	           0	           0	           0
contig_corrected_v1_1158	         382	           0	         382
contig_corrected_v1_2725	           0	           0	           0
contig_corrected_v1_2163	          44	           0	          44
contig_corrected_v1_1468	           6	           0	           6
contig_corrected_v1_2662	           0	           0	           0
contig_corrected_v1_1928	           2	           0	           2
contig_corrected_v1_1894	           0	           0	           0
contig_corrected_v1_2497	          20	           0	          20
contig_corrected_v1_996	           2	           0	           2
contig_corrected_v1_1850	           8	           0	           8
contig_corrected_v1_2314	          24	           0	          24
contig_corrected_v1_1494	           6	           0	           6
contig_corrected_v1_1729	          36	           0	          36
contig_corrected_v1_1753	          26	           0	          26
contig_corrected_v1_994	          18	           0	          18
contig_corrected_v1_2215	           0	           0	           0
contig_corrected_v1_2178	       17534	          26	       17560
contig_corrected_v1_2222	          56	           0	          56
contig_corrected_v1_1912	           0	           0	           0
contig_corrected_v1_2268	           2	           0	           2
contig_corrected_v1_2469	           0	           0	           0
contig_corrected_v1_1454	          64	           0	          64
contig_corrected_v1_2700	           4	           0	           4
contig_corrected_v1_1879	           6	           0	           6
contig_corrected_v1_2452	           0	           0	           0
contig_corrected_v1_2049	           4	           0	           4
contig_corrected_v1_2642	         956	           0	         956
contig_corrected_v1_2750	           0	           0	           0
contig_corrected_v1_1622	          74	           0	          74
contig_corrected_v1_1495	         516	           0	         516
contig_corrected_v1_2345	           0	           0	           0
contig_corrected_v1_2212	          18	           0	          18
contig_corrected_v1_991	           6	           0	           6
contig_corrected_v1_2463	       16164	          26	       16190
contig_corrected_v1_2284	           2	           0	           2
contig_corrected_v1_2130	           8	           0	           8
contig_corrected_v1_1120	         310	           8	         318
contig_corrected_v1_2064	           2	           0	           2
contig_corrected_v1_1156	        4446	           0	        4446
contig_corrected_v1_2156	           0	           0	           0
contig_corrected_v1_853	          14	           0	          14
contig_corrected_v1_2092	          84	           0	          84
contig_corrected_v1_2511	        3264	           2	        3266
contig_corrected_v1_1634	          28	           0	          28
contig_corrected_v1_2082	          10	           0	          10
contig_corrected_v1_2074	        1206	           0	        1206
contig_corrected_v1_1815	           0	           0	           0
contig_corrected_v1_1867	          28	           6	          34
contig_corrected_v1_857	           8	           0	           8
contig_corrected_v1_1471	         222	           0	         222
contig_corrected_v1_1710	           0	           0	           0
contig_corrected_v1_1524	         280	           0	         280
contig_corrected_v1_2018	           2	           0	           2
contig_corrected_v1_1957	           0	           0	           0
contig_corrected_v1_1804	       14656	           0	       14656
contig_corrected_v1_2443	         920	           0	         920
contig_corrected_v1_1141	          14	           0	          14
contig_corrected_v1_1861	           0	           0	           0
contig_corrected_v1_1856	          34	           0	          34
contig_corrected_v1_2516	        3744	           0	        3744
contig_corrected_v1_1946	           0	           0	           0
contig_corrected_v1_2371	          98	           0	          98
contig_corrected_v1_2496	         742	           0	         742
contig_corrected_v1_1460	       10736	           0	       10736
contig_corrected_v1_2177	        6601	           3	        6604
contig_corrected_v1_1889	          18	           0	          18
contig_corrected_v1_1483	           0	           0	           0
contig_corrected_v1_2115	          12	           0	          12
contig_corrected_v1_1811	        1514	           0	        1514
contig_corrected_v1_2568	           0	           0	           0
contig_corrected_v1_2327	         140	           0	         140
contig_corrected_v1_2682	          48	           0	          48
contig_corrected_v1_2197	         360	           0	         360
contig_corrected_v1_1971	       26761	          15	       26776
contig_corrected_v1_2641	         232	           0	         232
contig_corrected_v1_2331	         166	           0	         166
contig_corrected_v1_2158	           0	           0	           0
contig_corrected_v1_2705	          18	           0	          18
contig_corrected_v1_2201	          44	           0	          44
contig_corrected_v1_2376	         632	           0	         632
contig_corrected_v1_2576	          20	           0	          20
contig_corrected_v1_1287	           6	           0	           6
contig_corrected_v1_1721	           4	           0	           4
contig_corrected_v1_2174	       31286	          26	       31312
contig_corrected_v1_2646	           0	           0	           0
contig_corrected_v1_872	          44	           0	          44
contig_corrected_v1_1320	      114450	         814	      115264
contig_corrected_v1_1146	           8	           0	           8
contig_corrected_v1_2078	          10	           0	          10
contig_corrected_v1_1409	           0	           0	           0
contig_corrected_v1_1826	          54	           0	          54
contig_corrected_v1_2777	           0	           0	           0
contig_corrected_v1_2173	       35911	          27	       35938
contig_corrected_v1_2615	          38	           0	          38
contig_corrected_v1_1639	           0	           0	           0
contig_corrected_v1_1947	           0	           0	           0
contig_corrected_v1_2535	         120	           0	         120
contig_corrected_v1_2611	          52	           0	          52
contig_corrected_v1_1898	          14	           0	          14
contig_corrected_v1_1670	           0	           0	           0
contig_corrected_v1_2364	           0	           0	           0
contig_corrected_v1_1432	           0	           0	           0
contig_corrected_v1_2655	          92	           0	          92
contig_corrected_v1_2176	       13070	          10	       13080
contig_corrected_v1_1913	          66	           0	          66
contig_corrected_v1_1860	           0	           0	           0
contig_corrected_v1_2041	           2	           0	           2
contig_corrected_v1_1503	          10	           0	          10
contig_corrected_v1_1155	          96	           0	          96
contig_corrected_v1_1845	          78	           0	          78
contig_corrected_v1_1290	          24	           0	          24
contig_corrected_v1_2680	          24	           0	          24
contig_corrected_v1_1725	          58	           0	          58
contig_corrected_v1_1720	          58	           0	          58
contig_corrected_v1_2094	           0	           0	           0
contig_corrected_v1_2716	           4	           0	           4
contig_corrected_v1_1236	           0	           0	           0
contig_corrected_v1_1478	           0	           0	           0
contig_corrected_v1_2526	         181	           3	         184
contig_corrected_v1_2255	           0	           0	           0
contig_corrected_v1_1548	           2	           0	           2
contig_corrected_v1_1276	          50	           0	          50
contig_corrected_v1_2668	           0	           0	           0
contig_corrected_v1_901	           0	           0	           0
contig_corrected_v1_2660	           8	           0	           8
contig_corrected_v1_929	           4	           0	           4
contig_corrected_v1_1614	           0	           0	           0
contig_corrected_v1_2153	           0	           0	           0
contig_corrected_v1_1662	           0	           0	           0
contig_corrected_v1_2247	         112	           0	         112
contig_corrected_v1_2676	           0	           0	           0
contig_corrected_v1_924	          62	           0	          62
contig_corrected_v1_2395	           0	           0	           0
contig_corrected_v1_2317	          14	           0	          14
contig_corrected_v1_2122	           0	           0	           0
contig_corrected_v1_2143	         302	           0	         302
contig_corrected_v1_2527	           0	           0	           0
contig_corrected_v1_1647	          18	           0	          18
contig_corrected_v1_2335	          40	           0	          40
contig_corrected_v1_2264	           0	           0	           0
contig_corrected_v1_2621	          74	           0	          74
contig_corrected_v1_2237	          40	           0	          40
contig_corrected_v1_2554	           0	           0	           0
contig_corrected_v1_1848	           0	           0	           0
contig_corrected_v1_1567	           0	           0	           0
contig_corrected_v1_1819	         166	           0	         166
contig_corrected_v1_2590	          14	           0	          14
contig_corrected_v1_1629	         101	           3	         104
contig_corrected_v1_2677	          76	           0	          76
contig_corrected_v1_2437	         176	           0	         176
contig_corrected_v1_849	           0	           0	           0
contig_corrected_v1_2744	           0	           0	           0
contig_corrected_v1_2473	           0	           0	           0
contig_corrected_v1_2081	          64	           0	          64
contig_corrected_v1_2292	           0	           0	           0
contig_corrected_v1_2425	           0	           0	           0
contig_corrected_v1_937	          36	           0	          36
contig_corrected_v1_954	           8	           0	           8
contig_corrected_v1_2254	          64	           0	          64
contig_corrected_v1_2361	           2	           0	           2
contig_corrected_v1_1351	       23040	          38	       23078
contig_corrected_v1_2299	           0	           0	           0
contig_corrected_v1_1681	           6	           0	           6
contig_corrected_v1_1273	           0	           0	           0
contig_corrected_v1_1961	           0	           0	           0
contig_corrected_v1_2266	           0	           0	           0
contig_corrected_v1_2586	           4	           0	           4
contig_corrected_v1_1516	           0	           0	           0
contig_corrected_v1_2012	          30	           0	          30
contig_corrected_v1_2227	         106	           0	         106
contig_corrected_v1_1618	          40	           0	          40
contig_corrected_v1_1962	           0	           0	           0
contig_corrected_v1_2359	           0	           0	           0
contig_corrected_v1_1975	       19304	          16	       19320
contig_corrected_v1_2619	           0	           0	           0
contig_corrected_v1_1341	       15271	           9	       15280
contig_corrected_v1_1824	           0	           0	           0
contig_corrected_v1_1887	         202	           0	         202
contig_corrected_v1_1885	          22	           0	          22
contig_corrected_v1_2592	          10	           0	          10
contig_corrected_v1_2656	           4	           0	           4
contig_corrected_v1_2679	           0	           0	           0
contig_corrected_v1_1507	         206	           0	         206
contig_corrected_v1_2775	          12	           0	          12
contig_corrected_v1_2101	          10	           0	          10
contig_corrected_v1_1294	           0	           0	           0
contig_corrected_v1_1475	        1162	           0	        1162
contig_corrected_v1_1870	           6	           0	           6
contig_corrected_v1_2102	           2	           0	           2
contig_corrected_v1_1339	        1646	           2	        1648
contig_corrected_v1_2673	         188	           0	         188
contig_corrected_v1_2420	         144	           0	         144
contig_corrected_v1_2770	         244	           0	         244
contig_corrected_v1_2069	           0	           0	           0
contig_corrected_v1_1418	          82	           0	          82
contig_corrected_v1_2722	         104	           0	         104
contig_corrected_v1_2336	          86	           0	          86
contig_corrected_v1_2432	           0	           0	           0
contig_corrected_v1_2288	          38	           0	          38
contig_corrected_v1_2506	           0	           0	           0
contig_corrected_v1_1450	           8	           0	           8
contig_corrected_v1_2220	           4	           0	           4
contig_corrected_v1_2523	           0	           0	           0
contig_corrected_v1_2374	          92	           0	          92
contig_corrected_v1_1654	           0	           0	           0
contig_corrected_v1_1022	           4	           0	           4
contig_corrected_v1_2075	          16	           0	          16
contig_corrected_v1_1546	          12	           0	          12
contig_corrected_v1_2261	           2	           0	           2
contig_corrected_v1_1615	           2	           0	           2
contig_corrected_v1_2095	         182	           2	         184
contig_corrected_v1_2764	           0	           0	           0
contig_corrected_v1_1878	          16	           0	          16
contig_corrected_v1_1346	      112920	        2828	      115748
contig_corrected_v1_1871	           0	           0	           0
contig_corrected_v1_1001	         376	           0	         376
contig_corrected_v1_2609	         384	           0	         384
contig_corrected_v1_1853	           4	           0	           4
contig_corrected_v1_1953	      503273	           5	      503278
contig_corrected_v1_1632	           6	           0	           6
contig_corrected_v1_2211	          10	           0	          10
contig_corrected_v1_1519	          18	           0	          18
contig_corrected_v1_1884	          10	           0	          10
contig_corrected_v1_2346	           0	           0	           0
contig_corrected_v1_1186	           0	           0	           0
contig_corrected_v1_2435	           4	           0	           4
contig_corrected_v1_2096	           2	           0	           2
contig_corrected_v1_2219	         200	           0	         200
contig_corrected_v1_2697	          12	           0	          12
contig_corrected_v1_2440	           0	           0	           0
contig_corrected_v1_1521	          20	           0	          20
contig_corrected_v1_1792	         116	           0	         116
contig_corrected_v1_1776	          26	           0	          26
contig_corrected_v1_2030	           4	           0	           4
contig_corrected_v1_2733	           0	           0	           0
contig_corrected_v1_2612	          36	           0	          36
contig_corrected_v1_2651	           0	           0	           0
contig_corrected_v1_1522	          12	           0	          12
contig_corrected_v1_1457	           4	           0	           4
contig_corrected_v1_1754	           0	           0	           0
contig_corrected_v1_1834	           6	           0	           6
contig_corrected_v1_1933	           2	           0	           2
contig_corrected_v1_2779	           0	           0	           0
contig_corrected_v1_2235	           0	           0	           0
contig_corrected_v1_1991	         100	           0	         100
contig_corrected_v1_2449	        1274	           0	        1274
contig_corrected_v1_2047	           0	           0	           0
contig_corrected_v1_1651	          52	           0	          52
contig_corrected_v1_2057	          26	           0	          26
contig_corrected_v1_2366	          54	           0	          54
contig_corrected_v1_2545	           0	           0	           0
contig_corrected_v1_1679	        2743	          15	        2758
contig_corrected_v1_1149	        2810	           0	        2810
contig_corrected_v1_844	          70	           0	          70
contig_corrected_v1_2519	          16	           0	          16
contig_corrected_v1_1727	          14	           0	          14
contig_corrected_v1_2061	           6	           0	           6
contig_corrected_v1_2438	          10	           0	          10
contig_corrected_v1_2625	         754	           0	         754
contig_corrected_v1_2488	         664	           0	         664
contig_corrected_v1_2285	           0	           0	           0
contig_corrected_v1_1964	       41047	         337	       41384
contig_corrected_v1_1539	         902	           0	         902
contig_corrected_v1_2131	           8	           0	           8
contig_corrected_v1_2436	           4	           0	           4
contig_corrected_v1_1880	           2	           0	           2
contig_corrected_v1_2138	          12	           0	          12
contig_corrected_v1_2632	           0	           0	           0
contig_corrected_v1_2263	           0	           0	           0
contig_corrected_v1_1032	           0	           0	           0
contig_corrected_v1_2354	           0	           0	           0
contig_corrected_v1_2042	           6	           0	           6
contig_corrected_v1_2169	           0	           0	           0
contig_corrected_v1_2291	         202	           0	         202
contig_corrected_v1_838	           0	           0	           0
contig_corrected_v1_2429	           6	           0	           6
contig_corrected_v1_1901	         504	           0	         504
contig_corrected_v1_2530	         366	           0	         366
contig_corrected_v1_2362	           4	           0	           4
contig_corrected_v1_1038	        2518	           0	        2518
contig_corrected_v1_2035	         372	           0	         372
contig_corrected_v1_1831	          18	           0	          18
contig_corrected_v1_1506	           0	           0	           0
contig_corrected_v1_1627	          42	           0	          42
contig_corrected_v1_2418	           4	           0	           4
contig_corrected_v1_2776	           8	           0	           8
contig_corrected_v1_2368	         116	           0	         116
contig_corrected_v1_1759	          22	           0	          22
contig_corrected_v1_1020	          16	           0	          16
contig_corrected_v1_2104	           0	           0	           0
contig_corrected_v1_1761	           8	           0	           8
contig_corrected_v1_862	          98	           0	          98
contig_corrected_v1_2674	         798	           0	         798
contig_corrected_v1_2388	           0	           0	           0
contig_corrected_v1_1621	           0	           0	           0
contig_corrected_v1_2303	       10982	           0	       10982
contig_corrected_v1_2649	           2	           0	           2
contig_corrected_v1_2657	          10	           0	          10
contig_corrected_v1_2330	           2	           0	           2
contig_corrected_v1_1814	          12	           0	          12
contig_corrected_v1_1981	      100709	         353	      101062
contig_corrected_v1_1472	           0	           0	           0
contig_corrected_v1_1676	           0	           0	           0
contig_corrected_v1_1838	           0	           0	           0
contig_corrected_v1_2781	           0	           0	           0
contig_corrected_v1_2489	          76	           0	          76
contig_corrected_v1_2482	           2	           0	           2
contig_corrected_v1_2325	         124	           0	         124
contig_corrected_v1_1366	           0	           0	           0
contig_corrected_v1_2421	           0	           0	           0
contig_corrected_v1_1668	           4	           0	           4
contig_corrected_v1_2654	           0	           0	           0
contig_corrected_v1_1009	           0	           0	           0
contig_corrected_v1_2028	           0	           0	           0
contig_corrected_v1_918	           8	           0	           8
contig_corrected_v1_2294	          96	           0	          96
contig_corrected_v1_1487	           4	           0	           4
contig_corrected_v1_2675	           4	           0	           4
contig_corrected_v1_2038	         134	           0	         134
contig_corrected_v1_2002	          28	           0	          28
contig_corrected_v1_2282	          26	           0	          26
contig_corrected_v1_1281	           0	           0	           0
contig_corrected_v1_2123	           2	           0	           2
contig_corrected_v1_998	           6	           0	           6
contig_corrected_v1_2648	          16	           0	          16
contig_corrected_v1_1008	           4	           0	           4
contig_corrected_v1_1857	           0	           0	           0
contig_corrected_v1_2627	           0	           0	           0
contig_corrected_v1_2365	           2	           0	           2
contig_corrected_v1_2146	          30	           0	          30
contig_corrected_v1_2121	           2	           0	           2
contig_corrected_v1_2367	         134	           0	         134
contig_corrected_v1_2209	          18	           0	          18
contig_corrected_v1_2494	          70	           0	          70
contig_corrected_v1_2724	           4	           0	           4
contig_corrected_v1_1498	           0	           0	           0
contig_corrected_v1_2665	         458	           0	         458
contig_corrected_v1_2678	         148	           0	         148
contig_corrected_v1_2239	           4	           0	           4
contig_corrected_v1_1469	           0	           0	           0
contig_corrected_v1_1543	           0	           0	           0
contig_corrected_v1_1021	           6	           0	           6
contig_corrected_v1_2301	           0	           0	           0
contig_corrected_v1_2490	          50	           0	          50
contig_corrected_v1_2757	           6	           0	           6
contig_corrected_v1_970	           0	           0	           0
contig_corrected_v1_1331	       27440	          16	       27456
contig_corrected_v1_1370	        5898	           8	        5906
contig_corrected_v1_2461	           0	           0	           0
contig_corrected_v1_2687	         244	           0	         244
contig_corrected_v1_2233	           0	           0	           0
contig_corrected_v1_2520	          18	           0	          18
contig_corrected_v1_2601	        1318	           2	        1320
contig_corrected_v1_1937	           0	           0	           0
contig_corrected_v1_2441	           0	           0	           0
contig_corrected_v1_1902	          10	           0	          10
contig_corrected_v1_2066	           0	           0	           0
contig_corrected_v1_2054	           2	           0	           2
contig_corrected_v1_2521	          74	           0	          74
contig_corrected_v1_2721	           4	           0	           4
contig_corrected_v1_2230	           0	           0	           0
contig_corrected_v1_2493	         126	          12	         138
contig_corrected_v1_2093	           2	           0	           2
contig_corrected_v1_2144	          92	           0	          92
contig_corrected_v1_2635	           0	           0	           0
contig_corrected_v1_1922	           0	           0	           0
contig_corrected_v1_1581	          44	           0	          44
contig_corrected_v1_2315	           0	           0	           0
contig_corrected_v1_2723	           0	           0	           0
contig_corrected_v1_1430	           0	           0	           0
contig_corrected_v1_2179	         163	          19	         182
contig_corrected_v1_2610	          54	           0	          54
contig_corrected_v1_2389	           3	           3	           6
contig_corrected_v1_2591	          12	           0	          12
contig_corrected_v1_1740	          82	           0	          82
contig_corrected_v1_962	           0	           0	           0
contig_corrected_v1_1526	          30	           0	          30
contig_corrected_v1_1667	           0	           0	           0
contig_corrected_v1_2552	          21	          31	          52
contig_corrected_v1_2281	           8	           0	           8
contig_corrected_v1_2110	          32	           0	          32
contig_corrected_v1_2277	         238	           0	         238
contig_corrected_v1_912	          56	           0	          56
contig_corrected_v1_1597	         796	           0	         796
contig_corrected_v1_1263	        5612	           0	        5612
contig_corrected_v1_1520	         128	           0	         128
contig_corrected_v1_1802	           8	           0	           8
contig_corrected_v1_2498	           6	           0	           6
contig_corrected_v1_2507	           0	           0	           0
contig_corrected_v1_1869	          90	           0	          90
contig_corrected_v1_887	           8	           0	           8
contig_corrected_v1_1877	          24	           0	          24
contig_corrected_v1_1842	          28	           0	          28
contig_corrected_v1_2017	           4	           0	           4
contig_corrected_v1_1955	           6	           0	           6
contig_corrected_v1_2485	           2	           0	           2
contig_corrected_v1_1859	           0	           0	           0
contig_corrected_v1_2338	         218	           0	         218
contig_corrected_v1_2297	           4	           0	           4
contig_corrected_v1_2203	           0	           0	           0
contig_corrected_v1_2090	           2	           0	           2
contig_corrected_v1_2515	          22	           0	          22
contig_corrected_v1_944	           0	           0	           0
contig_corrected_v1_868	           0	           0	           0
contig_corrected_v1_2699	          26	           0	          26
contig_corrected_v1_2089	          12	           0	          12
contig_corrected_v1_1718	           4	           0	           4
contig_corrected_v1_2351	           0	           0	           0
contig_corrected_v1_2159	           0	           0	           0
contig_corrected_v1_896	          35	           1	          36
contig_corrected_v1_1866	           4	           0	           4
contig_corrected_v1_2638	        4610	           2	        4612
contig_corrected_v1_1482	           6	           0	           6
contig_corrected_v1_2709	           6	           0	           6
contig_corrected_v1_2043	           6	           0	           6
contig_corrected_v1_2704	         350	           0	         350
contig_corrected_v1_1177	           0	           0	           0
contig_corrected_v1_1274	          10	           0	          10
contig_corrected_v1_1007	          18	           0	          18
contig_corrected_v1_2380	           0	           0	           0
contig_corrected_v1_2393	           0	           0	           0
contig_corrected_v1_1348	      231945	        7835	      239780
contig_corrected_v1_2046	          18	           0	          18
contig_corrected_v1_2759	          14	           0	          14
contig_corrected_v1_843	           0	           0	           0
contig_corrected_v1_1650	          18	           0	          18
contig_corrected_v1_2199	         234	           0	         234
contig_corrected_v1_2221	          30	           0	          30
contig_corrected_v1_894	          14	           0	          14
contig_corrected_v1_2495	          16	           0	          16
contig_corrected_v1_2348	          68	           0	          68
contig_corrected_v1_2210	           0	           0	           0
contig_corrected_v1_990	           0	           0	           0
contig_corrected_v1_2768	          84	           0	          84
contig_corrected_v1_1531	           0	           0	           0
contig_corrected_v1_2150	         370	           0	         370
contig_corrected_v1_2477	          20	           0	          20
contig_corrected_v1_949	         144	           0	         144
contig_corrected_v1_1873	          20	           0	          20
contig_corrected_v1_2379	          16	           0	          16
contig_corrected_v1_2741	           0	           0	           0
contig_corrected_v1_2510	          52	           0	          52
contig_corrected_v1_2460	           0	           0	           0
contig_corrected_v1_2050	          60	           0	          60
contig_corrected_v1_2194	           4	           0	           4
contig_corrected_v1_2505	          16	           0	          16
contig_corrected_v1_2739	           0	           0	           0
contig_corrected_v1_1619	         350	           0	         350
contig_corrected_v1_2332	         108	           0	         108
contig_corrected_v1_1840	          52	           0	          52
contig_corrected_v1_2706	           0	           0	           0
contig_corrected_v1_1317	         220	           0	         220
contig_corrected_v1_2787	           2	           0	           2
contig_corrected_v1_2581	           0	           0	           0
contig_corrected_v1_1995	           0	           0	           0
contig_corrected_v1_2003	           0	           0	           0
contig_corrected_v1_1638	           0	           0	           0
contig_corrected_v1_2484	          12	           0	          12
contig_corrected_v1_1197	       10338	           0	       10338
contig_corrected_v1_2618	           2	           0	           2
contig_corrected_v1_2652	           0	           0	           0
contig_corrected_v1_1835	         124	           0	         124
contig_corrected_v1_2444	           8	           0	           8
contig_corrected_v1_2267	          12	           0	          12
contig_corrected_v1_1180	           2	           0	           2
contig_corrected_v1_1372	           0	           0	           0
contig_corrected_v1_1467	           4	           0	           4
contig_corrected_v1_842	         348	           0	         348
contig_corrected_v1_2339	          12	           0	          12
contig_corrected_v1_2478	           8	           0	           8
contig_corrected_v1_1262	        9450	           0	        9450
contig_corrected_v1_2580	           6	           0	           6
contig_corrected_v1_2249	           0	           0	           0
contig_corrected_v1_2275	           0	           0	           0
contig_corrected_v1_2024	          16	           0	          16
contig_corrected_v1_1918	           6	           0	           6
contig_corrected_v1_2688	           2	           0	           2
contig_corrected_v1_2585	          10	           0	          10
contig_corrected_v1_2262	          56	           0	          56
contig_corrected_v1_2762	       24728	         106	       24834
contig_corrected_v1_2080	         320	           0	         320
contig_corrected_v1_1616	          18	           0	          18
contig_corrected_v1_1518	         156	           0	         156
contig_corrected_v1_2087	          10	           0	          10
contig_corrected_v1_2328	          18	           0	          18
contig_corrected_v1_2083	           2	           0	           2
contig_corrected_v1_939	         384	           0	         384
contig_corrected_v1_2531	        1962	           0	        1962
contig_corrected_v1_1229	        4104	           2	        4106
contig_corrected_v1_1818	           0	           0	           0
contig_corrected_v1_2430	           0	           0	           0
contig_corrected_v1_2274	          64	           0	          64
contig_corrected_v1_1196	       10597	           1	       10598
contig_corrected_v1_2302	           0	           0	           0
contig_corrected_v1_2306	        3780	           0	        3780
contig_corrected_v1_851	           0	           0	           0
contig_corrected_v1_2754	           0	           0	           0
contig_corrected_v1_2010	           0	           0	           0
contig_corrected_v1_2456	         192	           0	         192
contig_corrected_v1_2701	           6	           0	           6
contig_corrected_v1_2387	          52	           0	          52
contig_corrected_v1_1950	        5344	           0	        5344
contig_corrected_v1_2587	         232	           0	         232
contig_corrected_v1_2563	           0	           0	           0
contig_corrected_v1_2503	         110	           0	         110
contig_corrected_v1_2579	           6	           0	           6
contig_corrected_v1_2134	           0	           0	           0
contig_corrected_v1_2005	          66	           0	          66
contig_corrected_v1_2409	           0	           0	           0
contig_corrected_v1_2715	          20	           0	          20
contig_corrected_v1_2071	           0	           0	           0
contig_corrected_v1_1942	           4	           0	           4
contig_corrected_v1_1858	          10	           0	          10
contig_corrected_v1_2566	           0	           0	           0
contig_corrected_v1_2378	           4	           0	           4
contig_corrected_v1_1489	           4	           0	           4
contig_corrected_v1_2353	          74	           0	          74
contig_corrected_v1_2462	        1364	          14	        1378
contig_corrected_v1_2500	          48	           0	          48
contig_corrected_v1_2550	           0	           0	           0
contig_corrected_v1_1512	         110	           0	         110
contig_corrected_v1_1485	           2	           0	           2
contig_corrected_v1_2584	           2	           0	           2
contig_corrected_v1_2458	           0	           0	           0
contig_corrected_v1_2740	           2	           0	           2
contig_corrected_v1_2086	           0	           0	           0
contig_corrected_v1_2132	           2	           0	           2
contig_corrected_v1_2248	           2	           0	           2
contig_corrected_v1_1882	           0	           0	           0
contig_corrected_v1_2480	         126	           0	         126
contig_corrected_v1_2727	          16	           0	          16
contig_corrected_v1_1741	           0	           0	           0
contig_corrected_v1_2602	           0	           0	           0
contig_corrected_v1_2207	           0	           0	           0
contig_corrected_v1_2295	          26	           0	          26
contig_corrected_v1_1808	           0	           0	           0
contig_corrected_v1_1816	           0	           0	           0
contig_corrected_v1_1570	          42	           0	          42
contig_corrected_v1_1886	           2	           0	           2
contig_corrected_v1_1648	           0	           0	           0
contig_corrected_v1_2645	          10	           0	          10
contig_corrected_v1_1103	           0	           0	           0
contig_corrected_v1_2582	           0	           0	           0
contig_corrected_v1_2088	           6	           0	           6
contig_corrected_v1_2077	           6	           0	           6
contig_corrected_v1_2160	        9268	           0	        9268
contig_corrected_v1_1045	           0	           0	           0
contig_corrected_v1_2658	          26	           0	          26
contig_corrected_v1_2613	          54	           2	          56
contig_corrected_v1_2629	           2	           0	           2
contig_corrected_v1_2562	           0	           0	           0
contig_corrected_v1_951	          20	           0	          20
contig_corrected_v1_1960	          40	           0	          40
contig_corrected_v1_2059	           0	           0	           0
contig_corrected_v1_2588	          98	           0	          98
contig_corrected_v1_1854	           0	           0	           0
contig_corrected_v1_2653	          18	           0	          18
contig_corrected_v1_1497	          59	           5	          64
contig_corrected_v1_935	           0	           0	           0
contig_corrected_v1_2056	           4	           0	           4
contig_corrected_v1_2663	           0	           0	           0
contig_corrected_v1_2151	           2	           0	           2
contig_corrected_v1_1795	          24	           0	          24
contig_corrected_v1_2708	           0	           0	           0
contig_corrected_v1_1974	        4807	           7	        4814
contig_corrected_v1_2589	          10	           0	          10
contig_corrected_v1_1712	           2	           0	           2
contig_corrected_v1_2162	           2	           0	           2
contig_corrected_v1_2575	           0	           0	           0
contig_corrected_v1_1987	           4	           0	           4
contig_corrected_v1_2769	           0	           0	           0
contig_corrected_v1_2427	          20	           0	          20
contig_corrected_v1_2475	          18	           2	          20
contig_corrected_v1_2323	           6	           0	           6
contig_corrected_v1_2276	           0	           0	           0
contig_corrected_v1_1989	           0	           0	           0
contig_corrected_v1_2726	          12	           0	          12
contig_corrected_v1_1466	          18	           0	          18
contig_corrected_v1_1488	         134	           0	         134
contig_corrected_v1_2771	           2	           0	           2
contig_corrected_v1_2628	          14	           0	          14
contig_corrected_v1_2717	          14	           0	          14
contig_corrected_v1_1900	         130	           0	         130
contig_corrected_v1_956	          18	           0	          18
contig_corrected_v1_1250	           0	           0	           0
contig_corrected_v1_999	          12	           0	          12
contig_corrected_v1_2774	           0	           0	           0
contig_corrected_v1_2107	          16	           0	          16
contig_corrected_v1_2481	           0	           0	           0
contig_corrected_v1_1579	          52	           0	          52
contig_corrected_v1_2468	           0	           0	           0
contig_corrected_v1_1926	         106	           0	         106
contig_corrected_v1_1738	          56	           0	          56
contig_corrected_v1_1429	           0	           0	           0
contig_corrected_v1_1268	           0	           0	           0
contig_corrected_v1_2785	           0	           0	           0
contig_corrected_v1_2216	           4	           0	           4
contig_corrected_v1_1920	           0	           0	           0
contig_corrected_v1_2512	           4	           0	           4
contig_corrected_v1_2714	         496	           0	         496
contig_corrected_v1_1997	         316	           0	         316
contig_corrected_v1_2789	           2	           0	           2
contig_corrected_v1_2669	           0	           0	           0
contig_corrected_v1_1646	         754	           0	         754
contig_corrected_v1_2058	          11	           1	          12
contig_corrected_v1_2023	           0	           0	           0
contig_corrected_v1_1534	           6	           0	           6
contig_corrected_v1_2710	           6	           0	           6
contig_corrected_v1_2128	           0	           0	           0
contig_corrected_v1_2099	           0	           0	           0
contig_corrected_v1_1012	          24	           0	          24
contig_corrected_v1_2573	          10	           0	          10
contig_corrected_v1_2720	          62	           0	          62
contig_corrected_v1_2583	           0	           0	           0
contig_corrected_v1_1173	          14	           0	          14
contig_corrected_v1_2569	           0	           0	           0
contig_corrected_v1_1890	           2	           0	           2
contig_corrected_v1_2681	         124	           0	         124
contig_corrected_v1_2129	           4	           0	           4
contig_corrected_v1_2578	           0	           0	           0
contig_corrected_v1_2595	          72	           0	          72
contig_corrected_v1_2065	          56	           0	          56
contig_corrected_v1_1677	           2	           0	           2
contig_corrected_v1_1511	          18	           0	          18
contig_corrected_v1_1033	           0	           0	           0
contig_corrected_v1_1992	         399	           1	         400
contig_corrected_v1_1443	        2270	           0	        2270
contig_corrected_v1_2457	      501652	          14	      501666
contig_corrected_v1_2286	           3	           3	           6
contig_corrected_v1_2664	           0	           0	           0
contig_corrected_v1_2381	         462	           0	         462
contig_corrected_v1_1010	           0	           0	           0
contig_corrected_v1_2006	           6	           0	           6
contig_corrected_v1_1675	           0	           0	           0
contig_corrected_v1_2508	          24	           0	          24
contig_corrected_v1_1188	           0	           0	           0
contig_corrected_v1_2229	          48	           0	          48
contig_corrected_v1_2574	           0	           0	           0
contig_corrected_v1_2518	          20	           0	          20
contig_corrected_v1_2483	           0	           0	           0
contig_corrected_v1_2749	           0	           0	           0
contig_corrected_v1_2100	           2	           0	           2
contig_corrected_v1_2596	           0	           0	           0
contig_corrected_v1_1837	          18	           0	          18
contig_corrected_v1_802	           0	           0	           0
contig_corrected_v1_2171	        7022	           0	        7022
contig_corrected_v1_2486	          24	           0	          24
contig_corrected_v1_1152	          22	           0	          22
contig_corrected_v1_1439	           0	           0	           0
contig_corrected_v1_2479	           0	           0	           0
contig_corrected_v1_1785	        1044	           0	        1044
contig_corrected_v1_1280	           2	           0	           2
contig_corrected_v1_2492	           2	           0	           2
contig_corrected_v1_1698	         410	           0	         410
contig_corrected_v1_1956	           0	           0	           0
contig_corrected_v1_1977	       39816	           6	       39822
contig_corrected_v1_1726	          20	           0	          20
contig_corrected_v1_2026	         176	           0	         176
contig_corrected_v1_854	           0	           0	           0
contig_corrected_v1_2772	          36	           0	          36
contig_corrected_v1_2060	          94	           0	          94
contig_corrected_v1_885	           2	           0	           2
contig_corrected_v1_1986	         168	           0	         168
contig_corrected_v1_2702	           0	           0	           0
contig_corrected_v1_2251	           0	           0	           0
contig_corrected_v1_1752	          16	           0	          16
contig_corrected_v1_2703	          14	           0	          14
contig_corrected_v1_2524	           0	           0	           0
contig_corrected_v1_911	           6	           0	           6
contig_corrected_v1_2728	          16	           0	          16
contig_corrected_v1_1623	         130	           0	         130
contig_corrected_v1_1713	         172	           0	         172
contig_corrected_v1_1163	         134	           0	         134
contig_corrected_v1_2067	           8	           0	           8
contig_corrected_v1_2106	           0	           0	           0
contig_corrected_v1_2127	           0	           0	           0
contig_corrected_v1_2698	          10	           0	          10
contig_corrected_v1_2736	           8	           0	           8
contig_corrected_v1_2164	         218	           0	         218
contig_corrected_v1_1663	           0	           0	           0
contig_corrected_v1_1917	           0	           0	           0
contig_corrected_v1_2116	          70	           0	          70
contig_corrected_v1_993	           0	           0	           0
contig_corrected_v1_2034	           4	           0	           4
contig_corrected_v1_1431	           0	           0	           0
contig_corrected_v1_1040	           0	           0	           0
contig_corrected_v1_1210	          15	          19	          34
contig_corrected_v1_2070	          44	           0	          44
contig_corrected_v1_1832	         130	           0	         130
contig_corrected_v1_2196	           4	           0	           4
contig_corrected_v1_2544	           4	           0	           4
contig_corrected_v1_893	           2	           0	           2
contig_corrected_v1_2567	           0	           0	           0
contig_corrected_v1_1661	           2	           0	           2
contig_corrected_v1_878	           0	           0	           0
contig_corrected_v1_897	         130	           0	         130
contig_corrected_v1_869	         176	           0	         176
contig_corrected_v1_2417	           0	           0	           0
contig_corrected_v1_1473	           2	           0	           2
contig_corrected_v1_2661	           0	           0	           0
contig_corrected_v1_1777	          70	           0	          70
contig_corrected_v1_2683	          50	           0	          50
contig_corrected_v1_2337	           2	           0	           2
contig_corrected_v1_2631	           0	           0	           0
contig_corrected_v1_2051	          52	           0	          52
contig_corrected_v1_2446	         438	           0	         438
contig_corrected_v1_2502	           0	           0	           0
contig_corrected_v1_2213	          70	           0	          70
contig_corrected_v1_2111	           0	           0	           0
contig_corrected_v1_1645	           0	           0	           0
contig_corrected_v1_2283	           0	           0	           0
contig_corrected_v1_2228	           2	           0	           2
contig_corrected_v1_1812	        2542	           0	        2542
contig_corrected_v1_2360	           0	           0	           0
contig_corrected_v1_2073	          60	           0	          60
contig_corrected_v1_2298	           0	           0	           0
contig_corrected_v1_1665	           0	           0	           0
contig_corrected_v1_2786	           6	           0	           6
contig_corrected_v1_2270	           0	           0	           0
contig_corrected_v1_938	           8	           0	           8
contig_corrected_v1_2424	          18	           0	          18
contig_corrected_v1_2341	          12	           0	          12
contig_corrected_v1_2329	          30	           0	          30
contig_corrected_v1_2773	         778	           0	         778
contig_corrected_v1_2022	           2	           0	           2
contig_corrected_v1_2009	           0	           0	           0
contig_corrected_v1_1547	          16	           0	          16
contig_corrected_v1_948	           0	           0	           0
contig_corrected_v1_2052	           0	           0	           0
contig_corrected_v1_2004	           0	           0	           0
contig_corrected_v1_2643	           0	           0	           0
contig_corrected_v1_1934	          60	           0	          60
contig_corrected_v1_1293	          14	           0	          14
contig_corrected_v1_2258	           4	           0	           4
contig_corrected_v1_2200	           0	           0	           0
contig_corrected_v1_1822	          68	           0	          68
contig_corrected_v1_867	          26	           0	          26
contig_corrected_v1_2760	         122	           0	         122
contig_corrected_v1_2256	           4	           0	           4
contig_corrected_v1_2414	         188	           2	         190
contig_corrected_v1_1535	         388	           0	         388
contig_corrected_v1_2570	          20	           0	          20
contig_corrected_v1_2139	      719381	          27	      719408
contig_corrected_v1_2644	          44	           0	          44
contig_corrected_v1_2226	           0	           0	           0
contig_corrected_v1_1463	           0	           0	           0
contig_corrected_v1_2195	           0	           0	           0
contig_corrected_v1_1459	           0	           0	           0
contig_corrected_v1_2752	           0	           0	           0
contig_corrected_v1_1925	           0	           0	           0
contig_corrected_v1_923	           2	           0	           2
contig_corrected_v1_1284	           0	           0	           0
contig_corrected_v1_2333	           7	           1	           8
contig_corrected_v1_1951	           0	           0	           0
contig_corrected_v1_2514	          56	           0	          56
contig_corrected_v1_2120	           4	           0	           4
contig_corrected_v1_2218	           1	           1	           2
contig_corrected_v1_1895	           0	           0	           0
contig_corrected_v1_1530	         111	           5	         116
contig_corrected_v1_907	          88	           0	          88
contig_corrected_v1_2260	           4	           0	           4
contig_corrected_v1_2659	           0	           0	           0
contig_corrected_v1_2529	           6	           0	           6
contig_corrected_v1_2472	          14	           0	          14
contig_corrected_v1_1326	        2644	           0	        2644
contig_corrected_v1_2334	           0	           0	           0
contig_corrected_v1_920	           0	           0	           0
contig_corrected_v1_2729	          24	           0	          24
contig_corrected_v1_2454	           0	           0	           0
contig_corrected_v1_2214	           4	           0	           4
contig_corrected_v1_1908	           0	           0	           0
contig_corrected_v1_1686	         530	           0	         530
contig_corrected_v1_2344	          26	           0	          26
contig_corrected_v1_2509	           2	           0	           2
contig_corrected_v1_2735	           8	           0	           8
contig_corrected_v1_1628	           0	           0	           0
contig_corrected_v1_1441	           0	           0	           0
contig_corrected_v1_2476	           2	           0	           2
contig_corrected_v1_2198	           0	           0	           0
contig_corrected_v1_2466	        2962	           2	        2964
contig_corrected_v1_1903	           0	           0	           0
contig_corrected_v1_2166	         128	           0	         128
contig_corrected_v1_2407	         496	           0	         496
contig_corrected_v1_2103	           0	           0	           0
contig_corrected_v1_2433	          98	           0	          98
contig_corrected_v1_2044	         652	           0	         652
contig_corrected_v1_1549	           0	           0	           0
contig_corrected_v1_995	           0	           0	           0
contig_corrected_v1_2363	           0	           0	           0
contig_corrected_v1_2525	           2	           0	           2
contig_corrected_v1_2271	           0	           0	           0
contig_corrected_v1_1513	           0	           0	           0
contig_corrected_v1_2039	           0	           0	           0
contig_corrected_v1_2250	           0	           0	           0
contig_corrected_v1_2426	           2	           0	           2
contig_corrected_v1_1881	          12	           0	          12
contig_corrected_v1_1932	           0	           0	           0
contig_corrected_v1_2117	          10	           0	          10
contig_corrected_v1_2307	          12	           0	          12
contig_corrected_v1_2718	           0	           0	           0
contig_corrected_v1_2459	           4	           0	           4
contig_corrected_v1_2308	           0	           0	           0
contig_corrected_v1_2743	           0	           0	           0
contig_corrected_v1_2761	          72	           0	          72
contig_corrected_v1_2000	          34	           0	          34
contig_corrected_v1_2118	           4	           0	           4
contig_corrected_v1_2593	           4	           0	           4
contig_corrected_v1_2647	           0	           0	           0
contig_corrected_v1_2125	           0	           0	           0
contig_corrected_v1_1490	           4	           0	           4
contig_corrected_v1_2394	           0	           0	           0
contig_corrected_v1_2451	           0	           0	           0
contig_corrected_v1_2434	           2	           0	           2
contig_corrected_v1_2319	          12	           8	          20
contig_corrected_v1_1893	           0	           0	           0
contig_corrected_v1_2766	           6	           0	           6
contig_corrected_v1_1563	           0	           0	           0
contig_corrected_v1_1435	           0	           0	           0
contig_corrected_v1_2650	           0	           0	           0
contig_corrected_v1_992	           8	           0	           8
contig_corrected_v1_2257	           0	           0	           0
contig_corrected_v1_1687	        1450	           0	        1450
contig_corrected_v1_2011	           0	           0	           0
contig_corrected_v1_2719	           0	           0	           0
contig_corrected_v1_2423	           0	           0	           0
contig_corrected_v1_1241	           0	           0	           0
contig_corrected_v1_2326	           2	           0	           2
contig_corrected_v1_2154	        7516	         204	        7720
contig_corrected_v1_2013	           6	           0	           6
contig_corrected_v1_2399	         186	           0	         186
contig_corrected_v1_2352	           2	           0	           2
contig_corrected_v1_2413	          40	           0	          40
contig_corrected_v1_1874	           0	           0	           0
contig_corrected_v1_2108	           0	           0	           0
contig_corrected_v1_2147	           0	           0	           0
contig_corrected_v1_2272	          12	           0	          12
contig_corrected_v1_2577	           4	           0	           4
contig_corrected_v1_1793	          12	           0	          12
contig_corrected_v1_1999	           2	           0	           2
contig_corrected_v1_1624	           0	           0	           0
contig_corrected_v1_1289	           2	           0	           2
contig_corrected_v1_2499	           0	           0	           0
contig_corrected_v1_2756	          78	           0	          78
contig_corrected_v1_2517	          54	           0	          54
contig_corrected_v1_1358	          82	           0	          82
contig_corrected_v1_1927	           4	           0	           4
contig_corrected_v1_2428	           0	           0	           0
contig_corrected_v1_1921	           0	           0	           0
contig_corrected_v1_2491	           2	           0	           2
contig_corrected_v1_1493	           0	           0	           0
contig_corrected_v1_2445	           0	           0	           0
contig_corrected_v1_2666	         302	           0	         302
contig_corrected_v1_1625	           2	           0	           2
contig_corrected_v1_2471	        1540	           0	        1540
contig_corrected_v1_2537	          20	           0	          20
contig_corrected_v1_2790	           0	           0	           0
contig_corrected_v1_2217	          12	           0	          12
contig_corrected_v1_2019	          60	           0	          60
contig_corrected_v1_1484	           0	           0	           0
contig_corrected_v1_1739	           6	           0	           6
contig_corrected_v1_2731	           0	           0	           0
contig_corrected_v1_2369	           2	           0	           2
contig_corrected_v1_2238	           4	           0	           4
contig_corrected_v1_2742	           4	           0	           4
contig_corrected_v1_876	          30	           0	          30
contig_corrected_v1_904	           0	           0	           0
contig_corrected_v1_1883	           0	           0	           0
contig_corrected_v1_2504	          76	           0	          76
contig_corrected_v1_2037	         180	           0	         180
contig_corrected_v1_2293	          48	           0	          48
contig_corrected_v1_2311	           0	           0	           0
contig_corrected_v1_2788	          10	           0	          10
contig_corrected_v1_2474	           0	           0	           0
contig_corrected_v1_2559	        2138	           0	        2138
contig_corrected_v1_2501	           0	           0	           0
contig_corrected_v1_1839	           0	           0	           0
contig_corrected_v1_2382	           0	           0	           0
contig_corrected_v1_2020	         106	           2	         108
contig_corrected_v1_2464	        6229	           5	        6234
contig_corrected_v1_2232	           0	           0	           0
contig_corrected_v1_2231	          66	           0	          66
contig_corrected_v1_2617	           0	           0	           0
contig_corrected_v1_2244	           0	           0	           0
contig_corrected_v1_1505	          32	           0	          32
contig_corrected_v1_2375	           0	           0	           0
contig_corrected_v1_2318	           2	           0	           2
contig_corrected_v1_2765	          60	           0	          60
contig_corrected_v1_2357	           0	           0	           0
contig_corrected_v1_2780	           8	           0	           8
contig_corrected_v1_1828	           8	           0	           8
contig_corrected_v1_2753	           0	           0	           0
contig_corrected_v1_2340	          32	           6	          38
contig_corrected_v1_2712	           0	           0	           0
contig_corrected_v1_1508	           0	           0	           0
contig_corrected_v1_2321	           4	           0	           4
contig_corrected_v1_2737	         504	           0	         504
contig_corrected_v1_2707	           2	           0	           2
contig_corrected_v1_1562	           2	           0	           2
contig_corrected_v1_2416	           0	           0	           0
contig_corrected_v1_899	           2	           0	           2
contig_corrected_v1_2798	           0	           0	           0
contig_corrected_v1_2804	           0	           0	           0
contig_corrected_v1_2807	           8	           0	           8
contig_corrected_v1_2810	           0	           0	           0
contig_corrected_v1_1626	           0	           0	           0
contig_corrected_v1_2453	           0	           0	           0
contig_corrected_v1_2634	           0	           0	           0
contig_corrected_v1_1674	           6	           0	           6
contig_corrected_v1_1755	           0	           0	           0

Sorting and reindexing merged junctions... done.

Final stats:
 - Processed 2195054248 alignments.
 - Alignment query length statistics: min: 150; mean: 150; max: 150;
 - Found 632729 junctions from 546458077 spliced alignments.
 - Found 1648596171 unspliced alignments.
 - Calculating junctions stats that require comparisons with other junctions... done.
 = Wall time taken: 1665.3s

Saving junctions: 
 - Saving junction table to: portcullis/GDB_136.junctions.tab ... done.
 - Saving BED file with all junctions to: portcullis/GDB_136.junctions.bed ... done.
 = Wall time taken: 9.5s

Strand Analysis
---------------

Total Alignments:
 - R1:292015942
 - R2:359927089
Alignment counts when splice site suggests +ve strand:
 - R1+: 3460720
 - R1-: 142198369
 - R2+: 177581000
 - R2-: 3340440
Alignment counts when splice site suggests -ve strand:
 - R1+: 142697222
 - R1-: 3659631
 - R2+: 3672636
 - R2-: 175333013
Correlation of read strand to splice site strand (1.0 = complete agreement, -1.0 = complete disagreement):
 - R1+: -0.952482
 - R1-: -0.94999
 - R2+: 0.963073
 - R2-: 0.958966

Determined sequence orientation to be: Paired-End (FR): Forward Reverse (-> <-)
Determined RNAseq strandedness to be: Firststrand - R1 is not on transcript strand


Portcullis junc completed.
Total runtime: 1681.4s

