Starting DIAMOND blastx for GDB_136.
Input FASTA: transcripts/GDB_136_mikado_prepared.fasta
Output TSV: transcripts/GDB_136_blast_sensitive.mikado_transcripts.tsv.gz
Database: /transcripts/data/uniref50.fasta.dmnd
Threads: 16
--- Starting DIAMOND blastx ---
ERROR: DIAMOND database file not found: /transcripts/data/uniref50.fasta.dmnd
Please create it using 'diamond makedb --in data/uniref50.fasta -d /transcripts/data/uniref50.fasta.dmnd'
Starting DIAMOND blastx for GDB_136.
Input FASTA: transcripts/GDB_136_mikado_prepared.fasta
Output TSV: transcripts/GDB_136_blast_sensitive.mikado_transcripts.tsv.gz
Database: /transcripts/uniref50.fasta.dmnd
Threads: 16
--- Starting DIAMOND blastx ---
ERROR: DIAMOND database file not found: /transcripts/uniref50.fasta.dmnd
Please create it using 'diamond makedb --in data/uniref50.fasta -d /transcripts/uniref50.fasta.dmnd'
Starting DIAMOND blastx for GDB_136.
Input FASTA: transcripts/GDB_136_mikado_prepared.fasta
Output TSV: transcripts/GDB_136_blast_sensitive.mikado_transcripts.tsv.gz
Database: transcripts/uniref50.fasta.dmnd
Threads: 16
--- Starting DIAMOND blastx ---
diamond v2.1.13.167 (C) Max Planck Society for the Advancement of Science, Benjamin Buchfink, University of Tuebingen
Documentation, support and updates available at http://www.diamondsearch.org
Please cite: http://dx.doi.org/10.1038/s41592-021-01101-x Nature Methods (2021)

#CPU threads: 16
Scoring parameters: (Matrix=BLOSUM62 Lambda=0.267 K=0.041 Penalties=11/1)
Temporary directory: transcripts
#Target sequences to report alignments for: 10
Opening the database...  [0.105s]
Database: transcripts/uniref50.fasta.dmnd (type: Diamond database, sequences: 60315044, letters: 17282055793)
Block size = 2000000000
Opening the input file...  [0.095s]
Opening the output file...  [0s]
Loading query sequences...  [1.383s]
Masking queries...  [0.594s]
Algorithm: Double-indexed
Building query histograms...  [1.828s]
Seeking in database...  [0s]
Loading reference sequences... Starting DIAMOND blastx for GDB_136.
Input FASTA: transcripts/GDB_136_mikado_prepared.fasta
Output TSV: transcripts/GDB_136_blast_sensitive.mikado_transcripts.tsv.gz
Database: transcripts/uniref50.fasta.dmnd
Threads: 32
--- Starting DIAMOND blastx ---
diamond v2.1.13.167 (C) Max Planck Society for the Advancement of Science, Benjamin Buchfink, University of Tuebingen
Documentation, support and updates available at http://www.diamondsearch.org
Please cite: http://dx.doi.org/10.1038/s41592-021-01101-x Nature Methods (2021)

#CPU threads: 32
Scoring parameters: (Matrix=BLOSUM62 Lambda=0.267 K=0.041 Penalties=11/1)
Temporary directory: transcripts
#Target sequences to report alignments for: 10
Opening the database...  [0.086s]
Database: transcripts/uniref50.fasta.dmnd (type: Diamond database, sequences: 60315044, letters: 17282055793)
Block size = 2000000000
Opening the input file...  [0.088s]
Opening the output file...  [0s]
Loading query sequences...  [1.329s]
Masking queries...  [0.323s]
Algorithm: Double-indexed
Building query histograms...  [0.957s]
Seeking in database...  [0s]
Loading reference sequences...  [4.139s]
Masking reference...  [2.851s]
Initializing dictionary...  [0s]
Initializing temporary storage...  [0.001s]
Building reference histograms...  [13.493s]
Allocating buffers...  [0.001s]
Processing query block 1, reference block 1/9, shape 1/16, index chunk 1/4.
Building reference seed array...  [2.483s]
Building query seed array...  [0.248s]
Computing hash join...  [0.878s]
Masking low complexity seeds...  [0.055s]
Searching alignments...  [1.664s]
Deallocating memory...  [0s]
Processing query block 1, reference block 1/9, shape 1/16, index chunk 2/4.
Building reference seed array...  [2.449s]
Building query seed array...  [0.178s]
Computing hash join...  [0.46s]
Masking low complexity seeds...  [0.054s]
Searching alignments...  [1.576s]
Deallocating memory...  [0s]
Processing query block 1, reference block 1/9, shape 1/16, index chunk 3/4.
Building reference seed array...  [1.905s]
Building query seed array...  [0.136s]
Computing hash join...  [0.496s]
Masking low complexity seeds...  [0.052s]
Searching alignments...  [1.599s]
Deallocating memory...  [0s]
Processing query block 1, reference block 1/9, shape 1/16, index chunk 4/4.
Building reference seed array...  [1.339s]
Building query seed array...  [0.101s]
Computing hash join...  [0.424s]
Masking low complexity seeds...  [0.055s]
Searching alignments...  [1.575s]
Deallocating memory...  [0s]
Processing query block 1, reference block 1/9, shape 2/16, index chunk 1/4.
Building reference seed array...  [1.709s]
Building query seed array...  [0.117s]
Computing hash join...  [0.395s]
Masking low complexity seeds...  [0.069s]
Searching alignments...  [1.51s]
Deallocating memory...  [0s]
Processing query block 1, reference block 1/9, shape 2/16, index chunk 2/4.
Building reference seed array...  [2.834s]
Building query seed array...  [0.164s]
Computing hash join...  [0.405s]
Masking low complexity seeds...  [0.054s]
Searching alignments...  [1.498s]
Deallocating memory...  [0s]
Processing query block 1, reference block 1/9, shape 2/16, index chunk 3/4.
Building reference seed array...  [2.374s]
Building query seed array...  [0.14s]
Computing hash join...  [0.392s]
Masking low complexity seeds...  [0.053s]
Searching alignments...  [1.439s]
Deallocating memory...  [0s]
Processing query block 1, reference block 1/9, shape 2/16, index chunk 4/4.
Building reference seed array...  [1.817s]
Building query seed array...  [0.121s]
Computing hash join...  [0.423s]
Masking low complexity seeds...  [0.051s]
Searching alignments...  [1.482s]
Deallocating memory...  [0s]
Processing query block 1, reference block 1/9, shape 3/16, index chunk 1/4.
Building reference seed array...  [1.751s]
Building query seed array...  [0.11s]
Computing hash join...  [0.399s]
Masking low complexity seeds...  [0.052s]
Searching alignments...  [1.546s]
Deallocating memory...  [0s]
Processing query block 1, reference block 1/9, shape 3/16, index chunk 2/4.
Building reference seed array...  [2.519s]
Building query seed array...  [0.146s]
Computing hash join...  [0.364s]
Masking low complexity seeds...  [0.05s]
Searching alignments...  [1.557s]
Deallocating memory...  [0s]
Processing query block 1, reference block 1/9, shape 3/16, index chunk 3/4.
Building reference seed array...  [1.89s]
Building query seed array...  [0.114s]
Computing hash join...  [0.344s]
Masking low complexity seeds...  [0.052s]
Searching alignments...  [1.538s]
Deallocating memory...  [0s]
Processing query block 1, reference block 1/9, shape 3/16, index chunk 4/4.
Building reference seed array...  [1.742s]
Building query seed array...  [0.101s]
Computing hash join...  [0.369s]
Masking low complexity seeds...  [0.052s]
Searching alignments...  [1.541s]
Deallocating memory...  [0s]
Processing query block 1, reference block 1/9, shape 4/16, index chunk 1/4.
Building reference seed array...  [1.499s]
Building query seed array...  [6.747s]
Computing hash join...  [0.356s]
Masking low complexity seeds...  [0.053s]
Searching alignments...  [1.584s]
Deallocating memory...  [0s]
Processing query block 1, reference block 1/9, shape 4/16, index chunk 2/4.
Building reference seed array...  [2.506s]
Building query seed array...  [0.133s]
Computing hash join...  [0.397s]
Masking low complexity seeds...  [0.053s]
Searching alignments...  [1.578s]
Deallocating memory...  [0s]
Processing query block 1, reference block 1/9, shape 4/16, index chunk 3/4.
Building reference seed array...  [2.016s]
Building query seed array...  [0.124s]
Computing hash join...  [0.372s]
Masking low complexity seeds...  [0.051s]
Searching alignments...  [1.521s]
Deallocating memory...  [0s]
Processing query block 1, reference block 1/9, shape 4/16, index chunk 4/4.
Building reference seed array...  [1.767s]
Building query seed array...  [0.108s]
Computing hash join...  [0.36s]
Masking low complexity seeds...  [0.053s]
Searching alignments...  [1.622s]
Deallocating memory...  [0s]
Processing query block 1, reference block 1/9, shape 5/16, index chunk 1/4.
Building reference seed array...  [1.631s]
Building query seed array...  [0.099s]
Computing hash join...  [0.406s]
Masking low complexity seeds...  [0.051s]
Searching alignments...  [1.524s]
Deallocating memory...  [0s]
Processing query block 1, reference block 1/9, shape 5/16, index chunk 2/4.
Building reference seed array...  [2.557s]
Building query seed array...  [0.143s]
Computing hash join...  [0.338s]
Masking low complexity seeds...  [0.053s]
Searching alignments...  [1.539s]
Deallocating memory...  [0s]
Processing query block 1, reference block 1/9, shape 5/16, index chunk 3/4.
Building reference seed array...  [1.907s]
Building query seed array...  [0.125s]
Computing hash join...  [0.343s]
Masking low complexity seeds...  [0.053s]
Searching alignments...  [1.532s]
Deallocating memory...  [0s]
Processing query block 1, reference block 1/9, shape 5/16, index chunk 4/4.
Building reference seed array...  [1.74s]
Building query seed array...  [0.105s]
Computing hash join...  [0.384s]
Masking low complexity seeds...  [0.053s]
Searching alignments...  [1.48s]
Deallocating memory...  [0s]
Processing query block 1, reference block 1/9, shape 6/16, index chunk 1/4.
Building reference seed array...  [1.737s]
Building query seed array...  [0.113s]
Computing hash join...  [0.354s]
Masking low complexity seeds...  [0.053s]
Searching alignments...  [1.665s]
Deallocating memory...  [0s]
Processing query block 1, reference block 1/9, shape 6/16, index chunk 2/4.
Building reference seed array...  [2.635s]
Building query seed array...  [0.162s]
Computing hash join...  [0.333s]
Masking low complexity seeds...  [0.053s]
Searching alignments...  [1.637s]
Deallocating memory...  [0s]
Processing query block 1, reference block 1/9, shape 6/16, index chunk 3/4.
Building reference seed array...  [2.133s]
Building query seed array...  [0.113s]
Computing hash join...  [0.313s]
Masking low complexity seeds...  [0.053s]
Searching alignments...  [1.537s]
Deallocating memory...  [0s]
Processing query block 1, reference block 1/9, shape 6/16, index chunk 4/4.
Building reference seed array...  [1.779s]
Building query seed array...  [0.116s]
Computing hash join...  [0.347s]
Masking low complexity seeds...  [0.053s]
Searching alignments...  [1.542s]
Deallocating memory...  [0s]
Processing query block 1, reference block 1/9, shape 7/16, index chunk 1/4.
Building reference seed array...  [1.407s]
Building query seed array...  [0.094s]
Computing hash join...  [0.321s]
Masking low complexity seeds...  [0.051s]
Searching alignments...  [1.536s]
Deallocating memory...  [0s]
Processing query block 1, reference block 1/9, shape 7/16, index chunk 2/4.
Building reference seed array...  [2.955s]
Building query seed array...  [0.193s]
Computing hash join...  [0.311s]
Masking low complexity seeds...  [0.052s]
Searching alignments...  [1.548s]
Deallocating memory...  [0s]
Processing query block 1, reference block 1/9, shape 7/16, index chunk 3/4.
Building reference seed array...  [2.231s]
Building query seed array...  [0.126s]
Computing hash join...  [0.318s]
Masking low complexity seeds...  [0.053s]
Searching alignments...  [1.487s]
Deallocating memory...  [0s]
Processing query block 1, reference block 1/9, shape 7/16, index chunk 4/4.
Building reference seed array...  [1.506s]
Building query seed array...  [0.115s]
Computing hash join...  [0.285s]
Masking low complexity seeds...  [0.053s]
Searching alignments...  [1.538s]
Deallocating memory...  [0s]
Processing query block 1, reference block 1/9, shape 8/16, index chunk 1/4.
Building reference seed array...  [1.404s]
Building query seed array...  [0.102s]
Computing hash join...  [0.293s]
Masking low complexity seeds...  [0.055s]
Searching alignments...  [1.481s]
Deallocating memory...  [0s]
Processing query block 1, reference block 1/9, shape 8/16, index chunk 2/4.
Building reference seed array...  [2.709s]
Building query seed array...  [0.143s]
Computing hash join...  [0.3s]
Masking low complexity seeds...  [0.054s]
Searching alignments...  [1.495s]
Deallocating memory...  [0s]
Processing query block 1, reference block 1/9, shape 8/16, index chunk 3/4.
Building reference seed array...  [2.225s]
Building query seed array...  [0.121s]
Computing hash join...  [0.287s]
Masking low complexity seeds...  [0.054s]
Searching alignments...  [1.528s]
Deallocating memory...  [0s]
Processing query block 1, reference block 1/9, shape 8/16, index chunk 4/4.
Building reference seed array...  [1.864s]
Building query seed array...  [0.103s]
Computing hash join...  [0.271s]
Masking low complexity seeds...  [0.052s]
Searching alignments...  [1.456s]
Deallocating memory...  [0s]
Processing query block 1, reference block 1/9, shape 9/16, index chunk 1/4.
Building reference seed array...  [1.901s]
Building query seed array...  [0.108s]
Computing hash join...  [0.297s]
Masking low complexity seeds...  [0.053s]
Searching alignments...  [1.551s]
Deallocating memory...  [0s]
Processing query block 1, reference block 1/9, shape 9/16, index chunk 2/4.
Building reference seed array...  [3.033s]
Building query seed array...  [0.141s]
Computing hash join...  [0.303s]
Masking low complexity seeds...  [0.053s]
Searching alignments...  [1.589s]
Deallocating memory...  [0s]
Processing query block 1, reference block 1/9, shape 9/16, index chunk 3/4.
Building reference seed array...  [1.746s]
Building query seed array...  [0.111s]
Computing hash join...  [0.267s]
Masking low complexity seeds...  [0.054s]
Searching alignments...  [1.549s]
Deallocating memory...  [0s]
Processing query block 1, reference block 1/9, shape 9/16, index chunk 4/4.
Building reference seed array...  [5.177s]
Building query seed array...  [0.098s]
Computing hash join...  [0.287s]
Masking low complexity seeds...  [0.055s]
Searching alignments...  [1.536s]
Deallocating memory...  [0s]
Processing query block 1, reference block 1/9, shape 10/16, index chunk 1/4.
Building reference seed array...  [1.696s]
Building query seed array...  [0.109s]
Computing hash join...  [0.275s]
Masking low complexity seeds...  [0.051s]
Searching alignments...  [1.465s]
Deallocating memory...  [0s]
Processing query block 1, reference block 1/9, shape 10/16, index chunk 2/4.
Building reference seed array...  [2.495s]
Building query seed array...  [0.159s]
Computing hash join...  [0.301s]
Masking low complexity seeds...  [0.053s]
Searching alignments...  [1.465s]
Deallocating memory...  [0s]
Processing query block 1, reference block 1/9, shape 10/16, index chunk 3/4.
Building reference seed array...  [2.009s]
Building query seed array...  [0.116s]
Computing hash join...  [0.262s]
Masking low complexity seeds...  [0.054s]
Searching alignments...  [1.512s]
Deallocating memory...  [0s]
Processing query block 1, reference block 1/9, shape 10/16, index chunk 4/4.
Building reference seed array...  [1.464s]
Building query seed array...  [0.096s]
Computing hash join...  [0.265s]
Masking low complexity seeds...  [0.052s]
Searching alignments...  [1.438s]
Deallocating memory...  [0s]
Processing query block 1, reference block 1/9, shape 11/16, index chunk 1/4.
Building reference seed array...  [1.969s]
Building query seed array...  [0.109s]
Computing hash join...  [0.293s]
Masking low complexity seeds...  [0.052s]
Searching alignments...  [1.537s]
Deallocating memory...  [0s]
Processing query block 1, reference block 1/9, shape 11/16, index chunk 2/4.
Building reference seed array...  [2.872s]
Building query seed array...  [0.16s]
Computing hash join...  [0.318s]
Masking low complexity seeds...  [0.053s]
Searching alignments...  [1.55s]
Deallocating memory...  [0s]
Processing query block 1, reference block 1/9, shape 11/16, index chunk 3/4.
Building reference seed array...  [2.1s]
Building query seed array...  [0.12s]
Computing hash join...  [0.279s]
Masking low complexity seeds...  [0.054s]
Searching alignments...  [1.567s]
Deallocating memory...  [0s]
Processing query block 1, reference block 1/9, shape 11/16, index chunk 4/4.
Building reference seed array...  [2.024s]
Building query seed array...  [0.111s]
Computing hash join...  [0.278s]
Masking low complexity seeds...  [0.054s]
Searching alignments...  [1.52s]
Deallocating memory...  [0s]
Processing query block 1, reference block 1/9, shape 12/16, index chunk 1/4.
Building reference seed array...  [2.016s]
Building query seed array...  [0.108s]
Computing hash join...  [0.301s]
Masking low complexity seeds...  [0.051s]
Searching alignments...  [1.505s]
Deallocating memory...  [0s]
Processing query block 1, reference block 1/9, shape 12/16, index chunk 2/4.
Building reference seed array...  [2.579s]
Building query seed array...  [0.153s]
Computing hash join...  [0.284s]
Masking low complexity seeds...  [0.054s]
Searching alignments...  [1.461s]
Deallocating memory...  [0s]
Processing query block 1, reference block 1/9, shape 12/16, index chunk 3/4.
Building reference seed array...  [2.162s]
Building query seed array...  [0.12s]
Computing hash join...  [0.283s]
Masking low complexity seeds...  [0.053s]
Searching alignments...  [1.507s]
Deallocating memory...  [0s]
Processing query block 1, reference block 1/9, shape 12/16, index chunk 4/4.
Building reference seed array...  [1.799s]
Building query seed array...  [0.106s]
Computing hash join...  [0.253s]
Masking low complexity seeds...  [0.055s]
Searching alignments...  [1.515s]
Deallocating memory...  [0s]
Processing query block 1, reference block 1/9, shape 13/16, index chunk 1/4.
Building reference seed array...  [1.861s]
Building query seed array...  [0.105s]
Computing hash join...  [0.265s]
Masking low complexity seeds...  [0.052s]
Searching alignments...  [1.478s]
Deallocating memory...  [0s]
Processing query block 1, reference block 1/9, shape 13/16, index chunk 2/4.
Building reference seed array...  [2.537s]
Building query seed array...  [0.133s]
Computing hash join...  [0.274s]
Masking low complexity seeds...  [0.061s]
Searching alignments...  [1.453s]
Deallocating memory...  [0s]
Processing query block 1, reference block 1/9, shape 13/16, index chunk 3/4.
Building reference seed array...  [2.113s]
Building query seed array...  [0.174s]
Computing hash join...  [0.283s]
Masking low complexity seeds...  [0.055s]
Searching alignments...  [1.479s]
Deallocating memory...  [0s]
Processing query block 1, reference block 1/9, shape 13/16, index chunk 4/4.
Building reference seed array...  [1.693s]
Building query seed array...  [0.09s]
Computing hash join...  [0.265s]
Masking low complexity seeds...  [0.07s]
Searching alignments...  [1.457s]
Deallocating memory...  [0s]
Processing query block 1, reference block 1/9, shape 14/16, index chunk 1/4.
Building reference seed array...  [1.884s]
Building query seed array...  [0.114s]
Computing hash join...  [0.292s]
Masking low complexity seeds...  [0.052s]
Searching alignments...  [1.51s]
Deallocating memory...  [0s]
Processing query block 1, reference block 1/9, shape 14/16, index chunk 2/4.
Building reference seed array...  [2.511s]
Building query seed array...  [0.148s]
Computing hash join...  [0.305s]
Masking low complexity seeds...  [0.053s]
Searching alignments...  [1.525s]
Deallocating memory...  [0s]
Processing query block 1, reference block 1/9, shape 14/16, index chunk 3/4.
Building reference seed array...  [1.993s]
Building query seed array...  [0.118s]
Computing hash join...  [0.305s]
Masking low complexity seeds...  [0.05s]
Searching alignments...  [1.51s]
Deallocating memory...  [0s]
Processing query block 1, reference block 1/9, shape 14/16, index chunk 4/4.
Building reference seed array...  [1.882s]
Building query seed array...  [0.093s]
Computing hash join...  [0.294s]
Masking low complexity seeds...  [0.051s]
Searching alignments...  [1.486s]
Deallocating memory...  [0s]
Processing query block 1, reference block 1/9, shape 15/16, index chunk 1/4.
Building reference seed array...  [16.638s]
Building query seed array...  [0.108s]
Computing hash join...  [0.269s]
Masking low complexity seeds...  [0.053s]
Searching alignments...  [1.464s]
Deallocating memory...  [0s]
Processing query block 1, reference block 1/9, shape 15/16, index chunk 2/4.
Building reference seed array...  [2.504s]
Building query seed array...  [0.152s]
Computing hash join...  [0.301s]
Masking low complexity seeds...  [0.053s]
Searching alignments...  [1.46s]
Deallocating memory...  [0s]
Processing query block 1, reference block 1/9, shape 15/16, index chunk 3/4.
Building reference seed array...  [2.109s]
Building query seed array...  [0.129s]
Computing hash join...  [0.285s]
Masking low complexity seeds...  [0.051s]
Searching alignments...  [1.477s]
Deallocating memory...  [0s]
Processing query block 1, reference block 1/9, shape 15/16, index chunk 4/4.
Building reference seed array...  [1.615s]
Building query seed array...  [0.098s]
Computing hash join...  [0.271s]
Masking low complexity seeds...  [0.051s]
Searching alignments...  [1.461s]
Deallocating memory...  [0s]
Processing query block 1, reference block 1/9, shape 16/16, index chunk 1/4.
Building reference seed array...  [1.802s]
Building query seed array...  [0.116s]
Computing hash join...  [0.281s]
Masking low complexity seeds...  [0.053s]
Searching alignments...  [1.511s]
Deallocating memory...  [0s]
Processing query block 1, reference block 1/9, shape 16/16, index chunk 2/4.
Building reference seed array...  [2.556s]
Building query seed array...  [0.16s]
Computing hash join...  [0.299s]
Masking low complexity seeds...  [0.051s]
Searching alignments...  [1.648s]
Deallocating memory...  [0s]
Processing query block 1, reference block 1/9, shape 16/16, index chunk 3/4.
Building reference seed array...  [2.323s]
Building query seed array...  [0.116s]
Computing hash join...  [0.277s]
Masking low complexity seeds...  [0.053s]
Searching alignments...  [1.451s]
Deallocating memory...  [0s]
Processing query block 1, reference block 1/9, shape 16/16, index chunk 4/4.
Building reference seed array...  [1.847s]
Building query seed array...  [0.107s]
Computing hash join...  [0.292s]
Masking low complexity seeds...  [0.056s]
Searching alignments...  [1.444s]
Deallocating memory...  [0s]
Deallocating buffers...  [0.008s]
Clearing query masking...  [0.032s]
Opening temporary output file...  [0s]
Computing alignments...  [20.172s]
Deallocating reference...  [0.006s]
Loading reference sequences...  [2.404s]
Masking reference...  [2.868s]
Initializing dictionary...  [0.013s]
Initializing temporary storage...  [0.001s]
Building reference histograms...  [15.637s]
Allocating buffers...  [0s]
Processing query block 1, reference block 2/9, shape 1/16, index chunk 1/4.
Building reference seed array...  [2.481s]
Building query seed array...  [0.203s]
Computing hash join...  [0.346s]
Masking low complexity seeds...  [0.053s]
Searching alignments...  [1.782s]
Deallocating memory...  [0s]
Processing query block 1, reference block 2/9, shape 1/16, index chunk 2/4.
Building reference seed array...  [2.765s]
Building query seed array...  [0.169s]
Computing hash join...  [0.333s]
Masking low complexity seeds...  [0.053s]
Searching alignments...  [1.647s]
Deallocating memory...  [0s]
Processing query block 1, reference block 2/9, shape 1/16, index chunk 3/4.
Building reference seed array...  [1.894s]
Building query seed array...  [0.125s]
Computing hash join...  [0.352s]
Masking low complexity seeds...  [0.054s]
Searching alignments...  [1.664s]
Deallocating memory...  [0s]
Processing query block 1, reference block 2/9, shape 1/16, index chunk 4/4.
Building reference seed array...  [1.688s]
Building query seed array...  [0.119s]
Computing hash join...  [0.36s]
Masking low complexity seeds...  [0.053s]
Searching alignments...  [1.6s]
Deallocating memory...  [0s]
Processing query block 1, reference block 2/9, shape 2/16, index chunk 1/4.
Building reference seed array...  [1.806s]
Building query seed array...  [0.113s]
Computing hash join...  [4.246s]
Masking low complexity seeds...  [0.053s]
Searching alignments...  [1.575s]
Deallocating memory...  [0s]
Processing query block 1, reference block 2/9, shape 2/16, index chunk 2/4.
Building reference seed array...  [2.277s]
Building query seed array...  [0.153s]
Computing hash join...  [0.346s]
Masking low complexity seeds...  [0.053s]
Searching alignments...  [1.527s]
Deallocating memory...  [0s]
Processing query block 1, reference block 2/9, shape 2/16, index chunk 3/4.
Building reference seed array...  [2.399s]
Building query seed array...  [0.137s]
Computing hash join...  [0.335s]
Masking low complexity seeds...  [0.053s]
Searching alignments...  [1.495s]
Deallocating memory...  [0s]
Processing query block 1, reference block 2/9, shape 2/16, index chunk 4/4.
Building reference seed array...  [1.79s]
Building query seed array...  [0.115s]
Computing hash join...  [0.353s]
Masking low complexity seeds...  [0.05s]
Searching alignments...  [1.522s]
Deallocating memory...  [0s]
Processing query block 1, reference block 2/9, shape 3/16, index chunk 1/4.
Building reference seed array...  [1.802s]
Building query seed array...  [0.097s]
Computing hash join...  [0.365s]
Masking low complexity seeds...  [0.051s]
Searching alignments...  [1.6s]
Deallocating memory...  [0s]
Processing query block 1, reference block 2/9, shape 3/16, index chunk 2/4.
Building reference seed array...  [2.647s]
Building query seed array...  [0.144s]
Computing hash join...  [0.349s]
Masking low complexity seeds...  [0.052s]
Searching alignments...  [1.66s]
Deallocating memory...  [0s]
Processing query block 1, reference block 2/9, shape 3/16, index chunk 3/4.
Building reference seed array...  [2.114s]
Building query seed array...  [0.144s]
Computing hash join...  [0.343s]
Masking low complexity seeds...  [0.053s]
Searching alignments...  [1.588s]
Deallocating memory...  [0s]
Processing query block 1, reference block 2/9, shape 3/16, index chunk 4/4.
Building reference seed array...  [1.642s]
Building query seed array...  [0.114s]
Computing hash join...  [0.303s]
Masking low complexity seeds...  [0.056s]
Searching alignments...  [1.599s]
Deallocating memory...  [0s]
Processing query block 1, reference block 2/9, shape 4/16, index chunk 1/4.
Building reference seed array...  [1.982s]
Building query seed array...  [0.112s]
Computing hash join...  [0.303s]
Masking low complexity seeds...  [0.055s]
Searching alignments...  [1.616s]
Deallocating memory...  [0s]
Processing query block 1, reference block 2/9, shape 4/16, index chunk 2/4.
Building reference seed array...  [2.521s]
Building query seed array...  [0.146s]
Computing hash join...  [0.314s]
Masking low complexity seeds...  [0.053s]
Searching alignments...  [1.574s]
Deallocating memory...  [0s]
Processing query block 1, reference block 2/9, shape 4/16, index chunk 3/4.
Building reference seed array...  [2.086s]
Building query seed array...  [0.134s]
Computing hash join...  [0.306s]
Masking low complexity seeds...  [0.053s]
Searching alignments...  [1.663s]
Deallocating memory...  [0s]
Processing query block 1, reference block 2/9, shape 4/16, index chunk 4/4.
Building reference seed array...  [1.641s]
Building query seed array...  [0.101s]
Computing hash join...  [0.314s]
Masking low complexity seeds...  [0.052s]
Searching alignments...  [2.456s]
Deallocating memory...  [0s]
Processing query block 1, reference block 2/9, shape 5/16, index chunk 1/4.
Building reference seed array...  [2.009s]
Building query seed array...  [0.12s]
Computing hash join...  [0.285s]
Masking low complexity seeds...  [0.052s]
Searching alignments...  [1.523s]
Deallocating memory...  [0s]
Processing query block 1, reference block 2/9, shape 5/16, index chunk 2/4.
Building reference seed array...  [2.718s]
Building query seed array...  [0.145s]
Computing hash join...  [0.291s]
Masking low complexity seeds...  [0.053s]
Searching alignments...  [1.601s]
Deallocating memory...  [0s]
Processing query block 1, reference block 2/9, shape 5/16, index chunk 3/4.
Building reference seed array...  [2.409s]
Building query seed array...  [0.106s]
Computing hash join...  [0.291s]
Masking low complexity seeds...  [0.052s]
Searching alignments...  [1.55s]
Deallocating memory...  [0s]
Processing query block 1, reference block 2/9, shape 5/16, index chunk 4/4.
Building reference seed array...  [1.888s]
Building query seed array...  [0.085s]
Computing hash join...  [0.279s]
Masking low complexity seeds...  [0.053s]
Searching alignments...  [1.502s]
Deallocating memory...  [0s]
Processing query block 1, reference block 2/9, shape 6/16, index chunk 1/4.
Building reference seed array...  [1.869s]
Building query seed array...  [0.099s]
Computing hash join...  [0.317s]
Masking low complexity seeds...  [0.053s]
Searching alignments...  [1.506s]
Deallocating memory...  [0s]
Processing query block 1, reference block 2/9, shape 6/16, index chunk 2/4.
Building reference seed array...  [2.836s]
Building query seed array...  [0.17s]
Computing hash join...  [0.302s]
Masking low complexity seeds...  [0.055s]
Searching alignments...  [1.546s]
Deallocating memory...  [0s]
Processing query block 1, reference block 2/9, shape 6/16, index chunk 3/4.
Building reference seed array...  [2.092s]
Building query seed array...  [0.123s]
Computing hash join...  [0.324s]
Masking low complexity seeds...  [0.054s]
Searching alignments...  [1.521s]
Deallocating memory...  [0s]
Processing query block 1, reference block 2/9, shape 6/16, index chunk 4/4.
Building reference seed array...  [1.707s]
Building query seed array...  [0.1s]
Computing hash join...  [0.283s]
Masking low complexity seeds...  [0.054s]
Searching alignments...  [1.702s]
Deallocating memory...  [0s]
Processing query block 1, reference block 2/9, shape 7/16, index chunk 1/4.
Building reference seed array...  [1.723s]
Building query seed array...  [0.105s]
Computing hash join...  [0.267s]
Masking low complexity seeds...  [0.051s]
Searching alignments...  [1.507s]
Deallocating memory...  [0s]
Processing query block 1, reference block 2/9, shape 7/16, index chunk 2/4.
Building reference seed array...  [2.629s]
Building query seed array...  [0.146s]
Computing hash join...  [0.274s]
Masking low complexity seeds...  [0.053s]
Searching alignments...  [1.625s]
Deallocating memory...  [0s]
Processing query block 1, reference block 2/9, shape 7/16, index chunk 3/4.
Building reference seed array...  [2.101s]
Building query seed array...  [0.128s]
Computing hash join...  [4.528s]
Masking low complexity seeds...  [0.053s]
Searching alignments...  [1.495s]
Deallocating memory...  [0s]
Processing query block 1, reference block 2/9, shape 7/16, index chunk 4/4.
Building reference seed array...  [1.634s]
Building query seed array...  [0.094s]
Computing hash join...  [0.277s]
Masking low complexity seeds...  [0.052s]
Searching alignments...  [1.453s]
Deallocating memory...  [0s]
Processing query block 1, reference block 2/9, shape 8/16, index chunk 1/4.
Building reference seed array...  [1.802s]
Building query seed array...  [0.117s]
Computing hash join...  [0.275s]
Masking low complexity seeds...  [0.053s]
Searching alignments...  [1.517s]
Deallocating memory...  [0s]
Processing query block 1, reference block 2/9, shape 8/16, index chunk 2/4.
Building reference seed array...  [2.503s]
Building query seed array...  [0.144s]
Computing hash join...  [0.308s]
Masking low complexity seeds...  [0.052s]
Searching alignments...  [1.494s]
Deallocating memory...  [0s]
Processing query block 1, reference block 2/9, shape 8/16, index chunk 3/4.
Building reference seed array...  [2.126s]
Building query seed array...  [0.116s]
Computing hash join...  [0.268s]
Masking low complexity seeds...  [0.053s]
Searching alignments...  [1.537s]
Deallocating memory...  [0s]
Processing query block 1, reference block 2/9, shape 8/16, index chunk 4/4.
Building reference seed array...  [1.621s]
Building query seed array...  [0.116s]
Computing hash join...  [0.288s]
Masking low complexity seeds...  [0.054s]
Searching alignments...  [1.548s]
Deallocating memory...  [0s]
Processing query block 1, reference block 2/9, shape 9/16, index chunk 1/4.
Building reference seed array...  [1.861s]
Building query seed array...  [0.113s]
Computing hash join...  [0.285s]
Masking low complexity seeds...  [0.054s]
Searching alignments...  [1.529s]
Deallocating memory...  [0s]
Processing query block 1, reference block 2/9, shape 9/16, index chunk 2/4.
Building reference seed array...  [2.762s]
Building query seed array...  [0.163s]
Computing hash join...  [0.298s]
Masking low complexity seeds...  [0.054s]
Searching alignments...  [1.583s]
Deallocating memory...  [0s]
Processing query block 1, reference block 2/9, shape 9/16, index chunk 3/4.
Building reference seed array...  [2.32s]
Building query seed array...  [0.144s]
Computing hash join...  [0.309s]
Masking low complexity seeds...  [0.054s]
Searching alignments...  [1.642s]
Deallocating memory...  [0s]
Processing query block 1, reference block 2/9, shape 9/16, index chunk 4/4.
Building reference seed array...  [1.824s]
Building query seed array...  [0.09s]
Computing hash join...  [0.273s]
Masking low complexity seeds...  [0.053s]
Searching alignments...  [1.56s]
Deallocating memory...  [0s]
Processing query block 1, reference block 2/9, shape 10/16, index chunk 1/4.
Building reference seed array...  [2.012s]
Building query seed array...  [0.122s]
Computing hash join...  [0.288s]
Masking low complexity seeds...  [0.055s]
Searching alignments...  [1.545s]
Deallocating memory...  [0s]
Processing query block 1, reference block 2/9, shape 10/16, index chunk 2/4.
Building reference seed array...  [2.877s]
Building query seed array...  [0.155s]
Computing hash join...  [0.284s]
Masking low complexity seeds...  [0.054s]
Searching alignments...  [1.456s]
Deallocating memory...  [0s]
Processing query block 1, reference block 2/9, shape 10/16, index chunk 3/4.
Building reference seed array...  [2.431s]
Building query seed array...  [0.151s]
Computing hash join...  [0.272s]
Masking low complexity seeds...  [0.054s]
Searching alignments...  [1.477s]
Deallocating memory...  [0s]
Processing query block 1, reference block 2/9, shape 10/16, index chunk 4/4.
Building reference seed array...  [1.914s]
Building query seed array...  [0.098s]
Computing hash join...  [0.278s]
Masking low complexity seeds...  [0.052s]
Searching alignments...  [1.471s]
Deallocating memory...  [0s]
Processing query block 1, reference block 2/9, shape 11/16, index chunk 1/4.
Building reference seed array...  [2.028s]
Building query seed array...  [0.116s]
Computing hash join...  [0.293s]
Masking low complexity seeds...  [0.053s]
Searching alignments...  [1.537s]
Deallocating memory...  [0s]
Processing query block 1, reference block 2/9, shape 11/16, index chunk 2/4.
Building reference seed array...  [2.866s]
Building query seed array...  [0.145s]
Computing hash join...  [0.298s]
Masking low complexity seeds...  [0.053s]
Searching alignments...  [1.541s]
Deallocating memory...  [0s]
Processing query block 1, reference block 2/9, shape 11/16, index chunk 3/4.
Building reference seed array...  [2.366s]
Building query seed array...  [0.141s]
Computing hash join...  [0.27s]
Masking low complexity seeds...  [0.055s]
Searching alignments...  [1.534s]
Deallocating memory...  [0s]
Processing query block 1, reference block 2/9, shape 11/16, index chunk 4/4.
Building reference seed array...  [1.994s]
Building query seed array...  [0.122s]
Computing hash join...  [0.269s]
Masking low complexity seeds...  [0.055s]
Searching alignments...  [1.554s]
Deallocating memory...  [0s]
Processing query block 1, reference block 2/9, shape 12/16, index chunk 1/4.
Building reference seed array...  [2.159s]
Building query seed array...  [0.117s]
Computing hash join...  [0.28s]
Masking low complexity seeds...  [0.054s]
Searching alignments...  [1.486s]
Deallocating memory...  [0s]
Processing query block 1, reference block 2/9, shape 12/16, index chunk 2/4.
Building reference seed array...  [3.208s]
Building query seed array...  [0.137s]
Computing hash join...  [0.267s]
Masking low complexity seeds...  [0.053s]
Searching alignments...  [1.453s]
Deallocating memory...  [0s]
Processing query block 1, reference block 2/9, shape 12/16, index chunk 3/4.
Building reference seed array...  [14.431s]
Building query seed array...  [0.145s]
Computing hash join...  [0.295s]
Masking low complexity seeds...  [0.055s]
Searching alignments...  [1.52s]
Deallocating memory...  [0s]
Processing query block 1, reference block 2/9, shape 12/16, index chunk 4/4.
Building reference seed array...  [1.488s]
Building query seed array...  [0.114s]
Computing hash join...  [0.304s]
Masking low complexity seeds...  [0.053s]
Searching alignments...  [1.529s]
Deallocating memory...  [0s]
Processing query block 1, reference block 2/9, shape 13/16, index chunk 1/4.
Building reference seed array...  [2.021s]
Building query seed array...  [0.119s]
Computing hash join...  [0.322s]
Masking low complexity seeds...  [0.052s]
Searching alignments...  [1.448s]
Deallocating memory...  [0s]
Processing query block 1, reference block 2/9, shape 13/16, index chunk 2/4.
Building reference seed array...  [2.68s]
Building query seed array...  [0.138s]
Computing hash join...  [0.272s]
Masking low complexity seeds...  [0.051s]
Searching alignments...  [1.457s]
Deallocating memory...  [0s]
Processing query block 1, reference block 2/9, shape 13/16, index chunk 3/4.
Building reference seed array...  [2.134s]
Building query seed array...  [0.154s]
Computing hash join...  [0.302s]
Masking low complexity seeds...  [0.052s]
Searching alignments...  [1.481s]
Deallocating memory...  [0s]
Processing query block 1, reference block 2/9, shape 13/16, index chunk 4/4.
Building reference seed array...  [1.573s]
Building query seed array...  [0.099s]
Computing hash join...  [0.282s]
Masking low complexity seeds...  [0.051s]
Searching alignments...  [1.462s]
Deallocating memory...  [0s]
Processing query block 1, reference block 2/9, shape 14/16, index chunk 1/4.
Building reference seed array...  [2.08s]
Building query seed array...  [0.121s]
Computing hash join...  [0.288s]
Masking low complexity seeds...  [0.054s]
Searching alignments...  [1.552s]
Deallocating memory...  [0s]
Processing query block 1, reference block 2/9, shape 14/16, index chunk 2/4.
Building reference seed array...  [2.609s]
Building query seed array...  [0.15s]
Computing hash join...  [0.276s]
Masking low complexity seeds...  [0.052s]
Searching alignments...  [1.497s]
Deallocating memory...  [0s]
Processing query block 1, reference block 2/9, shape 14/16, index chunk 3/4.
Building reference seed array...  [2.09s]
Building query seed array...  [0.134s]
Computing hash join...  [0.308s]
Masking low complexity seeds...  [0.053s]
Searching alignments...  [1.464s]
Deallocating memory...  [0s]
Processing query block 1, reference block 2/9, shape 14/16, index chunk 4/4.
Building reference seed array...  [1.937s]
Building query seed array...  [0.109s]
Computing hash join...  [0.306s]
Masking low complexity seeds...  [0.053s]
Searching alignments...  [1.486s]
Deallocating memory...  [0s]
Processing query block 1, reference block 2/9, shape 15/16, index chunk 1/4.
Building reference seed array...  [2.138s]
Building query seed array...  [0.094s]
Computing hash join...  [0.278s]
Masking low complexity seeds...  [0.049s]
Searching alignments...  [1.502s]
Deallocating memory...  [0s]
Processing query block 1, reference block 2/9, shape 15/16, index chunk 2/4.
Building reference seed array...  [2.88s]
Building query seed array...  [0.175s]
Computing hash join...  [0.271s]
Masking low complexity seeds...  [0.052s]
Searching alignments...  [1.548s]
Deallocating memory...  [0s]
Processing query block 1, reference block 2/9, shape 15/16, index chunk 3/4.
Building reference seed array...  [2.432s]
Building query seed array...  [0.124s]
Computing hash join...  [0.292s]
Masking low complexity seeds...  [0.053s]
Searching alignments...  [1.494s]
Deallocating memory...  [0s]
Processing query block 1, reference block 2/9, shape 15/16, index chunk 4/4.
Building reference seed array...  [2.176s]
Building query seed array...  [0.125s]
Computing hash join...  [0.279s]
Masking low complexity seeds...  [0.053s]
Searching alignments...  [1.5s]
Deallocating memory...  [0s]
Processing query block 1, reference block 2/9, shape 16/16, index chunk 1/4.
Building reference seed array...  [2.144s]
Building query seed array...  [0.114s]
Computing hash join...  [0.282s]
Masking low complexity seeds...  [0.05s]
Searching alignments...  [1.517s]
Deallocating memory...  [0s]
Processing query block 1, reference block 2/9, shape 16/16, index chunk 2/4.
Building reference seed array...  [2.825s]
Building query seed array...  [0.143s]
Computing hash join...  [0.291s]
Masking low complexity seeds...  [0.051s]
Searching alignments...  [1.486s]
Deallocating memory...  [0s]
Processing query block 1, reference block 2/9, shape 16/16, index chunk 3/4.
Building reference seed array...  [2.254s]
Building query seed array...  [0.132s]
Computing hash join...  [0.302s]
Masking low complexity seeds...  [0.055s]
Searching alignments...  [1.484s]
Deallocating memory...  [0s]
Processing query block 1, reference block 2/9, shape 16/16, index chunk 4/4.
Building reference seed array...  [1.873s]
Building query seed array...  [0.118s]
Computing hash join...  [0.287s]
Masking low complexity seeds...  [0.054s]
Searching alignments...  [1.512s]
Deallocating memory...  [0s]
Deallocating buffers...  [0.008s]
Clearing query masking...  [0.029s]
Opening temporary output file...  [0s]
Computing alignments...  [34.616s]
Deallocating reference...  [0.004s]
Loading reference sequences...  [2.209s]
Masking reference...  [2.913s]
Initializing dictionary...  [0.001s]
Initializing temporary storage...  [0.001s]
Building reference histograms...  [17.142s]
Allocating buffers...  [0s]
Processing query block 1, reference block 3/9, shape 1/16, index chunk 1/4.
Building reference seed array...  [2.624s]
Building query seed array...  [0.242s]
Computing hash join...  [0.329s]
Masking low complexity seeds...  [0.054s]
Searching alignments...  [1.791s]
Deallocating memory...  [0s]
Processing query block 1, reference block 3/9, shape 1/16, index chunk 2/4.
Building reference seed array...  [2.815s]
Building query seed array...  [0.164s]
Computing hash join...  [0.346s]
Masking low complexity seeds...  [0.054s]
Searching alignments...  [1.616s]
Deallocating memory...  [0s]
Processing query block 1, reference block 3/9, shape 1/16, index chunk 3/4.
Building reference seed array...  [2.166s]
Building query seed array...  [0.124s]
Computing hash join...  [0.349s]
Masking low complexity seeds...  [0.057s]
Searching alignments...  [1.617s]
Deallocating memory...  [0s]
Processing query block 1, reference block 3/9, shape 1/16, index chunk 4/4.
Building reference seed array...  [1.818s]
Building query seed array...  [0.115s]
Computing hash join...  [0.33s]
Masking low complexity seeds...  [0.061s]
Searching alignments...  [1.569s]
Deallocating memory...  [0s]
Processing query block 1, reference block 3/9, shape 2/16, index chunk 1/4.
Building reference seed array...  [2.047s]
Building query seed array...  [0.114s]
Computing hash join...  [0.342s]
Masking low complexity seeds...  [0.053s]
Searching alignments...  [1.534s]
Deallocating memory...  [0s]
Processing query block 1, reference block 3/9, shape 2/16, index chunk 2/4.
Building reference seed array...  [2.546s]
Building query seed array...  [0.139s]
Computing hash join...  [0.336s]
Masking low complexity seeds...  [0.054s]
Searching alignments...  [1.523s]
Deallocating memory...  [0s]
Processing query block 1, reference block 3/9, shape 2/16, index chunk 3/4.
Building reference seed array...  [2.259s]
Building query seed array...  [0.12s]
Computing hash join...  [0.337s]
Masking low complexity seeds...  [0.051s]
Searching alignments...  [1.476s]
Deallocating memory...  [0s]
Processing query block 1, reference block 3/9, shape 2/16, index chunk 4/4.
Building reference seed array...  [1.889s]
Building query seed array...  [0.1s]
Computing hash join...  [0.32s]
Masking low complexity seeds...  [0.054s]
Searching alignments...  [1.514s]
Deallocating memory...  [0s]
Processing query block 1, reference block 3/9, shape 3/16, index chunk 1/4.
Building reference seed array...  [1.881s]
Building query seed array...  [0.12s]
Computing hash join...  [0.35s]
Masking low complexity seeds...  [0.054s]
Searching alignments...  [1.582s]
Deallocating memory...  [0s]
Processing query block 1, reference block 3/9, shape 3/16, index chunk 2/4.
Building reference seed array...  [2.821s]
Building query seed array...  [0.15s]
Computing hash join...  [0.32s]
Masking low complexity seeds...  [0.054s]
Searching alignments...  [1.662s]
Deallocating memory...  [0s]
Processing query block 1, reference block 3/9, shape 3/16, index chunk 3/4.
Building reference seed array...  [2.069s]
Building query seed array...  [0.138s]
Computing hash join...  [13.799s]
Masking low complexity seeds...  [0.054s]
Searching alignments...  [1.585s]
Deallocating memory...  [0s]
Processing query block 1, reference block 3/9, shape 3/16, index chunk 4/4.
Building reference seed array...  [1.793s]
Building query seed array...  [0.095s]
Computing hash join...  [0.324s]
Masking low complexity seeds...  [0.053s]
Searching alignments...  [1.6s]
Deallocating memory...  [0s]
Processing query block 1, reference block 3/9, shape 4/16, index chunk 1/4.
Building reference seed array...  [1.678s]
Building query seed array...  [0.095s]
Computing hash join...  [0.298s]
Masking low complexity seeds...  [0.051s]
Searching alignments...  [1.664s]
Deallocating memory...  [0s]
Processing query block 1, reference block 3/9, shape 4/16, index chunk 2/4.
Building reference seed array...  [2.787s]
Building query seed array...  [0.161s]
Computing hash join...  [0.305s]
Masking low complexity seeds...  [0.055s]
Searching alignments...  [1.536s]
Deallocating memory...  [0s]
Processing query block 1, reference block 3/9, shape 4/16, index chunk 3/4.
Building reference seed array...  [2.432s]
Building query seed array...  [0.12s]
Computing hash join...  [0.307s]
Masking low complexity seeds...  [0.053s]
Searching alignments...  [1.566s]
Deallocating memory...  [0s]
Processing query block 1, reference block 3/9, shape 4/16, index chunk 4/4.
Building reference seed array...  [1.657s]
Building query seed array...  [0.105s]
Computing hash join...  [0.325s]
Masking low complexity seeds...  [0.053s]
Searching alignments...  [2.211s]
Deallocating memory...  [0s]
Processing query block 1, reference block 3/9, shape 5/16, index chunk 1/4.
Building reference seed array...  [1.745s]
Building query seed array...  [0.109s]
Computing hash join...  [0.284s]
Masking low complexity seeds...  [0.054s]
Searching alignments...  [1.527s]
Deallocating memory...  [0s]
Processing query block 1, reference block 3/9, shape 5/16, index chunk 2/4.
Building reference seed array...  [2.856s]
Building query seed array...  [0.163s]
Computing hash join...  [0.269s]
Masking low complexity seeds...  [0.056s]
Searching alignments...  [1.567s]
Deallocating memory...  [0s]
Processing query block 1, reference block 3/9, shape 5/16, index chunk 3/4.
Building reference seed array...  [1.958s]
Building query seed array...  [0.114s]
Computing hash join...  [0.286s]
Masking low complexity seeds...  [0.054s]
Searching alignments...  [1.53s]
Deallocating memory...  [0s]
Processing query block 1, reference block 3/9, shape 5/16, index chunk 4/4.
Building reference seed array...  [2.001s]
Building query seed array...  [0.139s]
Computing hash join...  [0.288s]
Masking low complexity seeds...  [0.052s]
Searching alignments...  [1.527s]
Deallocating memory...  [0s]
Processing query block 1, reference block 3/9, shape 6/16, index chunk 1/4.
Building reference seed array...  [1.769s]
Building query seed array...  [0.104s]
Computing hash join...  [0.279s]
Masking low complexity seeds...  [0.053s]
Searching alignments...  [1.557s]
Deallocating memory...  [0s]
Processing query block 1, reference block 3/9, shape 6/16, index chunk 2/4.
Building reference seed array...  [2.871s]
Building query seed array...  [0.144s]
Computing hash join...  [0.301s]
Masking low complexity seeds...  [0.055s]
Searching alignments...  [1.522s]
Deallocating memory...  [0s]
Processing query block 1, reference block 3/9, shape 6/16, index chunk 3/4.
Building reference seed array...  [2.087s]
Building query seed array...  [0.157s]
Computing hash join...  [0.278s]
Masking low complexity seeds...  [0.055s]
Searching alignments...  [1.531s]
Deallocating memory...  [0s]
Processing query block 1, reference block 3/9, shape 6/16, index chunk 4/4.
Building reference seed array...  [1.658s]
Building query seed array...  [0.117s]
Computing hash join...  [0.292s]
Masking low complexity seeds...  [0.056s]
Searching alignments...  [1.789s]
Deallocating memory...  [0s]
Processing query block 1, reference block 3/9, shape 7/16, index chunk 1/4.
Building reference seed array...  [1.999s]
Building query seed array...  [0.1s]
Computing hash join...  [0.282s]
Masking low complexity seeds...  [0.055s]
Searching alignments...  [1.495s]
Deallocating memory...  [0s]
Processing query block 1, reference block 3/9, shape 7/16, index chunk 2/4.
Building reference seed array...  [2.694s]
Building query seed array...  [0.147s]
Computing hash join...  [0.284s]
Masking low complexity seeds...  [0.053s]
Searching alignments...  [1.579s]
Deallocating memory...  [0s]
Processing query block 1, reference block 3/9, shape 7/16, index chunk 3/4.
Building reference seed array...  [2.24s]
Building query seed array...  [0.116s]
Computing hash join...  [0.278s]
Masking low complexity seeds...  [0.052s]
Searching alignments...  [1.505s]
Deallocating memory...  [0s]
Processing query block 1, reference block 3/9, shape 7/16, index chunk 4/4.
Building reference seed array...  [1.585s]
Building query seed array...  [0.087s]
Computing hash join...  [0.265s]
Masking low complexity seeds...  [0.052s]
Searching alignments...  [1.494s]
Deallocating memory...  [0s]
Processing query block 1, reference block 3/9, shape 8/16, index chunk 1/4.
Building reference seed array...  [1.818s]
Building query seed array...  [0.125s]
Computing hash join...  [0.291s]
Masking low complexity seeds...  [0.053s]
Searching alignments...  [1.537s]
Deallocating memory...  [0s]
Processing query block 1, reference block 3/9, shape 8/16, index chunk 2/4.
Building reference seed array...  [2.474s]
Building query seed array...  [0.146s]
Computing hash join...  [0.272s]
Masking low complexity seeds...  [0.056s]
Searching alignments...  [1.497s]
Deallocating memory...  [0s]
Processing query block 1, reference block 3/9, shape 8/16, index chunk 3/4.
Building reference seed array...  [2.071s]
Building query seed array...  [0.13s]
Computing hash join...  [0.272s]
Masking low complexity seeds...  [0.055s]
Searching alignments...  [1.494s]
Deallocating memory...  [0s]
Processing query block 1, reference block 3/9, shape 8/16, index chunk 4/4.
Building reference seed array...  [1.961s]
Building query seed array...  [0.109s]
Computing hash join...  [0.279s]
Masking low complexity seeds...  [0.053s]
Searching alignments...  [1.545s]
Deallocating memory...  [0s]
Processing query block 1, reference block 3/9, shape 9/16, index chunk 1/4.
Building reference seed array...  [1.746s]
Building query seed array...  [0.109s]
Computing hash join...  [0.301s]
Masking low complexity seeds...  [0.056s]
Searching alignments...  [1.509s]
Deallocating memory...  [0s]
Processing query block 1, reference block 3/9, shape 9/16, index chunk 2/4.
Building reference seed array...  [4.955s]
Building query seed array...  [0.175s]
Computing hash join...  [0.282s]
Masking low complexity seeds...  [0.055s]
Searching alignments...  [1.533s]
Deallocating memory...  [0s]
Processing query block 1, reference block 3/9, shape 9/16, index chunk 3/4.
Building reference seed array...  [2.357s]
Building query seed array...  [0.141s]
Computing hash join...  [0.288s]
Masking low complexity seeds...  [0.055s]
Searching alignments...  [1.633s]
Deallocating memory...  [0s]
Processing query block 1, reference block 3/9, shape 9/16, index chunk 4/4.
Building reference seed array...  [1.892s]
Building query seed array...  [0.082s]
Computing hash join...  [0.278s]
Masking low complexity seeds...  [0.053s]
Searching alignments...  [1.521s]
Deallocating memory...  [0s]
Processing query block 1, reference block 3/9, shape 10/16, index chunk 1/4.
Building reference seed array...  [1.843s]
Building query seed array...  [0.1s]
Computing hash join...  [0.283s]
Masking low complexity seeds...  [0.053s]
Searching alignments...  [1.565s]
Deallocating memory...  [0s]
Processing query block 1, reference block 3/9, shape 10/16, index chunk 2/4.
Building reference seed array...  [2.469s]
Building query seed array...  [0.136s]
Computing hash join...  [0.306s]
Masking low complexity seeds...  [0.054s]
Searching alignments...  [1.441s]
Deallocating memory...  [0s]
Processing query block 1, reference block 3/9, shape 10/16, index chunk 3/4.
Building reference seed array...  [2.511s]
Building query seed array...  [0.109s]
Computing hash join...  [0.272s]
Masking low complexity seeds...  [0.053s]
Searching alignments...  [1.473s]
Deallocating memory...  [0s]
Processing query block 1, reference block 3/9, shape 10/16, index chunk 4/4.
Building reference seed array...  [1.764s]
Building query seed array...  [0.1s]
Computing hash join...  [0.276s]
Masking low complexity seeds...  [0.053s]
Searching alignments...  [1.594s]
Deallocating memory...  [0s]
Processing query block 1, reference block 3/9, shape 11/16, index chunk 1/4.
Building reference seed array...  [1.937s]
Building query seed array...  [0.111s]
Computing hash join...  [0.283s]
Masking low complexity seeds...  [0.054s]
Searching alignments...  [1.542s]
Deallocating memory...  [0s]
Processing query block 1, reference block 3/9, shape 11/16, index chunk 2/4.
Building reference seed array...  [2.783s]
Building query seed array...  [0.125s]
Computing hash join...  [0.292s]
Masking low complexity seeds...  [0.051s]
Searching alignments...  [1.544s]
Deallocating memory...  [0s]
Processing query block 1, reference block 3/9, shape 11/16, index chunk 3/4.
Building reference seed array...  [2.24s]
Building query seed array...  [0.146s]
Computing hash join...  [0.27s]
Masking low complexity seeds...  [0.053s]
Searching alignments...  [1.591s]
Deallocating memory...  [0s]
Processing query block 1, reference block 3/9, shape 11/16, index chunk 4/4.
Building reference seed array...  [1.862s]
Building query seed array...  [0.1s]
Computing hash join...  [0.281s]
Masking low complexity seeds...  [0.054s]
Searching alignments...  [1.536s]
Deallocating memory...  [0s]
Processing query block 1, reference block 3/9, shape 12/16, index chunk 1/4.
Building reference seed array...  [1.805s]
Building query seed array...  [0.1s]
Computing hash join...  [0.296s]
Masking low complexity seeds...  [0.053s]
Searching alignments...  [1.537s]
Deallocating memory...  [0s]
Processing query block 1, reference block 3/9, shape 12/16, index chunk 2/4.
Building reference seed array...  [2.904s]
Building query seed array...  [0.151s]
Computing hash join...  [0.268s]
Masking low complexity seeds...  [0.052s]
Searching alignments...  [1.485s]
Deallocating memory...  [0s]
Processing query block 1, reference block 3/9, shape 12/16, index chunk 3/4.
Building reference seed array...  [1.947s]
Building query seed array...  [0.113s]
Computing hash join...  [0.278s]
Masking low complexity seeds...  [0.051s]
Searching alignments...  [1.479s]
Deallocating memory...  [0s]
Processing query block 1, reference block 3/9, shape 12/16, index chunk 4/4.
Building reference seed array...  [1.613s]
Building query seed array...  [0.099s]
Computing hash join...  [0.281s]
Masking low complexity seeds...  [0.053s]
Searching alignments...  [1.734s]
Deallocating memory...  [0s]
Processing query block 1, reference block 3/9, shape 13/16, index chunk 1/4.
Building reference seed array...  [1.802s]
Building query seed array...  [0.106s]
Computing hash join...  [0.272s]
Masking low complexity seeds...  [0.055s]
Searching alignments...  [1.455s]
Deallocating memory...  [0s]
Processing query block 1, reference block 3/9, shape 13/16, index chunk 2/4.
Building reference seed array...  [2.7s]
Building query seed array...  [0.149s]
Computing hash join...  [0.299s]
Masking low complexity seeds...  [0.054s]
Searching alignments...  [1.472s]
Deallocating memory...  [0s]
Processing query block 1, reference block 3/9, shape 13/16, index chunk 3/4.
Building reference seed array...  [1.961s]
Building query seed array...  [0.143s]
Computing hash join...  [0.288s]
Masking low complexity seeds...  [0.056s]
Searching alignments...  [1.493s]
Deallocating memory...  [0s]
Processing query block 1, reference block 3/9, shape 13/16, index chunk 4/4.
Building reference seed array...  [1.932s]
Building query seed array...  [0.084s]
Computing hash join...  [0.302s]
Masking low complexity seeds...  [0.052s]
Searching alignments...  [1.446s]
Deallocating memory...  [0s]
Processing query block 1, reference block 3/9, shape 14/16, index chunk 1/4.
Building reference seed array...  [1.889s]
Building query seed array...  [0.114s]
Computing hash join...  [0.293s]
Masking low complexity seeds...  [0.054s]
Searching alignments...  [1.477s]
Deallocating memory...  [0s]
Processing query block 1, reference block 3/9, shape 14/16, index chunk 2/4.
Building reference seed array...  [2.794s]
Building query seed array...  [13.542s]
Computing hash join...  [0.287s]
Masking low complexity seeds...  [0.053s]
Searching alignments...  [1.486s]
Deallocating memory...  [0s]
Processing query block 1, reference block 3/9, shape 14/16, index chunk 3/4.
Building reference seed array...  [2.2s]
Building query seed array...  [0.135s]
Computing hash join...  [0.273s]
Masking low complexity seeds...  [0.052s]
Searching alignments...  [1.462s]
Deallocating memory...  [0s]
Processing query block 1, reference block 3/9, shape 14/16, index chunk 4/4.
Building reference seed array...  [1.805s]
Building query seed array...  [0.099s]
Computing hash join...  [0.303s]
Masking low complexity seeds...  [0.054s]
Searching alignments...  [1.503s]
Deallocating memory...  [0s]
Processing query block 1, reference block 3/9, shape 15/16, index chunk 1/4.
Building reference seed array...  [1.709s]
Building query seed array...  [0.105s]
Computing hash join...  [0.299s]
Masking low complexity seeds...  [0.053s]
Searching alignments...  [1.468s]
Deallocating memory...  [0s]
Processing query block 1, reference block 3/9, shape 15/16, index chunk 2/4.
Building reference seed array...  [3.002s]
Building query seed array...  [0.164s]
Computing hash join...  [0.284s]
Masking low complexity seeds...  [0.053s]
Searching alignments...  [1.536s]
Deallocating memory...  [0s]
Processing query block 1, reference block 3/9, shape 15/16, index chunk 3/4.
Building reference seed array...  [2.076s]
Building query seed array...  [0.146s]
Computing hash join...  [0.311s]
Masking low complexity seeds...  [0.054s]
Searching alignments...  [1.494s]
Deallocating memory...  [0s]
Processing query block 1, reference block 3/9, shape 15/16, index chunk 4/4.
Building reference seed array...  [1.798s]
Building query seed array...  [0.097s]
Computing hash join...  [0.273s]
Masking low complexity seeds...  [0.054s]
Searching alignments...  [1.51s]
Deallocating memory...  [0s]
Processing query block 1, reference block 3/9, shape 16/16, index chunk 1/4.
Building reference seed array...  [1.857s]
Building query seed array...  [0.115s]
Computing hash join...  [0.256s]
Masking low complexity seeds...  [0.054s]
Searching alignments...  [1.512s]
Deallocating memory...  [0s]
Processing query block 1, reference block 3/9, shape 16/16, index chunk 2/4.
Building reference seed array...  [3.07s]
Building query seed array...  [0.183s]
Computing hash join...  [0.267s]
Masking low complexity seeds...  [0.051s]
Searching alignments...  [1.51s]
Deallocating memory...  [0s]
Processing query block 1, reference block 3/9, shape 16/16, index chunk 3/4.
Building reference seed array...  [2.167s]
Building query seed array...  [0.12s]
Computing hash join...  [0.271s]
Masking low complexity seeds...  [0.052s]
Searching alignments...  [1.442s]
Deallocating memory...  [0s]
Processing query block 1, reference block 3/9, shape 16/16, index chunk 4/4.
Building reference seed array...  [1.757s]
Building query seed array...  [0.109s]
Computing hash join...  [0.272s]
Masking low complexity seeds...  [0.053s]
Searching alignments...  [1.459s]
Deallocating memory...  [0s]
Deallocating buffers...  [0.009s]
Clearing query masking...  [0.027s]
Opening temporary output file...  [0s]
Computing alignments...  [20.938s]
Deallocating reference...  [0.005s]
Loading reference sequences...  [2.247s]
Masking reference...  [2.989s]
Initializing dictionary...  [0.004s]
Initializing temporary storage...  [0.001s]
Building reference histograms...  [16.924s]
Allocating buffers...  [0.001s]
Processing query block 1, reference block 4/9, shape 1/16, index chunk 1/4.
Building reference seed array...  [2.59s]
Building query seed array...  [0.202s]
Computing hash join...  [0.335s]
Masking low complexity seeds...  [0.054s]
Searching alignments...  [1.693s]
Deallocating memory...  [0s]
Processing query block 1, reference block 4/9, shape 1/16, index chunk 2/4.
Building reference seed array...  [3.106s]
Building query seed array...  [2.265s]
Computing hash join...  [0.348s]
Masking low complexity seeds...  [0.054s]
Searching alignments...  [1.603s]
Deallocating memory...  [0s]
Processing query block 1, reference block 4/9, shape 1/16, index chunk 3/4.
Building reference seed array...  [2.099s]
Building query seed array...  [0.115s]
Computing hash join...  [0.33s]
Masking low complexity seeds...  [0.053s]
Searching alignments...  [1.581s]
Deallocating memory...  [0s]
Processing query block 1, reference block 4/9, shape 1/16, index chunk 4/4.
Building reference seed array...  [1.627s]
Building query seed array...  [0.099s]
Computing hash join...  [0.315s]
Masking low complexity seeds...  [0.051s]
Searching alignments...  [1.563s]
Deallocating memory...  [0s]
Processing query block 1, reference block 4/9, shape 2/16, index chunk 1/4.
Building reference seed array...  [1.569s]
Building query seed array...  [0.091s]
Computing hash join...  [0.313s]
Masking low complexity seeds...  [0.053s]
Searching alignments...  [1.531s]
Deallocating memory...  [0s]
Processing query block 1, reference block 4/9, shape 2/16, index chunk 2/4.
Building reference seed array...  [2.525s]
Building query seed array...  [0.145s]
Computing hash join...  [0.339s]
Masking low complexity seeds...  [0.056s]
Searching alignments...  [1.507s]
Deallocating memory...  [0s]
Processing query block 1, reference block 4/9, shape 2/16, index chunk 3/4.
Building reference seed array...  [1.992s]
Building query seed array...  [0.143s]
Computing hash join...  [0.321s]
Masking low complexity seeds...  [0.052s]
Searching alignments...  [1.499s]
Deallocating memory...  [0s]
Processing query block 1, reference block 4/9, shape 2/16, index chunk 4/4.
Building reference seed array...  [1.723s]
Building query seed array...  [0.101s]
Computing hash join...  [0.311s]
Masking low complexity seeds...  [0.053s]
Searching alignments...  [1.484s]
Deallocating memory...  [0s]
Processing query block 1, reference block 4/9, shape 3/16, index chunk 1/4.
Building reference seed array...  [1.657s]
Building query seed array...  [0.089s]
Computing hash join...  [0.37s]
Masking low complexity seeds...  [0.053s]
Searching alignments...  [1.569s]
Deallocating memory...  [0s]
Processing query block 1, reference block 4/9, shape 3/16, index chunk 2/4.
Building reference seed array...  [2.387s]
Building query seed array...  [0.156s]
Computing hash join...  [0.33s]
Masking low complexity seeds...  [0.054s]
Searching alignments...  [1.597s]
Deallocating memory...  [0s]
Processing query block 1, reference block 4/9, shape 3/16, index chunk 3/4.
Building reference seed array...  [2.298s]
Building query seed array...  [0.148s]
Computing hash join...  [0.3s]
Masking low complexity seeds...  [0.055s]
Searching alignments...  [1.578s]
Deallocating memory...  [0s]
Processing query block 1, reference block 4/9, shape 3/16, index chunk 4/4.
Building reference seed array...  [1.702s]
Building query seed array...  [0.111s]
Computing hash join...  [0.363s]
Masking low complexity seeds...  [0.054s]
Searching alignments...  [1.62s]
Deallocating memory...  [0s]
Processing query block 1, reference block 4/9, shape 4/16, index chunk 1/4.
Building reference seed array...  [1.781s]
Building query seed array...  [0.124s]
Computing hash join...  [0.308s]
Masking low complexity seeds...  [0.054s]
Searching alignments...  [1.617s]
Deallocating memory...  [0s]
Processing query block 1, reference block 4/9, shape 4/16, index chunk 2/4.
Building reference seed array...  [2.917s]
Building query seed array...  [0.157s]
Computing hash join...  [0.308s]
Masking low complexity seeds...  [0.055s]
Searching alignments...  [1.579s]
Deallocating memory...  [0s]
Processing query block 1, reference block 4/9, shape 4/16, index chunk 3/4.
Building reference seed array...  [2.417s]
Building query seed array...  [0.149s]
Computing hash join...  [0.28s]
Masking low complexity seeds...  [0.055s]
Searching alignments...  [1.507s]
Deallocating memory...  [0s]
Processing query block 1, reference block 4/9, shape 4/16, index chunk 4/4.
Building reference seed array...  [1.944s]
Building query seed array...  [0.114s]
Computing hash join...  [0.325s]
Masking low complexity seeds...  [0.053s]
Searching alignments...  [1.883s]
Deallocating memory...  [0s]
Processing query block 1, reference block 4/9, shape 5/16, index chunk 1/4.
Building reference seed array...  [2.013s]
Building query seed array...  [0.121s]
Computing hash join...  [0.317s]
Masking low complexity seeds...  [0.055s]
Searching alignments...  [1.492s]
Deallocating memory...  [0s]
Processing query block 1, reference block 4/9, shape 5/16, index chunk 2/4.
Building reference seed array...  [2.863s]
Building query seed array...  [0.139s]
Computing hash join...  [0.267s]
Masking low complexity seeds...  [0.051s]
Searching alignments...  [1.546s]
Deallocating memory...  [0s]
Processing query block 1, reference block 4/9, shape 5/16, index chunk 3/4.
Building reference seed array...  [2.127s]
Building query seed array...  [0.126s]
Computing hash join...  [0.289s]
Masking low complexity seeds...  [0.052s]
Searching alignments...  [1.525s]
Deallocating memory...  [0s]
Processing query block 1, reference block 4/9, shape 5/16, index chunk 4/4.
Building reference seed array...  [1.981s]
Building query seed array...  [0.103s]
Computing hash join...  [0.297s]
Masking low complexity seeds...  [0.054s]
Searching alignments...  [1.543s]
Deallocating memory...  [0s]
Processing query block 1, reference block 4/9, shape 6/16, index chunk 1/4.
Building reference seed array...  [1.939s]
Building query seed array...  [0.113s]
Computing hash join...  [0.285s]
Masking low complexity seeds...  [0.053s]
Searching alignments...  [1.531s]
Deallocating memory...  [0s]
Processing query block 1, reference block 4/9, shape 6/16, index chunk 2/4.
Building reference seed array...  [15.372s]
Building query seed array...  [0.152s]
Computing hash join...  [0.302s]
Masking low complexity seeds...  [0.054s]
Searching alignments...  [1.556s]
Deallocating memory...  [0s]
Processing query block 1, reference block 4/9, shape 6/16, index chunk 3/4.
Building reference seed array...  [2.32s]
Building query seed array...  [0.146s]
Computing hash join...  [0.266s]
Masking low complexity seeds...  [0.052s]
Searching alignments...  [1.473s]
Deallocating memory...  [0s]
Processing query block 1, reference block 4/9, shape 6/16, index chunk 4/4.
Building reference seed array...  [2.065s]
Building query seed array...  [0.132s]
Computing hash join...  [0.276s]
Masking low complexity seeds...  [0.055s]
Searching alignments...  [1.579s]
Deallocating memory...  [0s]
Processing query block 1, reference block 4/9, shape 7/16, index chunk 1/4.
Building reference seed array...  [1.662s]
Building query seed array...  [0.11s]
Computing hash join...  [0.307s]
Masking low complexity seeds...  [0.052s]
Searching alignments...  [1.469s]
Deallocating memory...  [0s]
Processing query block 1, reference block 4/9, shape 7/16, index chunk 2/4.
Building reference seed array...  [2.4s]
Building query seed array...  [0.145s]
Computing hash join...  [0.291s]
Masking low complexity seeds...  [0.055s]
Searching alignments...  [1.524s]
Deallocating memory...  [0s]
Processing query block 1, reference block 4/9, shape 7/16, index chunk 3/4.
Building reference seed array...  [2.464s]
Building query seed array...  [0.103s]
Computing hash join...  [0.268s]
Masking low complexity seeds...  [0.051s]
Searching alignments...  [1.49s]
Deallocating memory...  [0s]
Processing query block 1, reference block 4/9, shape 7/16, index chunk 4/4.
Building reference seed array...  [1.747s]
Building query seed array...  [0.095s]
Computing hash join...  [0.305s]
Masking low complexity seeds...  [0.056s]
Searching alignments...  [1.438s]
Deallocating memory...  [0s]
Processing query block 1, reference block 4/9, shape 8/16, index chunk 1/4.
Building reference seed array...  [1.757s]
Building query seed array...  [0.115s]
Computing hash join...  [0.274s]
Masking low complexity seeds...  [0.053s]
Searching alignments...  [1.486s]
Deallocating memory...  [0s]
Processing query block 1, reference block 4/9, shape 8/16, index chunk 2/4.
Building reference seed array...  [2.597s]
Building query seed array...  [0.172s]
Computing hash join...  [0.287s]
Masking low complexity seeds...  [0.053s]
Searching alignments...  [1.518s]
Deallocating memory...  [0s]
Processing query block 1, reference block 4/9, shape 8/16, index chunk 3/4.
Building reference seed array...  [1.956s]
Building query seed array...  [0.111s]
Computing hash join...  [0.288s]
Masking low complexity seeds...  [0.054s]
Searching alignments...  [1.495s]
Deallocating memory...  [0s]
Processing query block 1, reference block 4/9, shape 8/16, index chunk 4/4.
Building reference seed array...  [1.535s]
Building query seed array...  [0.11s]
Computing hash join...  [0.303s]
Masking low complexity seeds...  [0.054s]
Searching alignments...  [1.498s]
Deallocating memory...  [0s]
Processing query block 1, reference block 4/9, shape 9/16, index chunk 1/4.
Building reference seed array...  [1.569s]
Building query seed array...  [0.093s]
Computing hash join...  [0.295s]
Masking low complexity seeds...  [0.053s]
Searching alignments...  [1.523s]
Deallocating memory...  [0s]
Processing query block 1, reference block 4/9, shape 9/16, index chunk 2/4.
Building reference seed array...  [2.289s]
Building query seed array...  [0.17s]
Computing hash join...  [0.29s]
Masking low complexity seeds...  [0.054s]
Searching alignments...  [1.557s]
Deallocating memory...  [0s]
Processing query block 1, reference block 4/9, shape 9/16, index chunk 3/4.
Building reference seed array...  [2.186s]
Building query seed array...  [0.127s]
Computing hash join...  [0.294s]
Masking low complexity seeds...  [0.055s]
Searching alignments...  [1.581s]
Deallocating memory...  [0s]
Processing query block 1, reference block 4/9, shape 9/16, index chunk 4/4.
Building reference seed array...  [1.58s]
Building query seed array...  [0.097s]
Computing hash join...  [0.272s]
Masking low complexity seeds...  [0.055s]
Searching alignments...  [1.506s]
Deallocating memory...  [0s]
Processing query block 1, reference block 4/9, shape 10/16, index chunk 1/4.
Building reference seed array...  [1.725s]
Building query seed array...  [0.118s]
Computing hash join...  [0.31s]
Masking low complexity seeds...  [0.055s]
Searching alignments...  [1.484s]
Deallocating memory...  [0s]
Processing query block 1, reference block 4/9, shape 10/16, index chunk 2/4.
Building reference seed array...  [2.421s]
Building query seed array...  [0.148s]
Computing hash join...  [0.315s]
Masking low complexity seeds...  [0.056s]
Searching alignments...  [1.442s]
Deallocating memory...  [0s]
Processing query block 1, reference block 4/9, shape 10/16, index chunk 3/4.
Building reference seed array...  [2.275s]
Building query seed array...  [0.147s]
Computing hash join...  [0.288s]
Masking low complexity seeds...  [0.053s]
Searching alignments...  [1.496s]
Deallocating memory...  [0s]
Processing query block 1, reference block 4/9, shape 10/16, index chunk 4/4.
Building reference seed array...  [1.731s]
Building query seed array...  [0.1s]
Computing hash join...  [0.28s]
Masking low complexity seeds...  [0.052s]
Searching alignments...  [1.477s]
Deallocating memory...  [0s]
Processing query block 1, reference block 4/9, shape 11/16, index chunk 1/4.
Building reference seed array...  [1.843s]
Building query seed array...  [0.094s]
Computing hash join...  [0.289s]
Masking low complexity seeds...  [0.056s]
Searching alignments...  [1.658s]
Deallocating memory...  [0s]
Processing query block 1, reference block 4/9, shape 11/16, index chunk 2/4.
Building reference seed array...  [2.581s]
Building query seed array...  [0.135s]
Computing hash join...  [0.312s]
Masking low complexity seeds...  [0.054s]
Searching alignments...  [14.318s]
Deallocating memory...  [0s]
Processing query block 1, reference block 4/9, shape 11/16, index chunk 3/4.
Building reference seed array...  [2.329s]
Building query seed array...  [0.118s]
Computing hash join...  [0.282s]
Masking low complexity seeds...  [0.052s]
Searching alignments...  [1.56s]
Deallocating memory...  [0s]
Processing query block 1, reference block 4/9, shape 11/16, index chunk 4/4.
Building reference seed array...  [1.699s]
Building query seed array...  [0.094s]
Computing hash join...  [0.288s]
Masking low complexity seeds...  [0.053s]
Searching alignments...  [1.566s]
Deallocating memory...  [0s]
Processing query block 1, reference block 4/9, shape 12/16, index chunk 1/4.
Building reference seed array...  [1.684s]
Building query seed array...  [0.092s]
Computing hash join...  [0.284s]
Masking low complexity seeds...  [0.053s]
Searching alignments...  [1.448s]
Deallocating memory...  [0s]
Processing query block 1, reference block 4/9, shape 12/16, index chunk 2/4.
Building reference seed array...  [2.451s]
Building query seed array...  [0.134s]
Computing hash join...  [0.262s]
Masking low complexity seeds...  [0.052s]
Searching alignments...  [1.395s]
Deallocating memory...  [0s]
Processing query block 1, reference block 4/9, shape 12/16, index chunk 3/4.
Building reference seed array...  [2.268s]
Building query seed array...  [0.119s]
Computing hash join...  [0.278s]
Masking low complexity seeds...  [0.056s]
Searching alignments...  [1.465s]
Deallocating memory...  [0s]
Processing query block 1, reference block 4/9, shape 12/16, index chunk 4/4.
Building reference seed array...  [1.732s]
Building query seed array...  [0.093s]
Computing hash join...  [0.289s]
Masking low complexity seeds...  [0.053s]
Searching alignments...  [1.504s]
Deallocating memory...  [0s]
Processing query block 1, reference block 4/9, shape 13/16, index chunk 1/4.
Building reference seed array...  [1.72s]
Building query seed array...  [0.098s]
Computing hash join...  [0.307s]
Masking low complexity seeds...  [0.051s]
Searching alignments...  [1.42s]
Deallocating memory...  [0s]
Processing query block 1, reference block 4/9, shape 13/16, index chunk 2/4.
Building reference seed array...  [2.492s]
Building query seed array...  [0.162s]
Computing hash join...  [0.272s]
Masking low complexity seeds...  [0.054s]
Searching alignments...  [1.431s]
Deallocating memory...  [0s]
Processing query block 1, reference block 4/9, shape 13/16, index chunk 3/4.
Building reference seed array...  [1.971s]
Building query seed array...  [0.117s]
Computing hash join...  [0.265s]
Masking low complexity seeds...  [0.053s]
Searching alignments...  [1.456s]
Deallocating memory...  [0s]
Processing query block 1, reference block 4/9, shape 13/16, index chunk 4/4.
Building reference seed array...  [1.785s]
Building query seed array...  [0.124s]
Computing hash join...  [0.291s]
Masking low complexity seeds...  [0.052s]
Searching alignments...  [1.486s]
Deallocating memory...  [0s]
Processing query block 1, reference block 4/9, shape 14/16, index chunk 1/4.
Building reference seed array...  [1.898s]
Building query seed array...  [0.102s]
Computing hash join...  [0.292s]
Masking low complexity seeds...  [0.052s]
Searching alignments...  [1.574s]
Deallocating memory...  [0s]
Processing query block 1, reference block 4/9, shape 14/16, index chunk 2/4.
Building reference seed array...  [2.604s]
Building query seed array...  [0.185s]
Computing hash join...  [0.294s]
Masking low complexity seeds...  [0.055s]
Searching alignments...  [1.479s]
Deallocating memory...  [0s]
Processing query block 1, reference block 4/9, shape 14/16, index chunk 3/4.
Building reference seed array...  [1.981s]
Building query seed array...  [0.118s]
Computing hash join...  [0.262s]
Masking low complexity seeds...  [0.052s]
Searching alignments...  [1.476s]
Deallocating memory...  [0s]
Processing query block 1, reference block 4/9, shape 14/16, index chunk 4/4.
Building reference seed array...  [1.855s]
Building query seed array...  [0.119s]
Computing hash join...  [0.311s]
Masking low complexity seeds...  [0.053s]
Searching alignments...  [1.457s]
Deallocating memory...  [0s]
Processing query block 1, reference block 4/9, shape 15/16, index chunk 1/4.
Building reference seed array...  [1.592s]
Building query seed array...  [0.112s]
Computing hash join...  [0.253s]
Masking low complexity seeds...  [0.054s]
Searching alignments...  [1.485s]
Deallocating memory...  [0s]
Processing query block 1, reference block 4/9, shape 15/16, index chunk 2/4.
Building reference seed array...  [2.47s]
Building query seed array...  [0.119s]
Computing hash join...  [0.298s]
Masking low complexity seeds...  [0.052s]
Searching alignments...  [1.479s]
Deallocating memory...  [0s]
Processing query block 1, reference block 4/9, shape 15/16, index chunk 3/4.
Building reference seed array...  [2.04s]
Building query seed array...  [0.125s]
Computing hash join...  [0.295s]
Masking low complexity seeds...  [0.052s]
Searching alignments...  [1.479s]
Deallocating memory...  [0s]
Processing query block 1, reference block 4/9, shape 15/16, index chunk 4/4.
Building reference seed array...  [1.79s]
Building query seed array...  [0.109s]
Computing hash join...  [0.289s]
Masking low complexity seeds...  [0.055s]
Searching alignments...  [1.474s]
Deallocating memory...  [0s]
Processing query block 1, reference block 4/9, shape 16/16, index chunk 1/4.
Building reference seed array...  [1.889s]
Building query seed array...  [0.097s]
Computing hash join...  [0.291s]
Masking low complexity seeds...  [0.065s]
Searching alignments...  [1.487s]
Deallocating memory...  [0s]
Processing query block 1, reference block 4/9, shape 16/16, index chunk 2/4.
Building reference seed array...  [2.882s]
Building query seed array...  [0.143s]
Computing hash join...  [0.28s]
Masking low complexity seeds...  [0.053s]
Searching alignments...  [1.462s]
Deallocating memory...  [0s]
Processing query block 1, reference block 4/9, shape 16/16, index chunk 3/4.
Building reference seed array...  [2.355s]
Building query seed array...  [13.599s]
Computing hash join...  [0.295s]
Masking low complexity seeds...  [0.052s]
Searching alignments...  [1.466s]
Deallocating memory...  [0s]
Processing query block 1, reference block 4/9, shape 16/16, index chunk 4/4.
Building reference seed array...  [1.865s]
Building query seed array...  [0.109s]
Computing hash join...  [0.281s]
Masking low complexity seeds...  [0.052s]
Searching alignments...  [1.451s]
Deallocating memory...  [0s]
Deallocating buffers...  [0.009s]
Clearing query masking...  [0.03s]
Opening temporary output file...  [0s]
Computing alignments...  [18.964s]
Deallocating reference...  [0.007s]
Loading reference sequences...  [2.597s]
Masking reference...  [3.004s]
Initializing dictionary...  [0.004s]
Initializing temporary storage...  [0.001s]
Building reference histograms...  [18.242s]
Allocating buffers...  [0.001s]
Processing query block 1, reference block 5/9, shape 1/16, index chunk 1/4.
Building reference seed array...  [2.531s]
Building query seed array...  [0.223s]
Computing hash join...  [0.331s]
Masking low complexity seeds...  [0.052s]
Searching alignments...  [1.662s]
Deallocating memory...  [0s]
Processing query block 1, reference block 5/9, shape 1/16, index chunk 2/4.
Building reference seed array...  [2.627s]
Building query seed array...  [0.171s]
Computing hash join...  [0.351s]
Masking low complexity seeds...  [0.055s]
Searching alignments...  [1.572s]
Deallocating memory...  [0s]
Processing query block 1, reference block 5/9, shape 1/16, index chunk 3/4.
Building reference seed array...  [2.11s]
Building query seed array...  [0.127s]
Computing hash join...  [0.328s]
Masking low complexity seeds...  [0.055s]
Searching alignments...  [1.595s]
Deallocating memory...  [0s]
Processing query block 1, reference block 5/9, shape 1/16, index chunk 4/4.
Building reference seed array...  [1.698s]
Building query seed array...  [0.097s]
Computing hash join...  [0.349s]
Masking low complexity seeds...  [0.055s]
Searching alignments...  [1.554s]
Deallocating memory...  [0s]
Processing query block 1, reference block 5/9, shape 2/16, index chunk 1/4.
Building reference seed array...  [1.878s]
Building query seed array...  [0.125s]
Computing hash join...  [0.342s]
Masking low complexity seeds...  [0.052s]
Searching alignments...  [1.461s]
Deallocating memory...  [0s]
Processing query block 1, reference block 5/9, shape 2/16, index chunk 2/4.
Building reference seed array...  [2.598s]
Building query seed array...  [0.152s]
Computing hash join...  [0.318s]
Masking low complexity seeds...  [0.053s]
Searching alignments...  [1.51s]
Deallocating memory...  [0s]
Processing query block 1, reference block 5/9, shape 2/16, index chunk 3/4.
Building reference seed array...  [1.914s]
Building query seed array...  [0.11s]
Computing hash join...  [0.333s]
Masking low complexity seeds...  [0.055s]
Searching alignments...  [1.416s]
Deallocating memory...  [0s]
Processing query block 1, reference block 5/9, shape 2/16, index chunk 4/4.
Building reference seed array...  [1.729s]
Building query seed array...  [0.09s]
Computing hash join...  [0.322s]
Masking low complexity seeds...  [0.053s]
Searching alignments...  [15.422s]
Deallocating memory...  [0s]
Processing query block 1, reference block 5/9, shape 3/16, index chunk 1/4.
Building reference seed array...  [1.929s]
Building query seed array...  [0.103s]
Computing hash join...  [0.334s]
Masking low complexity seeds...  [0.053s]
Searching alignments...  [1.524s]
Deallocating memory...  [0s]
Processing query block 1, reference block 5/9, shape 3/16, index chunk 2/4.
Building reference seed array...  [2.459s]
Building query seed array...  [0.128s]
Computing hash join...  [0.33s]
Masking low complexity seeds...  [0.055s]
Searching alignments...  [1.539s]
Deallocating memory...  [0s]
Processing query block 1, reference block 5/9, shape 3/16, index chunk 3/4.
Building reference seed array...  [2.323s]
Building query seed array...  [0.119s]
Computing hash join...  [0.335s]
Masking low complexity seeds...  [0.054s]
Searching alignments...  [1.547s]
Deallocating memory...  [0s]
Processing query block 1, reference block 5/9, shape 3/16, index chunk 4/4.
Building reference seed array...  [1.686s]
Building query seed array...  [0.102s]
Computing hash join...  [0.343s]
Masking low complexity seeds...  [0.051s]
Searching alignments...  [1.521s]
Deallocating memory...  [0s]
Processing query block 1, reference block 5/9, shape 4/16, index chunk 1/4.
Building reference seed array...  [1.665s]
Building query seed array...  [0.114s]
Computing hash join...  [0.321s]
Masking low complexity seeds...  [0.054s]
Searching alignments...  [1.531s]
Deallocating memory...  [0s]
Processing query block 1, reference block 5/9, shape 4/16, index chunk 2/4.
Building reference seed array...  [2.931s]
Building query seed array...  [0.177s]
Computing hash join...  [0.313s]
Masking low complexity seeds...  [0.053s]
Searching alignments...  [1.501s]
Deallocating memory...  [0s]
Processing query block 1, reference block 5/9, shape 4/16, index chunk 3/4.
Building reference seed array...  [1.928s]
Building query seed array...  [0.121s]
Computing hash join...  [0.321s]
Masking low complexity seeds...  [0.053s]
Searching alignments...  [1.52s]
Deallocating memory...  [0s]
Processing query block 1, reference block 5/9, shape 4/16, index chunk 4/4.
Building reference seed array...  [2.012s]
Building query seed array...  [0.127s]
Computing hash join...  [0.324s]
Masking low complexity seeds...  [0.054s]
Searching alignments...  [1.81s]
Deallocating memory...  [0s]
Processing query block 1, reference block 5/9, shape 5/16, index chunk 1/4.
Building reference seed array...  [1.503s]
Building query seed array...  [0.112s]
Computing hash join...  [0.331s]
Masking low complexity seeds...  [0.055s]
Searching alignments...  [1.568s]
Deallocating memory...  [0s]
Processing query block 1, reference block 5/9, shape 5/16, index chunk 2/4.
Building reference seed array...  [2.457s]
Building query seed array...  [0.148s]
Computing hash join...  [0.294s]
Masking low complexity seeds...  [0.054s]
Searching alignments...  [1.496s]
Deallocating memory...  [0s]
Processing query block 1, reference block 5/9, shape 5/16, index chunk 3/4.
Building reference seed array...  [1.93s]
Building query seed array...  [0.139s]
Computing hash join...  [0.311s]
Masking low complexity seeds...  [0.054s]
Searching alignments...  [1.549s]
Deallocating memory...  [0s]
Processing query block 1, reference block 5/9, shape 5/16, index chunk 4/4.
Building reference seed array...  [1.819s]
Building query seed array...  [0.124s]
Computing hash join...  [0.305s]
Masking low complexity seeds...  [0.054s]
Searching alignments...  [1.511s]
Deallocating memory...  [0s]
Processing query block 1, reference block 5/9, shape 6/16, index chunk 1/4.
Building reference seed array...  [2.234s]
Building query seed array...  [0.132s]
Computing hash join...  [0.295s]
Masking low complexity seeds...  [0.053s]
Searching alignments...  [1.515s]
Deallocating memory...  [0s]
Processing query block 1, reference block 5/9, shape 6/16, index chunk 2/4.
Building reference seed array...  [3.073s]
Building query seed array...  [0.152s]
Computing hash join...  [0.302s]
Masking low complexity seeds...  [0.056s]
Searching alignments...  [1.517s]
Deallocating memory...  [0s]
Processing query block 1, reference block 5/9, shape 6/16, index chunk 3/4.
Building reference seed array...  [2.682s]
Building query seed array...  [0.145s]
Computing hash join...  [0.275s]
Masking low complexity seeds...  [0.053s]
Searching alignments...  [1.479s]
Deallocating memory...  [0s]
Processing query block 1, reference block 5/9, shape 6/16, index chunk 4/4.
Building reference seed array...  [2.247s]
Building query seed array...  [0.114s]
Computing hash join...  [0.314s]
Masking low complexity seeds...  [0.054s]
Searching alignments...  [1.629s]
Deallocating memory...  [0s]
Processing query block 1, reference block 5/9, shape 7/16, index chunk 1/4.
Building reference seed array...  [2.148s]
Building query seed array...  [0.127s]
Computing hash join...  [0.294s]
Masking low complexity seeds...  [0.052s]
Searching alignments...  [1.454s]
Deallocating memory...  [0s]
Processing query block 1, reference block 5/9, shape 7/16, index chunk 2/4.
Building reference seed array...  [2.55s]
Building query seed array...  [0.136s]
Computing hash join...  [0.276s]
Masking low complexity seeds...  [0.054s]
Searching alignments...  [1.486s]
Deallocating memory...  [0s]
Processing query block 1, reference block 5/9, shape 7/16, index chunk 3/4.
Building reference seed array...  [2.429s]
Building query seed array...  [0.12s]
Computing hash join...  [0.302s]
Masking low complexity seeds...  [0.054s]
Searching alignments...  [1.456s]
Deallocating memory...  [0s]
Processing query block 1, reference block 5/9, shape 7/16, index chunk 4/4.
Building reference seed array...  [2.069s]
Building query seed array...  [0.104s]
Computing hash join...  [0.288s]
Masking low complexity seeds...  [0.053s]
Searching alignments...  [1.434s]
Deallocating memory...  [0s]
Processing query block 1, reference block 5/9, shape 8/16, index chunk 1/4.
Building reference seed array...  [1.696s]
Building query seed array...  [0.109s]
Computing hash join...  [0.289s]
Masking low complexity seeds...  [0.052s]
Searching alignments...  [1.445s]
Deallocating memory...  [0s]
Processing query block 1, reference block 5/9, shape 8/16, index chunk 2/4.
Building reference seed array...  [2.373s]
Building query seed array...  [0.134s]
Computing hash join...  [0.284s]
Masking low complexity seeds...  [0.053s]
Searching alignments...  [1.495s]
Deallocating memory...  [0s]
Processing query block 1, reference block 5/9, shape 8/16, index chunk 3/4.
Building reference seed array...  [1.956s]
Building query seed array...  [3.758s]
Computing hash join...  [0.273s]
Masking low complexity seeds...  [0.052s]
Searching alignments...  [1.507s]
Deallocating memory...  [0s]
Processing query block 1, reference block 5/9, shape 8/16, index chunk 4/4.
Building reference seed array...  [1.719s]
Building query seed array...  [0.092s]
Computing hash join...  [0.28s]
Masking low complexity seeds...  [0.054s]
Searching alignments...  [1.453s]
Deallocating memory...  [0s]
Processing query block 1, reference block 5/9, shape 9/16, index chunk 1/4.
Building reference seed array...  [1.744s]
Building query seed array...  [0.114s]
Computing hash join...  [0.269s]
Masking low complexity seeds...  [0.054s]
Searching alignments...  [1.512s]
Deallocating memory...  [0s]
Processing query block 1, reference block 5/9, shape 9/16, index chunk 2/4.
Building reference seed array...  [2.427s]
Building query seed array...  [0.158s]
Computing hash join...  [0.289s]
Masking low complexity seeds...  [0.054s]
Searching alignments...  [1.529s]
Deallocating memory...  [0s]
Processing query block 1, reference block 5/9, shape 9/16, index chunk 3/4.
Building reference seed array...  [2.226s]
Building query seed array...  [0.112s]
Computing hash join...  [0.272s]
Masking low complexity seeds...  [0.053s]
Searching alignments...  [1.525s]
Deallocating memory...  [0s]
Processing query block 1, reference block 5/9, shape 9/16, index chunk 4/4.
Building reference seed array...  [1.612s]
Building query seed array...  [0.101s]
Computing hash join...  [0.275s]
Masking low complexity seeds...  [0.054s]
Searching alignments...  [1.493s]
Deallocating memory...  [0s]
Processing query block 1, reference block 5/9, shape 10/16, index chunk 1/4.
Building reference seed array...  [1.753s]
Building query seed array...  [0.111s]
Computing hash join...  [0.295s]
Masking low complexity seeds...  [0.056s]
Searching alignments...  [1.489s]
Deallocating memory...  [0s]
Processing query block 1, reference block 5/9, shape 10/16, index chunk 2/4.
Building reference seed array...  [2.528s]
Building query seed array...  [0.159s]
Computing hash join...  [0.272s]
Masking low complexity seeds...  [0.052s]
Searching alignments...  [1.502s]
Deallocating memory...  [0s]
Processing query block 1, reference block 5/9, shape 10/16, index chunk 3/4.
Building reference seed array...  [2.074s]
Building query seed array...  [0.111s]
Computing hash join...  [0.267s]
Masking low complexity seeds...  [0.052s]
Searching alignments...  [1.442s]
Deallocating memory...  [0s]
Processing query block 1, reference block 5/9, shape 10/16, index chunk 4/4.
Building reference seed array...  [1.735s]
Building query seed array...  [0.093s]
Computing hash join...  [0.286s]
Masking low complexity seeds...  [0.052s]
Searching alignments...  [1.4s]
Deallocating memory...  [0s]
Processing query block 1, reference block 5/9, shape 11/16, index chunk 1/4.
Building reference seed array...  [1.713s]
Building query seed array...  [0.134s]
Computing hash join...  [0.288s]
Masking low complexity seeds...  [0.055s]
Searching alignments...  [1.518s]
Deallocating memory...  [0s]
Processing query block 1, reference block 5/9, shape 11/16, index chunk 2/4.
Building reference seed array...  [2.764s]
Building query seed array...  [0.145s]
Computing hash join...  [0.277s]
Masking low complexity seeds...  [0.052s]
Searching alignments...  [1.493s]
Deallocating memory...  [0s]
Processing query block 1, reference block 5/9, shape 11/16, index chunk 3/4.
Building reference seed array...  [2.32s]
Building query seed array...  [0.122s]
Computing hash join...  [0.289s]
Masking low complexity seeds...  [0.054s]
Searching alignments...  [1.508s]
Deallocating memory...  [0s]
Processing query block 1, reference block 5/9, shape 11/16, index chunk 4/4.
Building reference seed array...  [1.917s]
Building query seed array...  [0.118s]
Computing hash join...  [0.265s]
Masking low complexity seeds...  [0.054s]
Searching alignments...  [1.529s]
Deallocating memory...  [0s]
Processing query block 1, reference block 5/9, shape 12/16, index chunk 1/4.
Building reference seed array...  [1.905s]
Building query seed array...  [0.108s]
Computing hash join...  [0.276s]
Masking low complexity seeds...  [0.052s]
Searching alignments...  [1.434s]
Deallocating memory...  [0s]
Processing query block 1, reference block 5/9, shape 12/16, index chunk 2/4.
Building reference seed array...  [2.402s]
Building query seed array...  [0.157s]
Computing hash join...  [0.279s]
Masking low complexity seeds...  [0.055s]
Searching alignments...  [1.434s]
Deallocating memory...  [0s]
Processing query block 1, reference block 5/9, shape 12/16, index chunk 3/4.
Building reference seed array...  [2.234s]
Building query seed array...  [0.135s]
Computing hash join...  [0.288s]
Masking low complexity seeds...  [0.054s]
Searching alignments...  [1.441s]
Deallocating memory...  [0.004s]
Processing query block 1, reference block 5/9, shape 12/16, index chunk 4/4.
Building reference seed array...  [1.569s]
Building query seed array...  [0.104s]
Computing hash join...  [0.26s]
Masking low complexity seeds...  [0.054s]
Searching alignments...  [1.469s]
Deallocating memory...  [0s]
Processing query block 1, reference block 5/9, shape 13/16, index chunk 1/4.
Building reference seed array...  [1.88s]
Building query seed array...  [0.096s]
Computing hash join...  [0.274s]
Masking low complexity seeds...  [0.054s]
Searching alignments...  [1.45s]
Deallocating memory...  [0s]
Processing query block 1, reference block 5/9, shape 13/16, index chunk 2/4.
Building reference seed array...  [2.378s]
Building query seed array...  [0.147s]
Computing hash join...  [0.256s]
Masking low complexity seeds...  [0.053s]
Searching alignments...  [1.47s]
Deallocating memory...  [0s]
Processing query block 1, reference block 5/9, shape 13/16, index chunk 3/4.
Building reference seed array...  [2.039s]
Building query seed array...  [0.123s]
Computing hash join...  [0.311s]
Masking low complexity seeds...  [0.053s]
Searching alignments...  [1.453s]
Deallocating memory...  [0s]
Processing query block 1, reference block 5/9, shape 13/16, index chunk 4/4.
Building reference seed array...  [1.957s]
Building query seed array...  [13.274s]
Computing hash join...  [0.27s]
Masking low complexity seeds...  [0.052s]
Searching alignments...  [1.422s]
Deallocating memory...  [0s]
Processing query block 1, reference block 5/9, shape 14/16, index chunk 1/4.
Building reference seed array...  [1.767s]
Building query seed array...  [0.093s]
Computing hash join...  [0.28s]
Masking low complexity seeds...  [0.054s]
Searching alignments...  [1.476s]
Deallocating memory...  [0s]
Processing query block 1, reference block 5/9, shape 14/16, index chunk 2/4.
Building reference seed array...  [2.393s]
Building query seed array...  [0.151s]
Computing hash join...  [0.296s]
Masking low complexity seeds...  [0.055s]
Searching alignments...  [1.449s]
Deallocating memory...  [0s]
Processing query block 1, reference block 5/9, shape 14/16, index chunk 3/4.
Building reference seed array...  [2.08s]
Building query seed array...  [0.105s]
Computing hash join...  [0.265s]
Masking low complexity seeds...  [0.054s]
Searching alignments...  [1.433s]
Deallocating memory...  [0s]
Processing query block 1, reference block 5/9, shape 14/16, index chunk 4/4.
Building reference seed array...  [1.587s]
Building query seed array...  [0.1s]
Computing hash join...  [0.291s]
Masking low complexity seeds...  [0.052s]
Searching alignments...  [1.449s]
Deallocating memory...  [0s]
Processing query block 1, reference block 5/9, shape 15/16, index chunk 1/4.
Building reference seed array...  [1.706s]
Building query seed array...  [0.119s]
Computing hash join...  [0.292s]
Masking low complexity seeds...  [0.053s]
Searching alignments...  [1.472s]
Deallocating memory...  [0s]
Processing query block 1, reference block 5/9, shape 15/16, index chunk 2/4.
Building reference seed array...  [2.474s]
Building query seed array...  [0.154s]
Computing hash join...  [0.293s]
Masking low complexity seeds...  [0.055s]
Searching alignments...  [1.486s]
Deallocating memory...  [0s]
Processing query block 1, reference block 5/9, shape 15/16, index chunk 3/4.
Building reference seed array...  [2.192s]
Building query seed array...  [0.12s]
Computing hash join...  [0.264s]
Masking low complexity seeds...  [0.053s]
Searching alignments...  [1.46s]
Deallocating memory...  [0s]
Processing query block 1, reference block 5/9, shape 15/16, index chunk 4/4.
Building reference seed array...  [1.701s]
Building query seed array...  [0.109s]
Computing hash join...  [0.281s]
Masking low complexity seeds...  [0.054s]
Searching alignments...  [1.475s]
Deallocating memory...  [0s]
Processing query block 1, reference block 5/9, shape 16/16, index chunk 1/4.
Building reference seed array...  [1.666s]
Building query seed array...  [0.103s]
Computing hash join...  [0.285s]
Masking low complexity seeds...  [0.054s]
Searching alignments...  [1.428s]
Deallocating memory...  [0s]
Processing query block 1, reference block 5/9, shape 16/16, index chunk 2/4.
Building reference seed array...  [2.348s]
Building query seed array...  [0.15s]
Computing hash join...  [0.277s]
Masking low complexity seeds...  [0.053s]
Searching alignments...  [1.444s]
Deallocating memory...  [0s]
Processing query block 1, reference block 5/9, shape 16/16, index chunk 3/4.
Building reference seed array...  [2.133s]
Building query seed array...  [0.143s]
Computing hash join...  [0.269s]
Masking low complexity seeds...  [0.057s]
Searching alignments...  [1.434s]
Deallocating memory...  [0s]
Processing query block 1, reference block 5/9, shape 16/16, index chunk 4/4.
Building reference seed array...  [1.769s]
Building query seed array...  [0.108s]
Computing hash join...  [0.34s]
Masking low complexity seeds...  [0.056s]
Searching alignments...  [1.413s]
Deallocating memory...  [0s]
Deallocating buffers...  [0.009s]
Clearing query masking...  [0.035s]
Opening temporary output file...  [0s]
Computing alignments...  [17.218s]
Deallocating reference...  [0.005s]
Loading reference sequences...  [2.373s]
Masking reference...  [3.076s]
Initializing dictionary...  [0.003s]
Initializing temporary storage...  [0.001s]
Building reference histograms...  [20.433s]
Allocating buffers...  [0s]
Processing query block 1, reference block 6/9, shape 1/16, index chunk 1/4.
Building reference seed array...  [2.479s]
Building query seed array...  [0.221s]
Computing hash join...  [0.324s]
Masking low complexity seeds...  [0.057s]
Searching alignments...  [1.635s]
Deallocating memory...  [0s]
Processing query block 1, reference block 6/9, shape 1/16, index chunk 2/4.
Building reference seed array...  [2.434s]
Building query seed array...  [0.139s]
Computing hash join...  [0.325s]
Masking low complexity seeds...  [0.056s]
Searching alignments...  [1.585s]
Deallocating memory...  [0s]
Processing query block 1, reference block 6/9, shape 1/16, index chunk 3/4.
Building reference seed array...  [1.924s]
Building query seed array...  [0.108s]
Computing hash join...  [0.325s]
Masking low complexity seeds...  [0.056s]
Searching alignments...  [1.543s]
Deallocating memory...  [0s]
Processing query block 1, reference block 6/9, shape 1/16, index chunk 4/4.
Building reference seed array...  [1.563s]
Building query seed array...  [0.1s]
Computing hash join...  [0.321s]
Masking low complexity seeds...  [0.055s]
Searching alignments...  [1.557s]
Deallocating memory...  [0s]
Processing query block 1, reference block 6/9, shape 2/16, index chunk 1/4.
Building reference seed array...  [1.671s]
Building query seed array...  [0.108s]
Computing hash join...  [0.322s]
Masking low complexity seeds...  [0.053s]
Searching alignments...  [1.469s]
Deallocating memory...  [0s]
Processing query block 1, reference block 6/9, shape 2/16, index chunk 2/4.
Building reference seed array...  [2.649s]
Building query seed array...  [0.144s]
Computing hash join...  [0.319s]
Masking low complexity seeds...  [0.053s]
Searching alignments...  [1.434s]
Deallocating memory...  [0s]
Processing query block 1, reference block 6/9, shape 2/16, index chunk 3/4.
Building reference seed array...  [2.074s]
Building query seed array...  [0.133s]
Computing hash join...  [0.338s]
Masking low complexity seeds...  [0.056s]
Searching alignments...  [1.45s]
Deallocating memory...  [0s]
Processing query block 1, reference block 6/9, shape 2/16, index chunk 4/4.
Building reference seed array...  [1.722s]
Building query seed array...  [0.111s]
Computing hash join...  [0.316s]
Masking low complexity seeds...  [0.054s]
Searching alignments...  [1.434s]
Deallocating memory...  [0s]
Processing query block 1, reference block 6/9, shape 3/16, index chunk 1/4.
Building reference seed array...  [1.644s]
Building query seed array...  [0.11s]
Computing hash join...  [0.33s]
Masking low complexity seeds...  [0.055s]
Searching alignments...  [1.558s]
Deallocating memory...  [0s]
Processing query block 1, reference block 6/9, shape 3/16, index chunk 2/4.
Building reference seed array...  [2.751s]
Building query seed array...  [0.134s]
Computing hash join...  [0.331s]
Masking low complexity seeds...  [0.055s]
Searching alignments...  [1.559s]
Deallocating memory...  [0s]
Processing query block 1, reference block 6/9, shape 3/16, index chunk 3/4.
Building reference seed array...  [2.724s]
Building query seed array...  [0.119s]
Computing hash join...  [0.367s]
Masking low complexity seeds...  [0.056s]
Searching alignments...  [1.509s]
Deallocating memory...  [0s]
Processing query block 1, reference block 6/9, shape 3/16, index chunk 4/4.
Building reference seed array...  [1.824s]
Building query seed array...  [0.107s]
Computing hash join...  [0.337s]
Masking low complexity seeds...  [0.056s]
Searching alignments...  [1.524s]
Deallocating memory...  [0s]
Processing query block 1, reference block 6/9, shape 4/16, index chunk 1/4.
Building reference seed array...  [1.757s]
Building query seed array...  [0.12s]
Computing hash join...  [0.314s]
Masking low complexity seeds...  [0.055s]
Searching alignments...  [1.497s]
Deallocating memory...  [0s]
Processing query block 1, reference block 6/9, shape 4/16, index chunk 2/4.
Building reference seed array...  [2.433s]
Building query seed array...  [0.146s]
Computing hash join...  [0.331s]
Masking low complexity seeds...  [0.057s]
Searching alignments...  [1.535s]
Deallocating memory...  [0s]
Processing query block 1, reference block 6/9, shape 4/16, index chunk 3/4.
Building reference seed array...  [2.462s]
Building query seed array...  [0.126s]
Computing hash join...  [0.322s]
Masking low complexity seeds...  [0.056s]
Searching alignments...  [1.49s]
Deallocating memory...  [0s]
Processing query block 1, reference block 6/9, shape 4/16, index chunk 4/4.
Building reference seed array...  [1.929s]
Building query seed array...  [0.093s]
Computing hash join...  [0.307s]
Masking low complexity seeds...  [0.054s]
Searching alignments...  [1.542s]
Deallocating memory...  [0s]
Processing query block 1, reference block 6/9, shape 5/16, index chunk 1/4.
Building reference seed array...  [1.748s]
Building query seed array...  [0.104s]
Computing hash join...  [0.33s]
Masking low complexity seeds...  [0.054s]
Searching alignments...  [1.471s]
Deallocating memory...  [0s]
Processing query block 1, reference block 6/9, shape 5/16, index chunk 2/4.
Building reference seed array...  [3.019s]
Building query seed array...  [0.133s]
Computing hash join...  [0.329s]
Masking low complexity seeds...  [0.052s]
Searching alignments...  [1.511s]
Deallocating memory...  [0s]
Processing query block 1, reference block 6/9, shape 5/16, index chunk 3/4.
Building reference seed array...  [2.131s]
Building query seed array...  [0.127s]
Computing hash join...  [0.281s]
Masking low complexity seeds...  [0.055s]
Searching alignments...  [1.51s]
Deallocating memory...  [0s]
Processing query block 1, reference block 6/9, shape 5/16, index chunk 4/4.
Building reference seed array...  [1.804s]
Building query seed array...  [0.11s]
Computing hash join...  [0.315s]
Masking low complexity seeds...  [0.053s]
Searching alignments...  [20.724s]
Deallocating memory...  [0s]
Processing query block 1, reference block 6/9, shape 6/16, index chunk 1/4.
Building reference seed array...  [1.986s]
Building query seed array...  [0.101s]
Computing hash join...  [0.277s]
Masking low complexity seeds...  [0.054s]
Searching alignments...  [1.452s]
Deallocating memory...  [0s]
Processing query block 1, reference block 6/9, shape 6/16, index chunk 2/4.
Building reference seed array...  [2.486s]
Building query seed array...  [0.133s]
Computing hash join...  [0.279s]
Masking low complexity seeds...  [0.056s]
Searching alignments...  [1.472s]
Deallocating memory...  [0s]
Processing query block 1, reference block 6/9, shape 6/16, index chunk 3/4.
Building reference seed array...  [1.943s]
Building query seed array...  [0.143s]
Computing hash join...  [0.291s]
Masking low complexity seeds...  [0.056s]
Searching alignments...  [1.472s]
Deallocating memory...  [0s]
Processing query block 1, reference block 6/9, shape 6/16, index chunk 4/4.
Building reference seed array...  [1.722s]
Building query seed array...  [0.111s]
Computing hash join...  [0.275s]
Masking low complexity seeds...  [0.054s]
Searching alignments...  [1.52s]
Deallocating memory...  [0s]
Processing query block 1, reference block 6/9, shape 7/16, index chunk 1/4.
Building reference seed array...  [1.839s]
Building query seed array...  [0.099s]
Computing hash join...  [0.269s]
Masking low complexity seeds...  [0.053s]
Searching alignments...  [1.481s]
Deallocating memory...  [0s]
Processing query block 1, reference block 6/9, shape 7/16, index chunk 2/4.
Building reference seed array...  [2.603s]
Building query seed array...  [0.157s]
Computing hash join...  [0.275s]
Masking low complexity seeds...  [0.057s]
Searching alignments...  [1.519s]
Deallocating memory...  [0s]
Processing query block 1, reference block 6/9, shape 7/16, index chunk 3/4.
Building reference seed array...  [2.252s]
Building query seed array...  [0.12s]
Computing hash join...  [0.302s]
Masking low complexity seeds...  [0.055s]
Searching alignments...  [1.402s]
Deallocating memory...  [0s]
Processing query block 1, reference block 6/9, shape 7/16, index chunk 4/4.
Building reference seed array...  [1.863s]
Building query seed array...  [0.094s]
Computing hash join...  [0.286s]
Masking low complexity seeds...  [0.054s]
Searching alignments...  [1.424s]
Deallocating memory...  [0s]
Processing query block 1, reference block 6/9, shape 8/16, index chunk 1/4.
Building reference seed array...  [2.18s]
Building query seed array...  [0.101s]
Computing hash join...  [0.275s]
Masking low complexity seeds...  [0.054s]
Searching alignments...  [1.452s]
Deallocating memory...  [0s]
Processing query block 1, reference block 6/9, shape 8/16, index chunk 2/4.
Building reference seed array...  [2.713s]
Building query seed array...  [0.154s]
Computing hash join...  [0.263s]
Masking low complexity seeds...  [0.055s]
Searching alignments...  [1.429s]
Deallocating memory...  [0s]
Processing query block 1, reference block 6/9, shape 8/16, index chunk 3/4.
Building reference seed array...  [1.993s]
Building query seed array...  [0.125s]
Computing hash join...  [0.251s]
Masking low complexity seeds...  [0.054s]
Searching alignments...  [1.464s]
Deallocating memory...  [0s]
Processing query block 1, reference block 6/9, shape 8/16, index chunk 4/4.
Building reference seed array...  [1.528s]
Building query seed array...  [0.104s]
Computing hash join...  [0.264s]
Masking low complexity seeds...  [0.054s]
Searching alignments...  [1.46s]
Deallocating memory...  [0s]
Processing query block 1, reference block 6/9, shape 9/16, index chunk 1/4.
Building reference seed array...  [1.826s]
Building query seed array...  [0.107s]
Computing hash join...  [0.262s]
Masking low complexity seeds...  [0.054s]
Searching alignments...  [1.507s]
Deallocating memory...  [0s]
Processing query block 1, reference block 6/9, shape 9/16, index chunk 2/4.
Building reference seed array...  [2.652s]
Building query seed array...  [0.181s]
Computing hash join...  [0.275s]
Masking low complexity seeds...  [0.055s]
Searching alignments...  [1.542s]
Deallocating memory...  [0s]
Processing query block 1, reference block 6/9, shape 9/16, index chunk 3/4.
Building reference seed array...  [1.956s]
Building query seed array...  [0.123s]
Computing hash join...  [0.292s]
Masking low complexity seeds...  [0.059s]
Searching alignments...  [1.524s]
Deallocating memory...  [0s]
Processing query block 1, reference block 6/9, shape 9/16, index chunk 4/4.
Building reference seed array...  [1.65s]
Building query seed array...  [0.122s]
Computing hash join...  [0.279s]
Masking low complexity seeds...  [0.056s]
Searching alignments...  [1.465s]
Deallocating memory...  [0s]
Processing query block 1, reference block 6/9, shape 10/16, index chunk 1/4.
Building reference seed array...  [1.726s]
Building query seed array...  [0.126s]
Computing hash join...  [0.278s]
Masking low complexity seeds...  [0.053s]
Searching alignments...  [1.504s]
Deallocating memory...  [0s]
Processing query block 1, reference block 6/9, shape 10/16, index chunk 2/4.
Building reference seed array...  [2.776s]
Building query seed array...  [0.135s]
Computing hash join...  [0.253s]
Masking low complexity seeds...  [0.053s]
Searching alignments...  [1.374s]
Deallocating memory...  [0s]
Processing query block 1, reference block 6/9, shape 10/16, index chunk 3/4.
Building reference seed array...  [2.158s]
Building query seed array...  [0.129s]
Computing hash join...  [0.294s]
Masking low complexity seeds...  [0.054s]
Searching alignments...  [1.4s]
Deallocating memory...  [0s]
Processing query block 1, reference block 6/9, shape 10/16, index chunk 4/4.
Building reference seed array...  [1.638s]
Building query seed array...  [0.094s]
Computing hash join...  [0.276s]
Masking low complexity seeds...  [0.054s]
Searching alignments...  [1.439s]
Deallocating memory...  [0s]
Processing query block 1, reference block 6/9, shape 11/16, index chunk 1/4.
Building reference seed array...  [1.716s]
Building query seed array...  [0.084s]
Computing hash join...  [16.254s]
Masking low complexity seeds...  [0.055s]
Searching alignments...  [1.443s]
Deallocating memory...  [0s]
Processing query block 1, reference block 6/9, shape 11/16, index chunk 2/4.
Building reference seed array...  [2.522s]
Building query seed array...  [0.179s]
Computing hash join...  [0.27s]
Masking low complexity seeds...  [0.055s]
Searching alignments...  [1.509s]
Deallocating memory...  [0s]
Processing query block 1, reference block 6/9, shape 11/16, index chunk 3/4.
Building reference seed array...  [1.871s]
Building query seed array...  [0.115s]
Computing hash join...  [0.264s]
Masking low complexity seeds...  [0.054s]
Searching alignments...  [1.521s]
Deallocating memory...  [0s]
Processing query block 1, reference block 6/9, shape 11/16, index chunk 4/4.
Building reference seed array...  [1.637s]
Building query seed array...  [0.085s]
Computing hash join...  [0.272s]
Masking low complexity seeds...  [0.054s]
Searching alignments...  [1.455s]
Deallocating memory...  [0s]
Processing query block 1, reference block 6/9, shape 12/16, index chunk 1/4.
Building reference seed array...  [1.937s]
Building query seed array...  [0.11s]
Computing hash join...  [0.273s]
Masking low complexity seeds...  [0.054s]
Searching alignments...  [1.42s]
Deallocating memory...  [0s]
Processing query block 1, reference block 6/9, shape 12/16, index chunk 2/4.
Building reference seed array...  [2.453s]
Building query seed array...  [0.149s]
Computing hash join...  [0.301s]
Masking low complexity seeds...  [0.056s]
Searching alignments...  [1.413s]
Deallocating memory...  [0s]
Processing query block 1, reference block 6/9, shape 12/16, index chunk 3/4.
Building reference seed array...  [2.18s]
Building query seed array...  [0.118s]
Computing hash join...  [0.256s]
Masking low complexity seeds...  [0.054s]
Searching alignments...  [1.44s]
Deallocating memory...  [0s]
Processing query block 1, reference block 6/9, shape 12/16, index chunk 4/4.
Building reference seed array...  [1.647s]
Building query seed array...  [0.081s]
Computing hash join...  [0.255s]
Masking low complexity seeds...  [0.054s]
Searching alignments...  [1.495s]
Deallocating memory...  [0s]
Processing query block 1, reference block 6/9, shape 13/16, index chunk 1/4.
Building reference seed array...  [1.693s]
Building query seed array...  [0.115s]
Computing hash join...  [0.251s]
Masking low complexity seeds...  [0.051s]
Searching alignments...  [1.413s]
Deallocating memory...  [0s]
Processing query block 1, reference block 6/9, shape 13/16, index chunk 2/4.
Building reference seed array...  [2.595s]
Building query seed array...  [0.13s]
Computing hash join...  [0.272s]
Masking low complexity seeds...  [0.055s]
Searching alignments...  [1.443s]
Deallocating memory...  [0s]
Processing query block 1, reference block 6/9, shape 13/16, index chunk 3/4.
Building reference seed array...  [1.982s]
Building query seed array...  [0.111s]
Computing hash join...  [0.265s]
Masking low complexity seeds...  [0.054s]
Searching alignments...  [1.434s]
Deallocating memory...  [0s]
Processing query block 1, reference block 6/9, shape 13/16, index chunk 4/4.
Building reference seed array...  [1.67s]
Building query seed array...  [0.104s]
Computing hash join...  [0.253s]
Masking low complexity seeds...  [0.054s]
Searching alignments...  [1.427s]
Deallocating memory...  [0s]
Processing query block 1, reference block 6/9, shape 14/16, index chunk 1/4.
Building reference seed array...  [1.985s]
Building query seed array...  [0.124s]
Computing hash join...  [0.262s]
Masking low complexity seeds...  [0.053s]
Searching alignments...  [1.435s]
Deallocating memory...  [0s]
Processing query block 1, reference block 6/9, shape 14/16, index chunk 2/4.
Building reference seed array...  [2.861s]
Building query seed array...  [0.129s]
Computing hash join...  [0.26s]
Masking low complexity seeds...  [0.054s]
Searching alignments...  [1.438s]
Deallocating memory...  [0s]
Processing query block 1, reference block 6/9, shape 14/16, index chunk 3/4.
Building reference seed array...  [2.432s]
Building query seed array...  [0.136s]
Computing hash join...  [0.276s]
Masking low complexity seeds...  [0.054s]
Searching alignments...  [1.432s]
Deallocating memory...  [0s]
Processing query block 1, reference block 6/9, shape 14/16, index chunk 4/4.
Building reference seed array...  [1.713s]
Building query seed array...  [0.121s]
Computing hash join...  [0.29s]
Masking low complexity seeds...  [0.054s]
Searching alignments...  [1.458s]
Deallocating memory...  [0s]
Processing query block 1, reference block 6/9, shape 15/16, index chunk 1/4.
Building reference seed array...  [1.568s]
Building query seed array...  [0.103s]
Computing hash join...  [0.279s]
Masking low complexity seeds...  [0.053s]
Searching alignments...  [1.412s]
Deallocating memory...  [0s]
Processing query block 1, reference block 6/9, shape 15/16, index chunk 2/4.
Building reference seed array...  [2.819s]
Building query seed array...  [0.165s]
Computing hash join...  [0.249s]
Masking low complexity seeds...  [0.056s]
Searching alignments...  [1.449s]
Deallocating memory...  [0s]
Processing query block 1, reference block 6/9, shape 15/16, index chunk 3/4.
Building reference seed array...  [2.097s]
Building query seed array...  [0.131s]
Computing hash join...  [0.298s]
Masking low complexity seeds...  [0.055s]
Searching alignments...  [1.435s]
Deallocating memory...  [0s]
Processing query block 1, reference block 6/9, shape 15/16, index chunk 4/4.
Building reference seed array...  [1.974s]
Building query seed array...  [0.112s]
Computing hash join...  [0.297s]
Masking low complexity seeds...  [0.052s]
Searching alignments...  [1.421s]
Deallocating memory...  [0s]
Processing query block 1, reference block 6/9, shape 16/16, index chunk 1/4.
Building reference seed array...  [2.017s]
Building query seed array...  [0.105s]
Computing hash join...  [0.262s]
Masking low complexity seeds...  [0.054s]
Searching alignments...  [1.388s]
Deallocating memory...  [0s]
Processing query block 1, reference block 6/9, shape 16/16, index chunk 2/4.
Building reference seed array...  [2.618s]
Building query seed array...  [0.142s]
Computing hash join...  [13.127s]
Masking low complexity seeds...  [0.052s]
Searching alignments...  [1.442s]
Deallocating memory...  [0s]
Processing query block 1, reference block 6/9, shape 16/16, index chunk 3/4.
Building reference seed array...  [2.302s]
Building query seed array...  [0.11s]
Computing hash join...  [0.263s]
Masking low complexity seeds...  [0.055s]
Searching alignments...  [1.443s]
Deallocating memory...  [0s]
Processing query block 1, reference block 6/9, shape 16/16, index chunk 4/4.
Building reference seed array...  [1.938s]
Building query seed array...  [0.086s]
Computing hash join...  [0.259s]
Masking low complexity seeds...  [0.053s]
Searching alignments...  [1.394s]
Deallocating memory...  [0s]
Deallocating buffers...  [0.008s]
Clearing query masking...  [0.031s]
Opening temporary output file...  [0s]
Computing alignments...  [15.974s]
Deallocating reference...  [0.006s]
Loading reference sequences...  [2.719s]
Masking reference...  [3.144s]
Initializing dictionary...  [0.071s]
Initializing temporary storage...  [0.001s]
Building reference histograms...  [21.637s]
Allocating buffers...  [0.001s]
Processing query block 1, reference block 7/9, shape 1/16, index chunk 1/4.
Building reference seed array...  [2.679s]
Building query seed array...  [0.207s]
Computing hash join...  [0.314s]
Masking low complexity seeds...  [0.055s]
Searching alignments...  [1.642s]
Deallocating memory...  [0s]
Processing query block 1, reference block 7/9, shape 1/16, index chunk 2/4.
Building reference seed array...  [2.617s]
Building query seed array...  [0.145s]
Computing hash join...  [0.31s]
Masking low complexity seeds...  [0.056s]
Searching alignments...  [1.542s]
Deallocating memory...  [0s]
Processing query block 1, reference block 7/9, shape 1/16, index chunk 3/4.
Building reference seed array...  [2.024s]
Building query seed array...  [0.144s]
Computing hash join...  [0.339s]
Masking low complexity seeds...  [0.054s]
Searching alignments...  [1.542s]
Deallocating memory...  [0s]
Processing query block 1, reference block 7/9, shape 1/16, index chunk 4/4.
Building reference seed array...  [1.814s]
Building query seed array...  [0.128s]
Computing hash join...  [0.303s]
Masking low complexity seeds...  [0.054s]
Searching alignments...  [1.617s]
Deallocating memory...  [0s]
Processing query block 1, reference block 7/9, shape 2/16, index chunk 1/4.
Building reference seed array...  [1.774s]
Building query seed array...  [0.105s]
Computing hash join...  [0.319s]
Masking low complexity seeds...  [0.056s]
Searching alignments...  [1.44s]
Deallocating memory...  [0s]
Processing query block 1, reference block 7/9, shape 2/16, index chunk 2/4.
Building reference seed array...  [2.422s]
Building query seed array...  [0.128s]
Computing hash join...  [0.306s]
Masking low complexity seeds...  [0.054s]
Searching alignments...  [1.422s]
Deallocating memory...  [0s]
Processing query block 1, reference block 7/9, shape 2/16, index chunk 3/4.
Building reference seed array...  [1.83s]
Building query seed array...  [0.116s]
Computing hash join...  [0.321s]
Masking low complexity seeds...  [0.052s]
Searching alignments...  [1.423s]
Deallocating memory...  [0s]
Processing query block 1, reference block 7/9, shape 2/16, index chunk 4/4.
Building reference seed array...  [1.663s]
Building query seed array...  [0.108s]
Computing hash join...  [0.295s]
Masking low complexity seeds...  [0.053s]
Searching alignments...  [1.456s]
Deallocating memory...  [0s]
Processing query block 1, reference block 7/9, shape 3/16, index chunk 1/4.
Building reference seed array...  [1.8s]
Building query seed array...  [0.107s]
Computing hash join...  [0.337s]
Masking low complexity seeds...  [0.055s]
Searching alignments...  [1.49s]
Deallocating memory...  [0s]
Processing query block 1, reference block 7/9, shape 3/16, index chunk 2/4.
Building reference seed array...  [2.738s]
Building query seed array...  [0.139s]
Computing hash join...  [4.272s]
Masking low complexity seeds...  [0.053s]
Searching alignments...  [1.525s]
Deallocating memory...  [0s]
Processing query block 1, reference block 7/9, shape 3/16, index chunk 3/4.
Building reference seed array...  [2.089s]
Building query seed array...  [0.129s]
Computing hash join...  [0.285s]
Masking low complexity seeds...  [0.055s]
Searching alignments...  [1.553s]
Deallocating memory...  [0s]
Processing query block 1, reference block 7/9, shape 3/16, index chunk 4/4.
Building reference seed array...  [1.82s]
Building query seed array...  [0.099s]
Computing hash join...  [0.294s]
Masking low complexity seeds...  [0.058s]
Searching alignments...  [1.494s]
Deallocating memory...  [0s]
Processing query block 1, reference block 7/9, shape 4/16, index chunk 1/4.
Building reference seed array...  [1.99s]
Building query seed array...  [0.103s]
Computing hash join...  [0.293s]
Masking low complexity seeds...  [0.052s]
Searching alignments...  [1.509s]
Deallocating memory...  [0s]
Processing query block 1, reference block 7/9, shape 4/16, index chunk 2/4.
Building reference seed array...  [2.51s]
Building query seed array...  [0.142s]
Computing hash join...  [0.308s]
Masking low complexity seeds...  [0.053s]
Searching alignments...  [1.501s]
Deallocating memory...  [0s]
Processing query block 1, reference block 7/9, shape 4/16, index chunk 3/4.
Building reference seed array...  [2.268s]
Building query seed array...  [0.146s]
Computing hash join...  [0.32s]
Masking low complexity seeds...  [0.056s]
Searching alignments...  [1.496s]
Deallocating memory...  [0s]
Processing query block 1, reference block 7/9, shape 4/16, index chunk 4/4.
Building reference seed array...  [1.867s]
Building query seed array...  [0.115s]
Computing hash join...  [0.303s]
Masking low complexity seeds...  [0.051s]
Searching alignments...  [1.545s]
Deallocating memory...  [0s]
Processing query block 1, reference block 7/9, shape 5/16, index chunk 1/4.
Building reference seed array...  [1.779s]
Building query seed array...  [0.101s]
Computing hash join...  [0.312s]
Masking low complexity seeds...  [0.054s]
Searching alignments...  [1.43s]
Deallocating memory...  [0s]
Processing query block 1, reference block 7/9, shape 5/16, index chunk 2/4.
Building reference seed array...  [2.912s]
Building query seed array...  [0.158s]
Computing hash join...  [0.298s]
Masking low complexity seeds...  [0.056s]
Searching alignments...  [1.449s]
Deallocating memory...  [0s]
Processing query block 1, reference block 7/9, shape 5/16, index chunk 3/4.
Building reference seed array...  [2.105s]
Building query seed array...  [0.131s]
Computing hash join...  [0.315s]
Masking low complexity seeds...  [0.055s]
Searching alignments...  [1.553s]
Deallocating memory...  [0s]
Processing query block 1, reference block 7/9, shape 5/16, index chunk 4/4.
Building reference seed array...  [1.861s]
Building query seed array...  [0.118s]
Computing hash join...  [0.326s]
Masking low complexity seeds...  [0.053s]
Searching alignments...  [1.423s]
Deallocating memory...  [0s]
Processing query block 1, reference block 7/9, shape 6/16, index chunk 1/4.
Building reference seed array...  [2.207s]
Building query seed array...  [0.124s]
Computing hash join...  [0.3s]
Masking low complexity seeds...  [0.053s]
Searching alignments...  [1.46s]
Deallocating memory...  [0s]
Processing query block 1, reference block 7/9, shape 6/16, index chunk 2/4.
Building reference seed array...  [3.012s]
Building query seed array...  [0.153s]
Computing hash join...  [0.268s]
Masking low complexity seeds...  [0.054s]
Searching alignments...  [1.453s]
Deallocating memory...  [0s]
Processing query block 1, reference block 7/9, shape 6/16, index chunk 3/4.
Building reference seed array...  [2.782s]
Building query seed array...  [0.144s]
Computing hash join...  [0.273s]
Masking low complexity seeds...  [0.053s]
Searching alignments...  [1.474s]
Deallocating memory...  [0s]
Processing query block 1, reference block 7/9, shape 6/16, index chunk 4/4.
Building reference seed array...  [1.593s]
Building query seed array...  [0.121s]
Computing hash join...  [0.273s]
Masking low complexity seeds...  [0.055s]
Searching alignments...  [1.503s]
Deallocating memory...  [0s]
Processing query block 1, reference block 7/9, shape 7/16, index chunk 1/4.
Building reference seed array...  [2.062s]
Building query seed array...  [0.1s]
Computing hash join...  [0.274s]
Masking low complexity seeds...  [0.053s]
Searching alignments...  [1.408s]
Deallocating memory...  [0s]
Processing query block 1, reference block 7/9, shape 7/16, index chunk 2/4.
Building reference seed array...  [2.204s]
Building query seed array...  [0.135s]
Computing hash join...  [0.256s]
Masking low complexity seeds...  [0.056s]
Searching alignments...  [1.383s]
Deallocating memory...  [0s]
Processing query block 1, reference block 7/9, shape 7/16, index chunk 3/4.
Building reference seed array...  [1.99s]
Building query seed array...  [0.109s]
Computing hash join...  [0.285s]
Masking low complexity seeds...  [0.055s]
Searching alignments...  [1.403s]
Deallocating memory...  [0s]
Processing query block 1, reference block 7/9, shape 7/16, index chunk 4/4.
Building reference seed array...  [1.561s]
Building query seed array...  [0.102s]
Computing hash join...  [0.248s]
Masking low complexity seeds...  [0.053s]
Searching alignments...  [1.415s]
Deallocating memory...  [0s]
Processing query block 1, reference block 7/9, shape 8/16, index chunk 1/4.
Building reference seed array...  [1.837s]
Building query seed array...  [0.105s]
Computing hash join...  [0.276s]
Masking low complexity seeds...  [0.053s]
Searching alignments...  [1.44s]
Deallocating memory...  [0s]
Processing query block 1, reference block 7/9, shape 8/16, index chunk 2/4.
Building reference seed array...  [2.33s]
Building query seed array...  [0.117s]
Computing hash join...  [0.281s]
Masking low complexity seeds...  [0.052s]
Searching alignments...  [1.419s]
Deallocating memory...  [0s]
Processing query block 1, reference block 7/9, shape 8/16, index chunk 3/4.
Building reference seed array...  [13.602s]
Building query seed array...  [0.17s]
Computing hash join...  [0.268s]
Masking low complexity seeds...  [0.053s]
Searching alignments...  [1.455s]
Deallocating memory...  [0s]
Processing query block 1, reference block 7/9, shape 8/16, index chunk 4/4.
Building reference seed array...  [1.792s]
Building query seed array...  [0.09s]
Computing hash join...  [0.268s]
Masking low complexity seeds...  [0.055s]
Searching alignments...  [1.421s]
Deallocating memory...  [0s]
Processing query block 1, reference block 7/9, shape 9/16, index chunk 1/4.
Building reference seed array...  [1.691s]
Building query seed array...  [0.094s]
Computing hash join...  [0.285s]
Masking low complexity seeds...  [0.055s]
Searching alignments...  [1.452s]
Deallocating memory...  [0s]
Processing query block 1, reference block 7/9, shape 9/16, index chunk 2/4.
Building reference seed array...  [2.809s]
Building query seed array...  [0.146s]
Computing hash join...  [0.28s]
Masking low complexity seeds...  [0.053s]
Searching alignments...  [1.483s]
Deallocating memory...  [0s]
Processing query block 1, reference block 7/9, shape 9/16, index chunk 3/4.
Building reference seed array...  [2.138s]
Building query seed array...  [0.119s]
Computing hash join...  [0.258s]
Masking low complexity seeds...  [0.054s]
Searching alignments...  [1.469s]
Deallocating memory...  [0s]
Processing query block 1, reference block 7/9, shape 9/16, index chunk 4/4.
Building reference seed array...  [1.612s]
Building query seed array...  [0.117s]
Computing hash join...  [0.294s]
Masking low complexity seeds...  [0.054s]
Searching alignments...  [1.466s]
Deallocating memory...  [0s]
Processing query block 1, reference block 7/9, shape 10/16, index chunk 1/4.
Building reference seed array...  [1.592s]
Building query seed array...  [0.114s]
Computing hash join...  [0.285s]
Masking low complexity seeds...  [0.054s]
Searching alignments...  [1.435s]
Deallocating memory...  [0s]
Processing query block 1, reference block 7/9, shape 10/16, index chunk 2/4.
Building reference seed array...  [2.376s]
Building query seed array...  [0.14s]
Computing hash join...  [0.254s]
Masking low complexity seeds...  [0.054s]
Searching alignments...  [1.415s]
Deallocating memory...  [0s]
Processing query block 1, reference block 7/9, shape 10/16, index chunk 3/4.
Building reference seed array...  [1.893s]
Building query seed array...  [0.149s]
Computing hash join...  [0.292s]
Masking low complexity seeds...  [0.057s]
Searching alignments...  [1.434s]
Deallocating memory...  [0s]
Processing query block 1, reference block 7/9, shape 10/16, index chunk 4/4.
Building reference seed array...  [1.832s]
Building query seed array...  [0.096s]
Computing hash join...  [0.261s]
Masking low complexity seeds...  [0.053s]
Searching alignments...  [1.369s]
Deallocating memory...  [0s]
Processing query block 1, reference block 7/9, shape 11/16, index chunk 1/4.
Building reference seed array...  [1.736s]
Building query seed array...  [0.1s]
Computing hash join...  [0.255s]
Masking low complexity seeds...  [0.054s]
Searching alignments...  [1.469s]
Deallocating memory...  [0s]
Processing query block 1, reference block 7/9, shape 11/16, index chunk 2/4.
Building reference seed array...  [2.599s]
Building query seed array...  [0.152s]
Computing hash join...  [0.268s]
Masking low complexity seeds...  [0.055s]
Searching alignments...  [1.44s]
Deallocating memory...  [0s]
Processing query block 1, reference block 7/9, shape 11/16, index chunk 3/4.
Building reference seed array...  [2.156s]
Building query seed array...  [0.111s]
Computing hash join...  [0.269s]
Masking low complexity seeds...  [0.054s]
Searching alignments...  [1.501s]
Deallocating memory...  [0s]
Processing query block 1, reference block 7/9, shape 11/16, index chunk 4/4.
Building reference seed array...  [1.808s]
Building query seed array...  [0.098s]
Computing hash join...  [0.312s]
Masking low complexity seeds...  [0.058s]
Searching alignments...  [1.458s]
Deallocating memory...  [0s]
Processing query block 1, reference block 7/9, shape 12/16, index chunk 1/4.
Building reference seed array...  [1.824s]
Building query seed array...  [0.103s]
Computing hash join...  [0.278s]
Masking low complexity seeds...  [0.053s]
Searching alignments...  [1.404s]
Deallocating memory...  [0s]
Processing query block 1, reference block 7/9, shape 12/16, index chunk 2/4.
Building reference seed array...  [2.456s]
Building query seed array...  [0.154s]
Computing hash join...  [0.255s]
Masking low complexity seeds...  [0.054s]
Searching alignments...  [1.38s]
Deallocating memory...  [0s]
Processing query block 1, reference block 7/9, shape 12/16, index chunk 3/4.
Building reference seed array...  [2.294s]
Building query seed array...  [0.127s]
Computing hash join...  [0.26s]
Masking low complexity seeds...  [0.051s]
Searching alignments...  [1.425s]
Deallocating memory...  [0s]
Processing query block 1, reference block 7/9, shape 12/16, index chunk 4/4.
Building reference seed array...  [1.756s]
Building query seed array...  [0.119s]
Computing hash join...  [0.258s]
Masking low complexity seeds...  [0.052s]
Searching alignments...  [1.456s]
Deallocating memory...  [0s]
Processing query block 1, reference block 7/9, shape 13/16, index chunk 1/4.
Building reference seed array...  [1.588s]
Building query seed array...  [0.09s]
Computing hash join...  [0.278s]
Masking low complexity seeds...  [0.055s]
Searching alignments...  [1.382s]
Deallocating memory...  [0s]
Processing query block 1, reference block 7/9, shape 13/16, index chunk 2/4.
Building reference seed array...  [2.692s]
Building query seed array...  [0.167s]
Computing hash join...  [0.261s]
Masking low complexity seeds...  [0.052s]
Searching alignments...  [1.391s]
Deallocating memory...  [0s]
Processing query block 1, reference block 7/9, shape 13/16, index chunk 3/4.
Building reference seed array...  [1.832s]
Building query seed array...  [0.121s]
Computing hash join...  [0.262s]
Masking low complexity seeds...  [0.053s]
Searching alignments...  [1.433s]
Deallocating memory...  [0s]
Processing query block 1, reference block 7/9, shape 13/16, index chunk 4/4.
Building reference seed array...  [1.507s]
Building query seed array...  [0.109s]
Computing hash join...  [0.237s]
Masking low complexity seeds...  [0.054s]
Searching alignments...  [1.393s]
Deallocating memory...  [0s]
Processing query block 1, reference block 7/9, shape 14/16, index chunk 1/4.
Building reference seed array...  [13.712s]
Building query seed array...  [0.14s]
Computing hash join...  [0.276s]
Masking low complexity seeds...  [0.054s]
Searching alignments...  [1.419s]
Deallocating memory...  [0s]
Processing query block 1, reference block 7/9, shape 14/16, index chunk 2/4.
Building reference seed array...  [2.575s]
Building query seed array...  [0.129s]
Computing hash join...  [0.258s]
Masking low complexity seeds...  [0.053s]
Searching alignments...  [1.413s]
Deallocating memory...  [0s]
Processing query block 1, reference block 7/9, shape 14/16, index chunk 3/4.
Building reference seed array...  [2.168s]
Building query seed array...  [0.111s]
Computing hash join...  [0.274s]
Masking low complexity seeds...  [0.052s]
Searching alignments...  [1.39s]
Deallocating memory...  [0s]
Processing query block 1, reference block 7/9, shape 14/16, index chunk 4/4.
Building reference seed array...  [1.493s]
Building query seed array...  [0.095s]
Computing hash join...  [0.243s]
Masking low complexity seeds...  [0.053s]
Searching alignments...  [1.517s]
Deallocating memory...  [0s]
Processing query block 1, reference block 7/9, shape 15/16, index chunk 1/4.
Building reference seed array...  [1.579s]
Building query seed array...  [0.111s]
Computing hash join...  [0.253s]
Masking low complexity seeds...  [0.054s]
Searching alignments...  [1.714s]
Deallocating memory...  [0s]
Processing query block 1, reference block 7/9, shape 15/16, index chunk 2/4.
Building reference seed array...  [2.652s]
Building query seed array...  [0.177s]
Computing hash join...  [0.307s]
Masking low complexity seeds...  [0.059s]
Searching alignments...  [1.454s]
Deallocating memory...  [0s]
Processing query block 1, reference block 7/9, shape 15/16, index chunk 3/4.
Building reference seed array...  [2.397s]
Building query seed array...  [0.138s]
Computing hash join...  [0.256s]
Masking low complexity seeds...  [0.056s]
Searching alignments...  [1.475s]
Deallocating memory...  [0s]
Processing query block 1, reference block 7/9, shape 15/16, index chunk 4/4.
Building reference seed array...  [1.722s]
Building query seed array...  [0.115s]
Computing hash join...  [0.261s]
Masking low complexity seeds...  [0.053s]
Searching alignments...  [1.431s]
Deallocating memory...  [0s]
Processing query block 1, reference block 7/9, shape 16/16, index chunk 1/4.
Building reference seed array...  [1.551s]
Building query seed array...  [0.11s]
Computing hash join...  [0.288s]
Masking low complexity seeds...  [0.053s]
Searching alignments...  [1.377s]
Deallocating memory...  [0s]
Processing query block 1, reference block 7/9, shape 16/16, index chunk 2/4.
Building reference seed array...  [2.53s]
Building query seed array...  [0.131s]
Computing hash join...  [0.261s]
Masking low complexity seeds...  [0.056s]
Searching alignments...  [1.4s]
Deallocating memory...  [0s]
Processing query block 1, reference block 7/9, shape 16/16, index chunk 3/4.
Building reference seed array...  [2.105s]
Building query seed array...  [0.131s]
Computing hash join...  [0.279s]
Masking low complexity seeds...  [0.053s]
Searching alignments...  [1.389s]
Deallocating memory...  [0s]
Processing query block 1, reference block 7/9, shape 16/16, index chunk 4/4.
Building reference seed array...  [1.683s]
Building query seed array...  [0.105s]
Computing hash join...  [0.264s]
Masking low complexity seeds...  [0.055s]
Searching alignments...  [1.401s]
Deallocating memory...  [0s]
Deallocating buffers...  [0.008s]
Clearing query masking...  [0.033s]
Opening temporary output file...  [0s]
Computing alignments...  [15.308s]
Deallocating reference...  [0.007s]
Loading reference sequences...  [2.925s]
Masking reference...  [3.379s]
Initializing dictionary...  [0.11s]
Initializing temporary storage...  [0.001s]
Building reference histograms...  [24.026s]
Allocating buffers...  [0.001s]
Processing query block 1, reference block 8/9, shape 1/16, index chunk 1/4.
Building reference seed array...  [8.149s]
Building query seed array...  [0.186s]
Computing hash join...  [0.298s]
Masking low complexity seeds...  [0.057s]
Searching alignments...  [1.609s]
Deallocating memory...  [0s]
Processing query block 1, reference block 8/9, shape 1/16, index chunk 2/4.
Building reference seed array...  [2.75s]
Building query seed array...  [0.168s]
Computing hash join...  [0.281s]
Masking low complexity seeds...  [0.056s]
Searching alignments...  [1.505s]
Deallocating memory...  [0s]
Processing query block 1, reference block 8/9, shape 1/16, index chunk 3/4.
Building reference seed array...  [2.238s]
Building query seed array...  [0.117s]
Computing hash join...  [0.293s]
Masking low complexity seeds...  [0.053s]
Searching alignments...  [1.504s]
Deallocating memory...  [0s]
Processing query block 1, reference block 8/9, shape 1/16, index chunk 4/4.
Building reference seed array...  [1.614s]
Building query seed array...  [0.101s]
Computing hash join...  [0.284s]
Masking low complexity seeds...  [0.055s]
Searching alignments...  [1.514s]
Deallocating memory...  [0s]
Processing query block 1, reference block 8/9, shape 2/16, index chunk 1/4.
Building reference seed array...  [1.82s]
Building query seed array...  [0.12s]
Computing hash join...  [0.313s]
Masking low complexity seeds...  [0.052s]
Searching alignments...  [1.367s]
Deallocating memory...  [0s]
Processing query block 1, reference block 8/9, shape 2/16, index chunk 2/4.
Building reference seed array...  [2.505s]
Building query seed array...  [0.138s]
Computing hash join...  [0.296s]
Masking low complexity seeds...  [0.057s]
Searching alignments...  [1.398s]
Deallocating memory...  [0s]
Processing query block 1, reference block 8/9, shape 2/16, index chunk 3/4.
Building reference seed array...  [1.694s]
Building query seed array...  [0.135s]
Computing hash join...  [0.286s]
Masking low complexity seeds...  [0.056s]
Searching alignments...  [1.402s]
Deallocating memory...  [0s]
Processing query block 1, reference block 8/9, shape 2/16, index chunk 4/4.
Building reference seed array...  [1.824s]
Building query seed array...  [0.133s]
Computing hash join...  [0.267s]
Masking low complexity seeds...  [0.054s]
Searching alignments...  [1.392s]
Deallocating memory...  [0s]
Processing query block 1, reference block 8/9, shape 3/16, index chunk 1/4.
Building reference seed array...  [1.665s]
Building query seed array...  [0.108s]
Computing hash join...  [0.31s]
Masking low complexity seeds...  [0.053s]
Searching alignments...  [1.48s]
Deallocating memory...  [0s]
Processing query block 1, reference block 8/9, shape 3/16, index chunk 2/4.
Building reference seed array...  [2.232s]
Building query seed array...  [0.145s]
Computing hash join...  [0.31s]
Masking low complexity seeds...  [0.054s]
Searching alignments...  [1.503s]
Deallocating memory...  [0s]
Processing query block 1, reference block 8/9, shape 3/16, index chunk 3/4.
Building reference seed array...  [1.924s]
Building query seed array...  [0.134s]
Computing hash join...  [0.291s]
Masking low complexity seeds...  [0.059s]
Searching alignments...  [1.424s]
Deallocating memory...  [0s]
Processing query block 1, reference block 8/9, shape 3/16, index chunk 4/4.
Building reference seed array...  [1.67s]
Building query seed array...  [0.1s]
Computing hash join...  [0.303s]
Masking low complexity seeds...  [0.055s]
Searching alignments...  [1.448s]
Deallocating memory...  [0s]
Processing query block 1, reference block 8/9, shape 4/16, index chunk 1/4.
Building reference seed array...  [1.712s]
Building query seed array...  [0.117s]
Computing hash join...  [0.323s]
Masking low complexity seeds...  [0.055s]
Searching alignments...  [1.467s]
Deallocating memory...  [0s]
Processing query block 1, reference block 8/9, shape 4/16, index chunk 2/4.
Building reference seed array...  [2.399s]
Building query seed array...  [0.164s]
Computing hash join...  [0.3s]
Masking low complexity seeds...  [0.052s]
Searching alignments...  [1.503s]
Deallocating memory...  [0s]
Processing query block 1, reference block 8/9, shape 4/16, index chunk 3/4.
Building reference seed array...  [2.1s]
Building query seed array...  [0.14s]
Computing hash join...  [0.315s]
Masking low complexity seeds...  [0.052s]
Searching alignments...  [1.442s]
Deallocating memory...  [0s]
Processing query block 1, reference block 8/9, shape 4/16, index chunk 4/4.
Building reference seed array...  [1.668s]
Building query seed array...  [0.125s]
Computing hash join...  [0.291s]
Masking low complexity seeds...  [0.055s]
Searching alignments...  [1.429s]
Deallocating memory...  [0s]
Processing query block 1, reference block 8/9, shape 5/16, index chunk 1/4.
Building reference seed array...  [1.779s]
Building query seed array...  [0.105s]
Computing hash join...  [0.283s]
Masking low complexity seeds...  [0.054s]
Searching alignments...  [1.384s]
Deallocating memory...  [0s]
Processing query block 1, reference block 8/9, shape 5/16, index chunk 2/4.
Building reference seed array...  [2.76s]
Building query seed array...  [0.167s]
Computing hash join...  [0.3s]
Masking low complexity seeds...  [0.055s]
Searching alignments...  [1.372s]
Deallocating memory...  [0s]
Processing query block 1, reference block 8/9, shape 5/16, index chunk 3/4.
Building reference seed array...  [2.409s]
Building query seed array...  [0.12s]
Computing hash join...  [0.292s]
Masking low complexity seeds...  [0.051s]
Searching alignments...  [1.412s]
Deallocating memory...  [0s]
Processing query block 1, reference block 8/9, shape 5/16, index chunk 4/4.
Building reference seed array...  [1.783s]
Building query seed array...  [0.093s]
Computing hash join...  [0.302s]
Masking low complexity seeds...  [0.053s]
Searching alignments...  [1.388s]
Deallocating memory...  [0s]
Processing query block 1, reference block 8/9, shape 6/16, index chunk 1/4.
Building reference seed array...  [1.844s]
Building query seed array...  [0.089s]
Computing hash join...  [14.752s]
Masking low complexity seeds...  [0.054s]
Searching alignments...  [1.4s]
Deallocating memory...  [0s]
Processing query block 1, reference block 8/9, shape 6/16, index chunk 2/4.
Building reference seed array...  [2.591s]
Building query seed array...  [0.149s]
Computing hash join...  [0.303s]
Masking low complexity seeds...  [0.054s]
Searching alignments...  [1.456s]
Deallocating memory...  [0s]
Processing query block 1, reference block 8/9, shape 6/16, index chunk 3/4.
Building reference seed array...  [2.04s]
Building query seed array...  [0.136s]
Computing hash join...  [0.302s]
Masking low complexity seeds...  [0.055s]
Searching alignments...  [1.396s]
Deallocating memory...  [0s]
Processing query block 1, reference block 8/9, shape 6/16, index chunk 4/4.
Building reference seed array...  [1.605s]
Building query seed array...  [0.103s]
Computing hash join...  [0.301s]
Masking low complexity seeds...  [0.056s]
Searching alignments...  [1.4s]
Deallocating memory...  [0s]
Processing query block 1, reference block 8/9, shape 7/16, index chunk 1/4.
Building reference seed array...  [2.23s]
Building query seed array...  [0.107s]
Computing hash join...  [0.284s]
Masking low complexity seeds...  [0.056s]
Searching alignments...  [1.375s]
Deallocating memory...  [0s]
Processing query block 1, reference block 8/9, shape 7/16, index chunk 2/4.
Building reference seed array...  [2.862s]
Building query seed array...  [0.145s]
Computing hash join...  [0.285s]
Masking low complexity seeds...  [0.054s]
Searching alignments...  [1.357s]
Deallocating memory...  [0s]
Processing query block 1, reference block 8/9, shape 7/16, index chunk 3/4.
Building reference seed array...  [1.985s]
Building query seed array...  [0.123s]
Computing hash join...  [0.299s]
Masking low complexity seeds...  [0.054s]
Searching alignments...  [1.367s]
Deallocating memory...  [0s]
Processing query block 1, reference block 8/9, shape 7/16, index chunk 4/4.
Building reference seed array...  [1.51s]
Building query seed array...  [0.107s]
Computing hash join...  [0.299s]
Masking low complexity seeds...  [0.054s]
Searching alignments...  [1.373s]
Deallocating memory...  [0s]
Processing query block 1, reference block 8/9, shape 8/16, index chunk 1/4.
Building reference seed array...  [1.68s]
Building query seed array...  [0.097s]
Computing hash join...  [0.295s]
Masking low complexity seeds...  [0.054s]
Searching alignments...  [1.442s]
Deallocating memory...  [0s]
Processing query block 1, reference block 8/9, shape 8/16, index chunk 2/4.
Building reference seed array...  [2.24s]
Building query seed array...  [0.137s]
Computing hash join...  [0.291s]
Masking low complexity seeds...  [0.055s]
Searching alignments...  [1.459s]
Deallocating memory...  [0s]
Processing query block 1, reference block 8/9, shape 8/16, index chunk 3/4.
Building reference seed array...  [1.954s]
Building query seed array...  [0.114s]
Computing hash join...  [0.288s]
Masking low complexity seeds...  [0.055s]
Searching alignments...  [1.375s]
Deallocating memory...  [0s]
Processing query block 1, reference block 8/9, shape 8/16, index chunk 4/4.
Building reference seed array...  [1.605s]
Building query seed array...  [0.094s]
Computing hash join...  [0.264s]
Masking low complexity seeds...  [0.053s]
Searching alignments...  [1.4s]
Deallocating memory...  [0s]
Processing query block 1, reference block 8/9, shape 9/16, index chunk 1/4.
Building reference seed array...  [1.554s]
Building query seed array...  [0.097s]
Computing hash join...  [0.291s]
Masking low complexity seeds...  [0.055s]
Searching alignments...  [1.429s]
Deallocating memory...  [0s]
Processing query block 1, reference block 8/9, shape 9/16, index chunk 2/4.
Building reference seed array...  [2.325s]
Building query seed array...  [0.16s]
Computing hash join...  [0.272s]
Masking low complexity seeds...  [0.057s]
Searching alignments...  [1.467s]
Deallocating memory...  [0s]
Processing query block 1, reference block 8/9, shape 9/16, index chunk 3/4.
Building reference seed array...  [1.874s]
Building query seed array...  [0.122s]
Computing hash join...  [0.291s]
Masking low complexity seeds...  [0.056s]
Searching alignments...  [1.436s]
Deallocating memory...  [0s]
Processing query block 1, reference block 8/9, shape 9/16, index chunk 4/4.
Building reference seed array...  [1.598s]
Building query seed array...  [0.113s]
Computing hash join...  [0.285s]
Masking low complexity seeds...  [0.056s]
Searching alignments...  [1.469s]
Deallocating memory...  [0s]
Processing query block 1, reference block 8/9, shape 10/16, index chunk 1/4.
Building reference seed array...  [1.542s]
Building query seed array...  [0.12s]
Computing hash join...  [0.266s]
Masking low complexity seeds...  [0.056s]
Searching alignments...  [1.352s]
Deallocating memory...  [0s]
Processing query block 1, reference block 8/9, shape 10/16, index chunk 2/4.
Building reference seed array...  [2.584s]
Building query seed array...  [0.145s]
Computing hash join...  [0.304s]
Masking low complexity seeds...  [0.053s]
Searching alignments...  [1.342s]
Deallocating memory...  [0s]
Processing query block 1, reference block 8/9, shape 10/16, index chunk 3/4.
Building reference seed array...  [1.977s]
Building query seed array...  [0.141s]
Computing hash join...  [0.283s]
Masking low complexity seeds...  [0.055s]
Searching alignments...  [1.344s]
Deallocating memory...  [0s]
Processing query block 1, reference block 8/9, shape 10/16, index chunk 4/4.
Building reference seed array...  [1.632s]
Building query seed array...  [0.114s]
Computing hash join...  [0.27s]
Masking low complexity seeds...  [0.055s]
Searching alignments...  [1.34s]
Deallocating memory...  [0s]
Processing query block 1, reference block 8/9, shape 11/16, index chunk 1/4.
Building reference seed array...  [1.784s]
Building query seed array...  [0.114s]
Computing hash join...  [0.291s]
Masking low complexity seeds...  [0.054s]
Searching alignments...  [1.415s]
Deallocating memory...  [0s]
Processing query block 1, reference block 8/9, shape 11/16, index chunk 2/4.
Building reference seed array...  [3.03s]
Building query seed array...  [0.158s]
Computing hash join...  [0.279s]
Masking low complexity seeds...  [0.053s]
Searching alignments...  [1.402s]
Deallocating memory...  [0s]
Processing query block 1, reference block 8/9, shape 11/16, index chunk 3/4.
Building reference seed array...  [13.741s]
Building query seed array...  [0.131s]
Computing hash join...  [0.267s]
Masking low complexity seeds...  [0.055s]
Searching alignments...  [1.419s]
Deallocating memory...  [0s]
Processing query block 1, reference block 8/9, shape 11/16, index chunk 4/4.
Building reference seed array...  [1.603s]
Building query seed array...  [0.114s]
Computing hash join...  [0.281s]
Masking low complexity seeds...  [0.055s]
Searching alignments...  [1.393s]
Deallocating memory...  [0s]
Processing query block 1, reference block 8/9, shape 12/16, index chunk 1/4.
Building reference seed array...  [1.622s]
Building query seed array...  [0.094s]
Computing hash join...  [0.294s]
Masking low complexity seeds...  [0.054s]
Searching alignments...  [1.349s]
Deallocating memory...  [0s]
Processing query block 1, reference block 8/9, shape 12/16, index chunk 2/4.
Building reference seed array...  [2.408s]
Building query seed array...  [0.154s]
Computing hash join...  [0.295s]
Masking low complexity seeds...  [0.055s]
Searching alignments...  [1.359s]
Deallocating memory...  [0s]
Processing query block 1, reference block 8/9, shape 12/16, index chunk 3/4.
Building reference seed array...  [1.865s]
Building query seed array...  [0.122s]
Computing hash join...  [0.281s]
Masking low complexity seeds...  [0.052s]
Searching alignments...  [1.362s]
Deallocating memory...  [0.004s]
Processing query block 1, reference block 8/9, shape 12/16, index chunk 4/4.
Building reference seed array...  [1.922s]
Building query seed array...  [0.11s]
Computing hash join...  [0.276s]
Masking low complexity seeds...  [0.055s]
Searching alignments...  [1.379s]
Deallocating memory...  [0s]
Processing query block 1, reference block 8/9, shape 13/16, index chunk 1/4.
Building reference seed array...  [1.589s]
Building query seed array...  [0.106s]
Computing hash join...  [0.295s]
Masking low complexity seeds...  [0.055s]
Searching alignments...  [1.353s]
Deallocating memory...  [0s]
Processing query block 1, reference block 8/9, shape 13/16, index chunk 2/4.
Building reference seed array...  [2.386s]
Building query seed array...  [0.123s]
Computing hash join...  [0.258s]
Masking low complexity seeds...  [0.054s]
Searching alignments...  [1.398s]
Deallocating memory...  [0s]
Processing query block 1, reference block 8/9, shape 13/16, index chunk 3/4.
Building reference seed array...  [2.035s]
Building query seed array...  [0.105s]
Computing hash join...  [0.276s]
Masking low complexity seeds...  [0.053s]
Searching alignments...  [1.369s]
Deallocating memory...  [0s]
Processing query block 1, reference block 8/9, shape 13/16, index chunk 4/4.
Building reference seed array...  [1.447s]
Building query seed array...  [0.103s]
Computing hash join...  [0.279s]
Masking low complexity seeds...  [0.057s]
Searching alignments...  [1.36s]
Deallocating memory...  [0s]
Processing query block 1, reference block 8/9, shape 14/16, index chunk 1/4.
Building reference seed array...  [1.893s]
Building query seed array...  [0.098s]
Computing hash join...  [0.262s]
Masking low complexity seeds...  [0.053s]
Searching alignments...  [1.355s]
Deallocating memory...  [0s]
Processing query block 1, reference block 8/9, shape 14/16, index chunk 2/4.
Building reference seed array...  [2.603s]
Building query seed array...  [0.143s]
Computing hash join...  [0.277s]
Masking low complexity seeds...  [0.056s]
Searching alignments...  [1.37s]
Deallocating memory...  [0s]
Processing query block 1, reference block 8/9, shape 14/16, index chunk 3/4.
Building reference seed array...  [2.038s]
Building query seed array...  [0.129s]
Computing hash join...  [0.29s]
Masking low complexity seeds...  [0.057s]
Searching alignments...  [1.388s]
Deallocating memory...  [0s]
Processing query block 1, reference block 8/9, shape 14/16, index chunk 4/4.
Building reference seed array...  [1.379s]
Building query seed array...  [0.11s]
Computing hash join...  [0.262s]
Masking low complexity seeds...  [0.053s]
Searching alignments...  [1.361s]
Deallocating memory...  [0s]
Processing query block 1, reference block 8/9, shape 15/16, index chunk 1/4.
Building reference seed array...  [1.628s]
Building query seed array...  [0.105s]
Computing hash join...  [0.287s]
Masking low complexity seeds...  [0.053s]
Searching alignments...  [1.37s]
Deallocating memory...  [0s]
Processing query block 1, reference block 8/9, shape 15/16, index chunk 2/4.
Building reference seed array...  [2.06s]
Building query seed array...  [0.133s]
Computing hash join...  [0.288s]
Masking low complexity seeds...  [0.054s]
Searching alignments...  [1.393s]
Deallocating memory...  [0s]
Processing query block 1, reference block 8/9, shape 15/16, index chunk 3/4.
Building reference seed array...  [1.781s]
Building query seed array...  [0.115s]
Computing hash join...  [0.293s]
Masking low complexity seeds...  [0.055s]
Searching alignments...  [1.388s]
Deallocating memory...  [0.004s]
Processing query block 1, reference block 8/9, shape 15/16, index chunk 4/4.
Building reference seed array...  [1.51s]
Building query seed array...  [0.102s]
Computing hash join...  [0.271s]
Masking low complexity seeds...  [0.056s]
Searching alignments...  [1.371s]
Deallocating memory...  [0s]
Processing query block 1, reference block 8/9, shape 16/16, index chunk 1/4.
Building reference seed array...  [1.626s]
Building query seed array...  [0.117s]
Computing hash join...  [0.285s]
Masking low complexity seeds...  [0.056s]
Searching alignments...  [1.374s]
Deallocating memory...  [0s]
Processing query block 1, reference block 8/9, shape 16/16, index chunk 2/4.
Building reference seed array...  [2.213s]
Building query seed array...  [0.148s]
Computing hash join...  [0.287s]
Masking low complexity seeds...  [0.057s]
Searching alignments...  [1.344s]
Deallocating memory...  [0.004s]
Processing query block 1, reference block 8/9, shape 16/16, index chunk 3/4.
Building reference seed array...  [2.074s]
Building query seed array...  [0.13s]
Computing hash join...  [0.265s]
Masking low complexity seeds...  [0.055s]
Searching alignments...  [1.345s]
Deallocating memory...  [0s]
Processing query block 1, reference block 8/9, shape 16/16, index chunk 4/4.
Building reference seed array...  [1.488s]
Building query seed array...  [0.085s]
Computing hash join...  [0.253s]
Masking low complexity seeds...  [0.055s]
Searching alignments...  [1.373s]
Deallocating memory...  [0s]
Deallocating buffers...  [0.008s]
Clearing query masking...  [0.029s]
Opening temporary output file...  [0s]
Computing alignments...  [24.368s]
Deallocating reference...  [0.008s]
Loading reference sequences...  [2.538s]
Masking reference...  [2.437s]
Initializing dictionary...  [0.136s]
Initializing temporary storage...  [0.001s]
Building reference histograms...  [15.485s]
Allocating buffers...  [0s]
Processing query block 1, reference block 9/9, shape 1/16, index chunk 1/4.
Building reference seed array...  [1.585s]
Building query seed array...  [0.21s]
Computing hash join...  [0.154s]
Masking low complexity seeds...  [0.054s]
Searching alignments...  [1.076s]
Deallocating memory...  [0s]
Processing query block 1, reference block 9/9, shape 1/16, index chunk 2/4.
Building reference seed array...  [1.638s]
Building query seed array...  [0.144s]
Computing hash join...  [0.156s]
Masking low complexity seeds...  [0.054s]
Searching alignments...  [1.065s]
Deallocating memory...  [0s]
Processing query block 1, reference block 9/9, shape 1/16, index chunk 3/4.
Building reference seed array...  [1.351s]
Building query seed array...  [0.13s]
Computing hash join...  [0.153s]
Masking low complexity seeds...  [0.053s]
Searching alignments...  [1.022s]
Deallocating memory...  [0s]
Processing query block 1, reference block 9/9, shape 1/16, index chunk 4/4.
Building reference seed array...  [1.08s]
Building query seed array...  [0.092s]
Computing hash join...  [0.152s]
Masking low complexity seeds...  [0.052s]
Searching alignments...  [1.022s]
Deallocating memory...  [0s]
Processing query block 1, reference block 9/9, shape 2/16, index chunk 1/4.
Building reference seed array...  [1.119s]
Building query seed array...  [0.105s]
Computing hash join...  [0.14s]
Masking low complexity seeds...  [0.053s]
Searching alignments...  [0.935s]
Deallocating memory...  [0s]
Processing query block 1, reference block 9/9, shape 2/16, index chunk 2/4.
Building reference seed array...  [1.429s]
Building query seed array...  [0.169s]
Computing hash join...  [0.135s]
Masking low complexity seeds...  [0.051s]
Searching alignments...  [0.922s]
Deallocating memory...  [0s]
Processing query block 1, reference block 9/9, shape 2/16, index chunk 3/4.
Building reference seed array...  [1.048s]
Building query seed array...  [0.125s]
Computing hash join...  [0.143s]
Masking low complexity seeds...  [0.054s]
Searching alignments...  [0.943s]
Deallocating memory...  [0s]
Processing query block 1, reference block 9/9, shape 2/16, index chunk 4/4.
Building reference seed array...  [1.088s]
Building query seed array...  [0.125s]
Computing hash join...  [0.138s]
Masking low complexity seeds...  [0.054s]
Searching alignments...  [0.924s]
Deallocating memory...  [0s]
Processing query block 1, reference block 9/9, shape 3/16, index chunk 1/4.
Building reference seed array...  [1.029s]
Building query seed array...  [0.111s]
Computing hash join...  [0.15s]
Masking low complexity seeds...  [0.055s]
Searching alignments...  [1.034s]
Deallocating memory...  [0s]
Processing query block 1, reference block 9/9, shape 3/16, index chunk 2/4.
Building reference seed array...  [1.667s]
Building query seed array...  [0.156s]
Computing hash join...  [0.15s]
Masking low complexity seeds...  [0.055s]
Searching alignments...  [0.996s]
Deallocating memory...  [0s]
Processing query block 1, reference block 9/9, shape 3/16, index chunk 3/4.
Building reference seed array...  [1.585s]
Building query seed array...  [0.135s]
Computing hash join...  [0.15s]
Masking low complexity seeds...  [0.055s]
Searching alignments...  [0.998s]
Deallocating memory...  [0s]
Processing query block 1, reference block 9/9, shape 3/16, index chunk 4/4.
Building reference seed array...  [1.26s]
Building query seed array...  [0.108s]
Computing hash join...  [0.149s]
Masking low complexity seeds...  [0.053s]
Searching alignments...  [0.985s]
Deallocating memory...  [0s]
Processing query block 1, reference block 9/9, shape 4/16, index chunk 1/4.
Building reference seed array...  [1.274s]
Building query seed array...  [0.114s]
Computing hash join...  [0.148s]
Masking low complexity seeds...  [0.053s]
Searching alignments...  [0.999s]
Deallocating memory...  [0s]
Processing query block 1, reference block 9/9, shape 4/16, index chunk 2/4.
Building reference seed array...  [1.608s]
Building query seed array...  [0.156s]
Computing hash join...  [0.143s]
Masking low complexity seeds...  [0.053s]
Searching alignments...  [0.975s]
Deallocating memory...  [0s]
Processing query block 1, reference block 9/9, shape 4/16, index chunk 3/4.
Building reference seed array...  [1.325s]
Building query seed array...  [0.131s]
Computing hash join...  [0.148s]
Masking low complexity seeds...  [0.054s]
Searching alignments...  [0.96s]
Deallocating memory...  [0s]
Processing query block 1, reference block 9/9, shape 4/16, index chunk 4/4.
Building reference seed array...  [1.01s]
Building query seed array...  [0.1s]
Computing hash join...  [0.144s]
Masking low complexity seeds...  [0.052s]
Searching alignments...  [0.969s]
Deallocating memory...  [0s]
Processing query block 1, reference block 9/9, shape 5/16, index chunk 1/4.
Building reference seed array...  [0.88s]
Building query seed array...  [0.116s]
Computing hash join...  [0.142s]
Masking low complexity seeds...  [0.053s]
Searching alignments...  [0.927s]
Deallocating memory...  [0s]
Processing query block 1, reference block 9/9, shape 5/16, index chunk 2/4.
Building reference seed array...  [1.736s]
Building query seed array...  [0.129s]
Computing hash join...  [0.142s]
Masking low complexity seeds...  [0.053s]
Searching alignments...  [0.932s]
Deallocating memory...  [0s]
Processing query block 1, reference block 9/9, shape 5/16, index chunk 3/4.
Building reference seed array...  [1.17s]
Building query seed array...  [0.14s]
Computing hash join...  [0.146s]
Masking low complexity seeds...  [0.052s]
Searching alignments...  [0.911s]
Deallocating memory...  [0s]
Processing query block 1, reference block 9/9, shape 5/16, index chunk 4/4.
Building reference seed array...  [15.881s]
Building query seed array...  [0.144s]
Computing hash join...  [0.148s]
Masking low complexity seeds...  [0.052s]
Searching alignments...  [0.879s]
Deallocating memory...  [0s]
Processing query block 1, reference block 9/9, shape 6/16, index chunk 1/4.
Building reference seed array...  [1.158s]
Building query seed array...  [0.098s]
Computing hash join...  [0.145s]
Masking low complexity seeds...  [0.052s]
Searching alignments...  [0.982s]
Deallocating memory...  [0s]
Processing query block 1, reference block 9/9, shape 6/16, index chunk 2/4.
Building reference seed array...  [1.652s]
Building query seed array...  [0.147s]
Computing hash join...  [0.146s]
Masking low complexity seeds...  [0.051s]
Searching alignments...  [0.947s]
Deallocating memory...  [0s]
Processing query block 1, reference block 9/9, shape 6/16, index chunk 3/4.
Building reference seed array...  [1.287s]
Building query seed array...  [0.128s]
Computing hash join...  [0.142s]
Masking low complexity seeds...  [0.049s]
Searching alignments...  [0.948s]
Deallocating memory...  [0s]
Processing query block 1, reference block 9/9, shape 6/16, index chunk 4/4.
Building reference seed array...  [1.053s]
Building query seed array...  [0.128s]
Computing hash join...  [0.146s]
Masking low complexity seeds...  [0.052s]
Searching alignments...  [0.95s]
Deallocating memory...  [0s]
Processing query block 1, reference block 9/9, shape 7/16, index chunk 1/4.
Building reference seed array...  [1.208s]
Building query seed array...  [0.12s]
Computing hash join...  [0.138s]
Masking low complexity seeds...  [0.053s]
Searching alignments...  [0.889s]
Deallocating memory...  [0s]
Processing query block 1, reference block 9/9, shape 7/16, index chunk 2/4.
Building reference seed array...  [1.587s]
Building query seed array...  [0.151s]
Computing hash join...  [0.138s]
Masking low complexity seeds...  [0.053s]
Searching alignments...  [0.89s]
Deallocating memory...  [0s]
Processing query block 1, reference block 9/9, shape 7/16, index chunk 3/4.
Building reference seed array...  [1.393s]
Building query seed array...  [0.107s]
Computing hash join...  [0.146s]
Masking low complexity seeds...  [0.052s]
Searching alignments...  [0.896s]
Deallocating memory...  [0s]
Processing query block 1, reference block 9/9, shape 7/16, index chunk 4/4.
Building reference seed array...  [1.182s]
Building query seed array...  [0.106s]
Computing hash join...  [0.139s]
Masking low complexity seeds...  [0.053s]
Searching alignments...  [0.908s]
Deallocating memory...  [0s]
Processing query block 1, reference block 9/9, shape 8/16, index chunk 1/4.
Building reference seed array...  [1.232s]
Building query seed array...  [0.116s]
Computing hash join...  [0.145s]
Masking low complexity seeds...  [0.053s]
Searching alignments...  [0.924s]
Deallocating memory...  [0s]
Processing query block 1, reference block 9/9, shape 8/16, index chunk 2/4.
Building reference seed array...  [1.698s]
Building query seed array...  [0.157s]
Computing hash join...  [0.144s]
Masking low complexity seeds...  [0.051s]
Searching alignments...  [0.95s]
Deallocating memory...  [0s]
Processing query block 1, reference block 9/9, shape 8/16, index chunk 3/4.
Building reference seed array...  [1.433s]
Building query seed array...  [0.138s]
Computing hash join...  [0.138s]
Masking low complexity seeds...  [0.051s]
Searching alignments...  [0.941s]
Deallocating memory...  [0s]
Processing query block 1, reference block 9/9, shape 8/16, index chunk 4/4.
Building reference seed array...  [1.099s]
Building query seed array...  [0.12s]
Computing hash join...  [0.143s]
Masking low complexity seeds...  [0.053s]
Searching alignments...  [0.956s]
Deallocating memory...  [0s]
Processing query block 1, reference block 9/9, shape 9/16, index chunk 1/4.
Building reference seed array...  [0.954s]
Building query seed array...  [0.127s]
Computing hash join...  [0.145s]
Masking low complexity seeds...  [0.053s]
Searching alignments...  [0.979s]
Deallocating memory...  [0s]
Processing query block 1, reference block 9/9, shape 9/16, index chunk 2/4.
Building reference seed array...  [1.896s]
Building query seed array...  [0.15s]
Computing hash join...  [0.145s]
Masking low complexity seeds...  [0.052s]
Searching alignments...  [0.973s]
Deallocating memory...  [0s]
Processing query block 1, reference block 9/9, shape 9/16, index chunk 3/4.
Building reference seed array...  [1.622s]
Building query seed array...  [0.138s]
Computing hash join...  [0.14s]
Masking low complexity seeds...  [0.053s]
Searching alignments...  [0.991s]
Deallocating memory...  [0s]
Processing query block 1, reference block 9/9, shape 9/16, index chunk 4/4.
Building reference seed array...  [0.9s]
Building query seed array...  [0.131s]
Computing hash join...  [0.147s]
Masking low complexity seeds...  [0.056s]
Searching alignments...  [0.965s]
Deallocating memory...  [0s]
Processing query block 1, reference block 9/9, shape 10/16, index chunk 1/4.
Building reference seed array...  [1.185s]
Building query seed array...  [0.118s]
Computing hash join...  [0.141s]
Masking low complexity seeds...  [0.052s]
Searching alignments...  [0.897s]
Deallocating memory...  [0s]
Processing query block 1, reference block 9/9, shape 10/16, index chunk 2/4.
Building reference seed array...  [1.428s]
Building query seed array...  [0.14s]
Computing hash join...  [0.138s]
Masking low complexity seeds...  [0.051s]
Searching alignments...  [0.886s]
Deallocating memory...  [0s]
Processing query block 1, reference block 9/9, shape 10/16, index chunk 3/4.
Building reference seed array...  [1.504s]
Building query seed array...  [0.156s]
Computing hash join...  [0.137s]
Masking low complexity seeds...  [0.051s]
Searching alignments...  [0.877s]
Deallocating memory...  [0s]
Processing query block 1, reference block 9/9, shape 10/16, index chunk 4/4.
Building reference seed array...  [1.13s]
Building query seed array...  [0.109s]
Computing hash join...  [0.14s]
Masking low complexity seeds...  [0.052s]
Searching alignments...  [0.917s]
Deallocating memory...  [0s]
Processing query block 1, reference block 9/9, shape 11/16, index chunk 1/4.
Building reference seed array...  [1.246s]
Building query seed array...  [0.145s]
Computing hash join...  [0.146s]
Masking low complexity seeds...  [0.052s]
Searching alignments...  [0.934s]
Deallocating memory...  [0s]
Processing query block 1, reference block 9/9, shape 11/16, index chunk 2/4.
Building reference seed array...  [1.743s]
Building query seed array...  [0.134s]
Computing hash join...  [0.139s]
Masking low complexity seeds...  [0.052s]
Searching alignments...  [0.957s]
Deallocating memory...  [0s]
Processing query block 1, reference block 9/9, shape 11/16, index chunk 3/4.
Building reference seed array...  [1.307s]
Building query seed array...  [0.125s]
Computing hash join...  [0.145s]
Masking low complexity seeds...  [0.051s]
Searching alignments...  [0.949s]
Deallocating memory...  [0s]
Processing query block 1, reference block 9/9, shape 11/16, index chunk 4/4.
Building reference seed array...  [1.151s]
Building query seed array...  [0.113s]
Computing hash join...  [0.149s]
Masking low complexity seeds...  [0.051s]
Searching alignments...  [0.939s]
Deallocating memory...  [0s]
Processing query block 1, reference block 9/9, shape 12/16, index chunk 1/4.
Building reference seed array...  [1.02s]
Building query seed array...  [0.093s]
Computing hash join...  [0.134s]
Masking low complexity seeds...  [0.05s]
Searching alignments...  [0.914s]
Deallocating memory...  [0s]
Processing query block 1, reference block 9/9, shape 12/16, index chunk 2/4.
Building reference seed array...  [1.469s]
Building query seed array...  [0.114s]
Computing hash join...  [0.139s]
Masking low complexity seeds...  [0.05s]
Searching alignments...  [0.832s]
Deallocating memory...  [0s]
Processing query block 1, reference block 9/9, shape 12/16, index chunk 3/4.
Building reference seed array...  [1.285s]
Building query seed array...  [0.138s]
Computing hash join...  [0.14s]
Masking low complexity seeds...  [0.052s]
Searching alignments...  [0.899s]
Deallocating memory...  [0s]
Processing query block 1, reference block 9/9, shape 12/16, index chunk 4/4.
Building reference seed array...  [0.929s]
Building query seed array...  [0.096s]
Computing hash join...  [0.137s]
Masking low complexity seeds...  [0.048s]
Searching alignments...  [0.881s]
Deallocating memory...  [0s]
Processing query block 1, reference block 9/9, shape 13/16, index chunk 1/4.
Building reference seed array...  [1.009s]
Building query seed array...  [0.112s]
Computing hash join...  [0.135s]
Masking low complexity seeds...  [0.053s]
Searching alignments...  [0.915s]
Deallocating memory...  [0s]
Processing query block 1, reference block 9/9, shape 13/16, index chunk 2/4.
Building reference seed array...  [1.566s]
Building query seed array...  [0.14s]
Computing hash join...  [0.139s]
Masking low complexity seeds...  [0.052s]
Searching alignments...  [0.88s]
Deallocating memory...  [0s]
Processing query block 1, reference block 9/9, shape 13/16, index chunk 3/4.
Building reference seed array...  [1.239s]
Building query seed array...  [0.105s]
Computing hash join...  [0.136s]
Masking low complexity seeds...  [0.051s]
Searching alignments...  [0.884s]
Deallocating memory...  [0s]
Processing query block 1, reference block 9/9, shape 13/16, index chunk 4/4.
Building reference seed array...  [0.927s]
Building query seed array...  [0.114s]
Computing hash join...  [0.143s]
Masking low complexity seeds...  [0.053s]
Searching alignments...  [11.892s]
Deallocating memory...  [0s]
Processing query block 1, reference block 9/9, shape 14/16, index chunk 1/4.
Building reference seed array...  [1.159s]
Building query seed array...  [0.099s]
Computing hash join...  [0.138s]
Masking low complexity seeds...  [0.053s]
Searching alignments...  [0.953s]
Deallocating memory...  [0s]
Processing query block 1, reference block 9/9, shape 14/16, index chunk 2/4.
Building reference seed array...  [1.542s]
Building query seed array...  [0.135s]
Computing hash join...  [0.136s]
Masking low complexity seeds...  [0.052s]
Searching alignments...  [0.976s]
Deallocating memory...  [0s]
Processing query block 1, reference block 9/9, shape 14/16, index chunk 3/4.
Building reference seed array...  [1.104s]
Building query seed array...  [0.115s]
Computing hash join...  [0.141s]
Masking low complexity seeds...  [0.052s]
Searching alignments...  [0.932s]
Deallocating memory...  [0s]
Processing query block 1, reference block 9/9, shape 14/16, index chunk 4/4.
Building reference seed array...  [1.015s]
Building query seed array...  [0.096s]
Computing hash join...  [0.139s]
Masking low complexity seeds...  [0.05s]
Searching alignments...  [0.912s]
Deallocating memory...  [0s]
Processing query block 1, reference block 9/9, shape 15/16, index chunk 1/4.
Building reference seed array...  [0.97s]
Building query seed array...  [0.095s]
Computing hash join...  [0.147s]
Masking low complexity seeds...  [0.05s]
Searching alignments...  [0.916s]
Deallocating memory...  [0s]
Processing query block 1, reference block 9/9, shape 15/16, index chunk 2/4.
Building reference seed array...  [1.609s]
Building query seed array...  [0.143s]
Computing hash join...  [0.146s]
Masking low complexity seeds...  [0.051s]
Searching alignments...  [0.92s]
Deallocating memory...  [0s]
Processing query block 1, reference block 9/9, shape 15/16, index chunk 3/4.
Building reference seed array...  [1.2s]
Building query seed array...  [0.11s]
Computing hash join...  [0.141s]
Masking low complexity seeds...  [0.053s]
Searching alignments...  [0.992s]
Deallocating memory...  [0s]
Processing query block 1, reference block 9/9, shape 15/16, index chunk 4/4.
Building reference seed array...  [1.046s]
Building query seed array...  [0.102s]
Computing hash join...  [0.141s]
Masking low complexity seeds...  [0.051s]
Searching alignments...  [0.953s]
Deallocating memory...  [0s]
Processing query block 1, reference block 9/9, shape 16/16, index chunk 1/4.
Building reference seed array...  [1.071s]
Building query seed array...  [0.121s]
Computing hash join...  [0.14s]
Masking low complexity seeds...  [0.051s]
Searching alignments...  [0.959s]
Deallocating memory...  [0s]
Processing query block 1, reference block 9/9, shape 16/16, index chunk 2/4.
Building reference seed array...  [1.676s]
Building query seed array...  [0.157s]
Computing hash join...  [0.142s]
Masking low complexity seeds...  [0.069s]
Searching alignments...  [0.895s]
Deallocating memory...  [0s]
Processing query block 1, reference block 9/9, shape 16/16, index chunk 3/4.
Building reference seed array...  [1.369s]
Building query seed array...  [0.127s]
Computing hash join...  [0.139s]
Masking low complexity seeds...  [0.051s]
Searching alignments...  [0.887s]
Deallocating memory...  [0s]
Processing query block 1, reference block 9/9, shape 16/16, index chunk 4/4.
Building reference seed array...  [1.165s]
Building query seed array...  [0.114s]
Computing hash join...  [0.137s]
Masking low complexity seeds...  [0.05s]
Searching alignments...  [0.863s]
Deallocating memory...  [0s]
Deallocating buffers...  [0.005s]
Clearing query masking...  [0.035s]
Opening temporary output file...  [0s]
Computing alignments...  [7.685s]
Deallocating reference...  [0.007s]
Loading reference sequences...  [0s]
Deallocating buffers...  [0s]
Joining output blocks... Joining output blocks...  [6.252s]
 [6.646s]
Deallocating queries...  [0.039s]
Loading query sequences...  [0s]
Closing the input file...  [0s]
Closing the output file...  [0.653s]
Closing the database...  [0s]
Cleaning up...  [0s]
Total time = 2924.89s
Reported 388661 pairwise alignments, 388661 HSPs.
41195 queries aligned.
--- DIAMOND blastx completed successfully for GDB_136 ---
Output saved to: transcripts/GDB_136_blast_sensitive.mikado_transcripts.tsv.gz
Starting DIAMOND blastx for GDB_136.
Input FASTA: transcripts/GDB_136_mikado_prepared.fasta
Output TSV: transcripts/GDB_136_blast_sensitive.mikado_transcripts.tsv.gz
Database: transcripts/uniref50.fasta.dmnd
Threads: 32
--- Starting DIAMOND blastx ---
diamond v2.1.8.162 (C) Max Planck Society for the Advancement of Science, Benjamin Buchfink, University of Tuebingen
Documentation, support and updates available at http://www.diamondsearch.org
Please cite: http://dx.doi.org/10.1038/s41592-021-01101-x Nature Methods (2021)

#CPU threads: 32
Scoring parameters: (Matrix=BLOSUM62 Lambda=0.267 K=0.041 Penalties=11/1)
Temporary directory: transcripts
#Target sequences to report alignments for: 10
Opening the database...  [0.142s]
Database: transcripts/uniref50.fasta.dmnd (type: Diamond database, sequences: 60315044, letters: 17282055793)
Block size = 2000000000
Algorithm: Double-indexed
Building query histograms...  [0.746s]
Seeking in database...  [0s]
Loading reference sequences...  [5.586s]
Masking reference...  [2.692s]
Initializing dictionary...  [0.001s]
Initializing temporary storage...  [0.001s]
Building reference histograms...  [9.998s]
Allocating buffers...  [0.003s]
Processing query block 1, reference block 1/9, shape 1/16, index chunk 1/4.
Building reference seed array...  [1.465s]
Building query seed array...  [0.16s]
Computing hash join...  [0.618s]
Masking low complexity seeds...  [0.045s]
Searching alignments...  [1.546s]
Deallocating memory...  [0s]
Processing query block 1, reference block 1/9, shape 1/16, index chunk 2/4.
Building reference seed array...  [0.932s]
Building query seed array...  [0.063s]
Computing hash join...  [0.234s]
Masking low complexity seeds...  [0.044s]
Searching alignments...  [1.59s]
Deallocating memory...  [0s]
Processing query block 1, reference block 1/9, shape 1/16, index chunk 3/4.
Building reference seed array...  [1.012s]
Building query seed array...  [0.084s]
Computing hash join...  [0.22s]
Masking low complexity seeds...  [0.044s]
Searching alignments...  [1.547s]
Deallocating memory...  [0s]
Processing query block 1, reference block 1/9, shape 1/16, index chunk 4/4.
Building reference seed array...  [0.79s]
Building query seed array...  [0.051s]
Computing hash join...  [0.212s]
Masking low complexity seeds...  [0.044s]
Searching alignments...  [1.547s]
Deallocating memory...  [0s]
Processing query block 1, reference block 1/9, shape 2/16, index chunk 1/4.
Building reference seed array...  [0.752s]
Building query seed array...  [0.048s]
Computing hash join...  [0.198s]
Masking low complexity seeds...  [0.044s]
Searching alignments...  [1.423s]
Deallocating memory...  [0s]
Processing query block 1, reference block 1/9, shape 2/16, index chunk 2/4.
Building reference seed array...  [0.919s]
Building query seed array...  [0.076s]
Computing hash join...  [0.201s]
Masking low complexity seeds...  [0.044s]
Searching alignments...  [1.408s]
Deallocating memory...  [0s]
Processing query block 1, reference block 1/9, shape 2/16, index chunk 3/4.
Building reference seed array...  [1.009s]
Building query seed array...  [0.064s]
Computing hash join...  [0.203s]
Masking low complexity seeds...  [0.044s]
Searching alignments...  [1.417s]
Deallocating memory...  [0s]
Processing query block 1, reference block 1/9, shape 2/16, index chunk 4/4.
Building reference seed array...  [0.739s]
Building query seed array...  [0.048s]
Computing hash join...  [0.2s]
Masking low complexity seeds...  [0.045s]
Searching alignments...  [1.432s]
Deallocating memory...  [0s]
Processing query block 1, reference block 1/9, shape 3/16, index chunk 1/4.
Building reference seed array...  [0.757s]
Building query seed array...  [0.05s]
Computing hash join...  [0.21s]
Masking low complexity seeds...  [0.045s]
Searching alignments...  [1.612s]
Deallocating memory...  [0s]
Processing query block 1, reference block 1/9, shape 3/16, index chunk 2/4.
Building reference seed array...  [0.907s]
Building query seed array...  [0.058s]
Computing hash join...  [0.212s]
Masking low complexity seeds...  [0.045s]
Searching alignments...  [1.523s]
Deallocating memory...  [0s]
Processing query block 1, reference block 1/9, shape 3/16, index chunk 3/4.
Building reference seed array...  [1.02s]
Building query seed array...  [0.067s]
Computing hash join...  [0.214s]
Masking low complexity seeds...  [0.044s]
Searching alignments...  [1.579s]
Deallocating memory...  [0s]
Processing query block 1, reference block 1/9, shape 3/16, index chunk 4/4.
Building reference seed array...  [0.725s]
Building query seed array...  [0.049s]
Computing hash join...  [0.214s]
Masking low complexity seeds...  [0.045s]
Searching alignments...  [1.53s]
Deallocating memory...  [0s]
Processing query block 1, reference block 1/9, shape 4/16, index chunk 1/4.
Building reference seed array...  [0.75s]
Building query seed array...  [0.052s]
Computing hash join...  [0.209s]
Masking low complexity seeds...  [0.043s]
Searching alignments...  [1.539s]
Deallocating memory...  [0s]
Processing query block 1, reference block 1/9, shape 4/16, index chunk 2/4.
Building reference seed array...  [0.908s]
Building query seed array...  [0.062s]
Computing hash join...  [0.211s]
Masking low complexity seeds...  [0.044s]
Searching alignments...  [1.869s]
Deallocating memory...  [0s]
Processing query block 1, reference block 1/9, shape 4/16, index chunk 3/4.
Building reference seed array...  [1.054s]
Building query seed array...  [0.066s]
Computing hash join...  [0.214s]
Masking low complexity seeds...  [0.045s]
Searching alignments...  [1.469s]
Deallocating memory...  [0s]
Processing query block 1, reference block 1/9, shape 4/16, index chunk 4/4.
Building reference seed array...  [0.729s]
Building query seed array...  [0.048s]
Computing hash join...  [0.206s]
Masking low complexity seeds...  [0.044s]
Searching alignments...  [1.441s]
Deallocating memory...  [0s]
Processing query block 1, reference block 1/9, shape 5/16, index chunk 1/4.
Building reference seed array...  [0.765s]
Building query seed array...  [0.068s]
Computing hash join...  [0.204s]
Masking low complexity seeds...  [0.044s]
Searching alignments...  [1.44s]
Deallocating memory...  [0.004s]
Processing query block 1, reference block 1/9, shape 5/16, index chunk 2/4.
Building reference seed array...  [0.908s]
Building query seed array...  [0.078s]
Computing hash join...  [0.206s]
Masking low complexity seeds...  [0.044s]
Searching alignments...  [1.463s]
Deallocating memory...  [0s]
Processing query block 1, reference block 1/9, shape 5/16, index chunk 3/4.
Building reference seed array...  [1.021s]
Building query seed array...  [0.076s]
Computing hash join...  [0.204s]
Masking low complexity seeds...  [0.043s]
Searching alignments...  [1.465s]
Deallocating memory...  [0s]
Processing query block 1, reference block 1/9, shape 5/16, index chunk 4/4.
Building reference seed array...  [0.73s]
Building query seed array...  [0.049s]
Computing hash join...  [0.199s]
Masking low complexity seeds...  [0.044s]
Searching alignments...  [1.459s]
Deallocating memory...  [0s]
Processing query block 1, reference block 1/9, shape 6/16, index chunk 1/4.
Building reference seed array...  [0.76s]
Building query seed array...  [0.05s]
Computing hash join...  [0.203s]
Masking low complexity seeds...  [0.043s]
Searching alignments...  [1.543s]
Deallocating memory...  [0s]
Processing query block 1, reference block 1/9, shape 6/16, index chunk 2/4.
Building reference seed array...  [0.94s]
Building query seed array...  [0.078s]
Computing hash join...  [0.209s]
Masking low complexity seeds...  [0.043s]
Searching alignments...  [1.502s]
Deallocating memory...  [0s]
Processing query block 1, reference block 1/9, shape 6/16, index chunk 3/4.
Building reference seed array...  [1.027s]
Building query seed array...  [0.067s]
Computing hash join...  [0.206s]
Masking low complexity seeds...  [0.044s]
Searching alignments...  [1.507s]
Deallocating memory...  [0s]
Processing query block 1, reference block 1/9, shape 6/16, index chunk 4/4.
Building reference seed array...  [0.748s]
Building query seed array...  [0.073s]
Computing hash join...  [0.204s]
Masking low complexity seeds...  [0.045s]
Searching alignments...  [1.561s]
Deallocating memory...  [0s]
Processing query block 1, reference block 1/9, shape 7/16, index chunk 1/4.
Building reference seed array...  [0.785s]
Building query seed array...  [0.073s]
Computing hash join...  [0.199s]
Masking low complexity seeds...  [0.044s]
Searching alignments...  [1.491s]
Deallocating memory...  [0s]
Processing query block 1, reference block 1/9, shape 7/16, index chunk 2/4.
Building reference seed array...  [0.945s]
Building query seed array...  [0.079s]
Computing hash join...  [0.204s]
Masking low complexity seeds...  [0.044s]
Searching alignments...  [1.496s]
Deallocating memory...  [0s]
Processing query block 1, reference block 1/9, shape 7/16, index chunk 3/4.
Building reference seed array...  [1.014s]
Building query seed array...  [0.082s]
Computing hash join...  [0.204s]
Masking low complexity seeds...  [0.043s]
Searching alignments...  [1.485s]
Deallocating memory...  [0.002s]
Processing query block 1, reference block 1/9, shape 7/16, index chunk 4/4.
Building reference seed array...  [0.742s]
Building query seed array...  [0.067s]
Computing hash join...  [0.197s]
Masking low complexity seeds...  [0.043s]
Searching alignments...  [1.407s]
Deallocating memory...  [0s]
Processing query block 1, reference block 1/9, shape 8/16, index chunk 1/4.
Building reference seed array...  [0.759s]
Building query seed array...  [0.067s]
Computing hash join...  [0.2s]
Masking low complexity seeds...  [0.044s]
Searching alignments...  [1.42s]
Deallocating memory...  [0s]
Processing query block 1, reference block 1/9, shape 8/16, index chunk 2/4.
Building reference seed array...  [0.924s]
Building query seed array...  [0.074s]
Computing hash join...  [0.207s]
Masking low complexity seeds...  [0.044s]
Searching alignments...  [1.459s]
Deallocating memory...  [0s]
Processing query block 1, reference block 1/9, shape 8/16, index chunk 3/4.
Building reference seed array...  [1.026s]
Building query seed array...  [0.066s]
Computing hash join...  [0.206s]
Masking low complexity seeds...  [0.044s]
Searching alignments...  [1.434s]
Deallocating memory...  [0s]
Processing query block 1, reference block 1/9, shape 8/16, index chunk 4/4.
Building reference seed array...  [0.728s]
Building query seed array...  [0.071s]
Computing hash join...  [0.198s]
Masking low complexity seeds...  [0.043s]
Searching alignments...  [1.517s]
Deallocating memory...  [0s]
Processing query block 1, reference block 1/9, shape 9/16, index chunk 1/4.
Building reference seed array...  [0.78s]
Building query seed array...  [0.051s]
Computing hash join...  [0.207s]
Masking low complexity seeds...  [0.044s]
Searching alignments...  [1.445s]
Deallocating memory...  [0s]
Processing query block 1, reference block 1/9, shape 9/16, index chunk 2/4.
Building reference seed array...  [0.937s]
Building query seed array...  [0.059s]
Computing hash join...  [0.21s]
Masking low complexity seeds...  [0.044s]
Searching alignments...  [1.967s]
Deallocating memory...  [0s]
Processing query block 1, reference block 1/9, shape 9/16, index chunk 3/4.
Building reference seed array...  [1.056s]
Building query seed array...  [0.064s]
Computing hash join...  [0.211s]
Masking low complexity seeds...  [0.045s]
Searching alignments...  [1.476s]
Deallocating memory...  [0s]
Processing query block 1, reference block 1/9, shape 9/16, index chunk 4/4.
Building reference seed array...  [0.758s]
Building query seed array...  [0.05s]
Computing hash join...  [0.21s]
Masking low complexity seeds...  [0.044s]
Searching alignments...  [1.449s]
Deallocating memory...  [0s]
Processing query block 1, reference block 1/9, shape 10/16, index chunk 1/4.
Building reference seed array...  [0.771s]
Building query seed array...  [0.05s]
Computing hash join...  [0.198s]
Masking low complexity seeds...  [0.044s]
Searching alignments...  [1.481s]
Deallocating memory...  [0.004s]
Processing query block 1, reference block 1/9, shape 10/16, index chunk 2/4.
Building reference seed array...  [0.927s]
Building query seed array...  [0.077s]
Computing hash join...  [0.205s]
Masking low complexity seeds...  [0.043s]
Searching alignments...  [1.436s]
Deallocating memory...  [0s]
Processing query block 1, reference block 1/9, shape 10/16, index chunk 3/4.
Building reference seed array...  [1.016s]
Building query seed array...  [0.075s]
Computing hash join...  [0.198s]
Masking low complexity seeds...  [0.046s]
Searching alignments...  [1.417s]
Deallocating memory...  [0s]
Processing query block 1, reference block 1/9, shape 10/16, index chunk 4/4.
Building reference seed array...  [0.748s]
Building query seed array...  [0.048s]
Computing hash join...  [0.197s]
Masking low complexity seeds...  [0.044s]
Searching alignments...  [1.44s]
Deallocating memory...  [0s]
Processing query block 1, reference block 1/9, shape 11/16, index chunk 1/4.
Building reference seed array...  [0.755s]
Building query seed array...  [0.05s]
Computing hash join...  [0.205s]
Masking low complexity seeds...  [0.046s]
Searching alignments...  [1.49s]
Deallocating memory...  [0s]
Processing query block 1, reference block 1/9, shape 11/16, index chunk 2/4.
Building reference seed array...  [0.919s]
Building query seed array...  [0.072s]
Computing hash join...  [0.203s]
Masking low complexity seeds...  [0.045s]
Searching alignments...  [1.503s]
Deallocating memory...  [0s]
Processing query block 1, reference block 1/9, shape 11/16, index chunk 3/4.
Building reference seed array...  [1.021s]
Building query seed array...  [0.063s]
Computing hash join...  [0.201s]
Masking low complexity seeds...  [0.045s]
Searching alignments...  [1.516s]
Deallocating memory...  [0.004s]
Processing query block 1, reference block 1/9, shape 11/16, index chunk 4/4.
Building reference seed array...  [0.73s]
Building query seed array...  [0.054s]
Computing hash join...  [0.204s]
Masking low complexity seeds...  [0.045s]
Searching alignments...  [1.5s]
Deallocating memory...  [0s]
Processing query block 1, reference block 1/9, shape 12/16, index chunk 1/4.
Building reference seed array...  [0.751s]
Building query seed array...  [0.05s]
Computing hash join...  [0.201s]
Masking low complexity seeds...  [0.045s]
Searching alignments...  [1.439s]
Deallocating memory...  [0.001s]
Processing query block 1, reference block 1/9, shape 12/16, index chunk 2/4.
Building reference seed array...  [0.913s]
Building query seed array...  [0.078s]
Computing hash join...  [0.198s]
Masking low complexity seeds...  [0.043s]
Searching alignments...  [1.44s]
Deallocating memory...  [0s]
Processing query block 1, reference block 1/9, shape 12/16, index chunk 3/4.
Building reference seed array...  [1.017s]
Building query seed array...  [0.076s]
Computing hash join...  [0.201s]
Masking low complexity seeds...  [0.044s]
Searching alignments...  [1.464s]
Deallocating memory...  [0s]
Processing query block 1, reference block 1/9, shape 12/16, index chunk 4/4.
Building reference seed array...  [0.733s]
Building query seed array...  [0.048s]
Computing hash join...  [0.203s]
Masking low complexity seeds...  [0.044s]
Searching alignments...  [1.53s]
Deallocating memory...  [0s]
Processing query block 1, reference block 1/9, shape 13/16, index chunk 1/4.
Building reference seed array...  [0.774s]
Building query seed array...  [0.05s]
Computing hash join...  [0.198s]
Masking low complexity seeds...  [0.045s]
Searching alignments...  [1.418s]
Deallocating memory...  [0s]
Processing query block 1, reference block 1/9, shape 13/16, index chunk 2/4.
Building reference seed array...  [0.948s]
Building query seed array...  [0.057s]
Computing hash join...  [0.199s]
Masking low complexity seeds...  [0.043s]
Searching alignments...  [1.513s]
Deallocating memory...  [0s]
Processing query block 1, reference block 1/9, shape 13/16, index chunk 3/4.
Building reference seed array...  [1.025s]
Building query seed array...  [0.077s]
Computing hash join...  [0.2s]
Masking low complexity seeds...  [0.044s]
Searching alignments...  [1.436s]
Deallocating memory...  [0s]
Processing query block 1, reference block 1/9, shape 13/16, index chunk 4/4.
Building reference seed array...  [0.747s]
Building query seed array...  [0.049s]
Computing hash join...  [0.2s]
Masking low complexity seeds...  [0.043s]
Searching alignments...  [1.437s]
Deallocating memory...  [0s]
Processing query block 1, reference block 1/9, shape 14/16, index chunk 1/4.
Building reference seed array...  [0.762s]
Building query seed array...  [0.049s]
Computing hash join...  [0.197s]
Masking low complexity seeds...  [0.043s]
Searching alignments...  [1.507s]
Deallocating memory...  [0s]
Processing query block 1, reference block 1/9, shape 14/16, index chunk 2/4.
Building reference seed array...  [0.905s]
Building query seed array...  [0.071s]
Computing hash join...  [0.2s]
Masking low complexity seeds...  [0.043s]
Searching alignments...  [1.446s]
Deallocating memory...  [0s]
Processing query block 1, reference block 1/9, shape 14/16, index chunk 3/4.
Building reference seed array...  [1.021s]
Building query seed array...  [0.062s]
Computing hash join...  [0.197s]
Masking low complexity seeds...  [0.044s]
Searching alignments...  [1.464s]
Deallocating memory...  [0s]
Processing query block 1, reference block 1/9, shape 14/16, index chunk 4/4.
Building reference seed array...  [0.749s]
Building query seed array...  [0.049s]
Computing hash join...  [0.197s]
Masking low complexity seeds...  [0.043s]
Searching alignments...  [1.514s]
Deallocating memory...  [0s]
Processing query block 1, reference block 1/9, shape 15/16, index chunk 1/4.
Building reference seed array...  [0.754s]
Building query seed array...  [0.051s]
Computing hash join...  [0.197s]
Masking low complexity seeds...  [0.044s]
Searching alignments...  [1.441s]
Deallocating memory...  [0s]
Processing query block 1, reference block 1/9, shape 15/16, index chunk 2/4.
Building reference seed array...  [0.923s]
Building query seed array...  [0.073s]
Computing hash join...  [0.199s]
Masking low complexity seeds...  [0.044s]
Searching alignments...  [1.449s]
Deallocating memory...  [0s]
Processing query block 1, reference block 1/9, shape 15/16, index chunk 3/4.
Building reference seed array...  [1.006s]
Building query seed array...  [0.063s]
Computing hash join...  [0.204s]
Masking low complexity seeds...  [0.044s]
Searching alignments...  [1.431s]
Deallocating memory...  [0s]
Processing query block 1, reference block 1/9, shape 15/16, index chunk 4/4.
Building reference seed array...  [0.765s]
Building query seed array...  [0.065s]
Computing hash join...  [0.2s]
Masking low complexity seeds...  [0.043s]
Searching alignments...  [1.467s]
Deallocating memory...  [0s]
Processing query block 1, reference block 1/9, shape 16/16, index chunk 1/4.
Building reference seed array...  [0.755s]
Building query seed array...  [0.049s]
Computing hash join...  [0.199s]
Masking low complexity seeds...  [0.044s]
Searching alignments...  [1.388s]
Deallocating memory...  [0s]
Processing query block 1, reference block 1/9, shape 16/16, index chunk 2/4.
Building reference seed array...  [0.919s]
Building query seed array...  [0.075s]
Computing hash join...  [0.201s]
Masking low complexity seeds...  [0.043s]
Searching alignments...  [1.468s]
Deallocating memory...  [0s]
Processing query block 1, reference block 1/9, shape 16/16, index chunk 3/4.
Building reference seed array...  [1.013s]
Building query seed array...  [0.062s]
Computing hash join...  [0.198s]
Masking low complexity seeds...  [0.044s]
Searching alignments...  [1.416s]
Deallocating memory...  [0s]
Processing query block 1, reference block 1/9, shape 16/16, index chunk 4/4.
Building reference seed array...  [0.734s]
Building query seed array...  [0.048s]
Computing hash join...  [0.197s]
Masking low complexity seeds...  [0.044s]
Searching alignments...  [1.471s]
Deallocating memory...  [0s]
Deallocating buffers...  [0.009s]
Clearing query masking...  [0.045s]
Opening temporary output file...  [0s]
Computing alignments... Loading trace points...  [3.177s]
Sorting trace points...  [0.261s]
Computing alignments...  [11.173s]
Deallocating buffers...  [0.013s]
Loading trace points...  [0s]
 [15.557s]
Deallocating reference...  [0.006s]
Loading reference sequences...  [4.085s]
Masking reference...  [2.757s]
Initializing dictionary...  [0.001s]
Initializing temporary storage...  [0.002s]
Building reference histograms...  [11.128s]
Allocating buffers...  [0.002s]
Processing query block 1, reference block 2/9, shape 1/16, index chunk 1/4.
Building reference seed array...  [1.453s]
Building query seed array...  [0.16s]
Computing hash join...  [0.222s]
Masking low complexity seeds...  [0.045s]
Searching alignments...  [1.617s]
Deallocating memory...  [0s]
Processing query block 1, reference block 2/9, shape 1/16, index chunk 2/4.
Building reference seed array...  [0.97s]
Building query seed array...  [0.068s]
Computing hash join...  [0.218s]
Masking low complexity seeds...  [0.046s]
Searching alignments...  [1.603s]
Deallocating memory...  [0s]
Processing query block 1, reference block 2/9, shape 1/16, index chunk 3/4.
Building reference seed array...  [1.042s]
Building query seed array...  [0.068s]
Computing hash join...  [0.222s]
Masking low complexity seeds...  [0.045s]
Searching alignments...  [1.598s]
Deallocating memory...  [0s]
Processing query block 1, reference block 2/9, shape 1/16, index chunk 4/4.
Building reference seed array...  [0.746s]
Building query seed array...  [0.051s]
Computing hash join...  [0.221s]
Masking low complexity seeds...  [0.044s]
Searching alignments...  [1.558s]
Deallocating memory...  [0s]
Processing query block 1, reference block 2/9, shape 2/16, index chunk 1/4.
Building reference seed array...  [0.775s]
Building query seed array...  [0.051s]
Computing hash join...  [0.205s]
Masking low complexity seeds...  [0.044s]
Searching alignments...  [1.444s]
Deallocating memory...  [0s]
Processing query block 1, reference block 2/9, shape 2/16, index chunk 2/4.
Building reference seed array...  [0.912s]
Building query seed array...  [0.082s]
Computing hash join...  [0.207s]
Masking low complexity seeds...  [0.044s]
Searching alignments...  [1.477s]
Deallocating memory...  [0s]
Processing query block 1, reference block 2/9, shape 2/16, index chunk 3/4.
Building reference seed array...  [1.016s]
Building query seed array...  [0.061s]
Computing hash join...  [0.205s]
Masking low complexity seeds...  [0.045s]
Searching alignments...  [1.513s]
Deallocating memory...  [0s]
Processing query block 1, reference block 2/9, shape 2/16, index chunk 4/4.
Building reference seed array...  [0.736s]
Building query seed array...  [3.085s]
Computing hash join...  [0.202s]
Masking low complexity seeds...  [0.044s]
Searching alignments...  [1.513s]
Deallocating memory...  [0s]
Processing query block 1, reference block 2/9, shape 3/16, index chunk 1/4.
Building reference seed array...  [0.777s]
Building query seed array...  [0.05s]
Computing hash join...  [0.218s]
Masking low complexity seeds...  [0.044s]
Searching alignments...  [1.692s]
Deallocating memory...  [0s]
Processing query block 1, reference block 2/9, shape 3/16, index chunk 2/4.
Building reference seed array...  [0.927s]
Building query seed array...  [0.071s]
Computing hash join...  [0.222s]
Masking low complexity seeds...  [0.044s]
Searching alignments...  [1.567s]
Deallocating memory...  [0s]
Processing query block 1, reference block 2/9, shape 3/16, index chunk 3/4.
Building reference seed array...  [1.033s]
Building query seed array...  [0.063s]
Computing hash join...  [0.215s]
Masking low complexity seeds...  [0.045s]
Searching alignments...  [1.569s]
Deallocating memory...  [0s]
Processing query block 1, reference block 2/9, shape 3/16, index chunk 4/4.
Building reference seed array...  [0.743s]
Building query seed array...  [0.049s]
Computing hash join...  [0.217s]
Masking low complexity seeds...  [0.045s]
Searching alignments...  [1.658s]
Deallocating memory...  [0s]
Processing query block 1, reference block 2/9, shape 4/16, index chunk 1/4.
Building reference seed array...  [0.792s]
Building query seed array...  [0.05s]
Computing hash join...  [0.214s]
Masking low complexity seeds...  [0.046s]
Searching alignments...  [1.615s]
Deallocating memory...  [0s]
Processing query block 1, reference block 2/9, shape 4/16, index chunk 2/4.
Building reference seed array...  [0.939s]
Building query seed array...  [0.057s]
Computing hash join...  [0.214s]
Masking low complexity seeds...  [0.044s]
Searching alignments...  [2.233s]
Deallocating memory...  [0s]
Processing query block 1, reference block 2/9, shape 4/16, index chunk 3/4.
Building reference seed array...  [1.049s]
Building query seed array...  [0.064s]
Computing hash join...  [0.218s]
Masking low complexity seeds...  [0.044s]
Searching alignments...  [1.531s]
Deallocating memory...  [0s]
Processing query block 1, reference block 2/9, shape 4/16, index chunk 4/4.
Building reference seed array...  [0.753s]
Building query seed array...  [0.064s]
Computing hash join...  [0.214s]
Masking low complexity seeds...  [0.043s]
Searching alignments...  [1.642s]
Deallocating memory...  [0s]
Processing query block 1, reference block 2/9, shape 5/16, index chunk 1/4.
Building reference seed array...  [0.771s]
Building query seed array...  [0.05s]
Computing hash join...  [0.203s]
Masking low complexity seeds...  [0.045s]
Searching alignments...  [1.572s]
Deallocating memory...  [0s]
Processing query block 1, reference block 2/9, shape 5/16, index chunk 2/4.
Building reference seed array...  [0.943s]
Building query seed array...  [0.059s]
Computing hash join...  [0.209s]
Masking low complexity seeds...  [0.044s]
Searching alignments...  [1.573s]
Deallocating memory...  [0s]
Processing query block 1, reference block 2/9, shape 5/16, index chunk 3/4.
Building reference seed array...  [1.036s]
Building query seed array...  [0.075s]
Computing hash join...  [0.204s]
Masking low complexity seeds...  [0.044s]
Searching alignments...  [1.529s]
Deallocating memory...  [0s]
Processing query block 1, reference block 2/9, shape 5/16, index chunk 4/4.
Building reference seed array...  [0.758s]
Building query seed array...  [0.069s]
Computing hash join...  [0.21s]
Masking low complexity seeds...  [0.045s]
Searching alignments...  [1.481s]
Deallocating memory...  [0s]
Processing query block 1, reference block 2/9, shape 6/16, index chunk 1/4.
Building reference seed array...  [0.778s]
Building query seed array...  [0.05s]
Computing hash join...  [0.206s]
Masking low complexity seeds...  [0.045s]
Searching alignments...  [1.547s]
Deallocating memory...  [0s]
Processing query block 1, reference block 2/9, shape 6/16, index chunk 2/4.
Building reference seed array...  [0.917s]
Building query seed array...  [0.073s]
Computing hash join...  [0.214s]
Masking low complexity seeds...  [0.043s]
Searching alignments...  [1.489s]
Deallocating memory...  [0s]
Processing query block 1, reference block 2/9, shape 6/16, index chunk 3/4.
Building reference seed array...  [1.037s]
Building query seed array...  [0.079s]
Computing hash join...  [0.211s]
Masking low complexity seeds...  [0.045s]
Searching alignments...  [1.489s]
Deallocating memory...  [0s]
Processing query block 1, reference block 2/9, shape 6/16, index chunk 4/4.
Building reference seed array...  [0.761s]
Building query seed array...  [0.048s]
Computing hash join...  [0.207s]
Masking low complexity seeds...  [0.043s]
Searching alignments...  [1.756s]
Deallocating memory...  [0s]
Processing query block 1, reference block 2/9, shape 7/16, index chunk 1/4.
Building reference seed array...  [0.787s]
Building query seed array...  [0.071s]
Computing hash join...  [0.206s]
Masking low complexity seeds...  [0.044s]
Searching alignments...  [1.555s]
Deallocating memory...  [0s]
Processing query block 1, reference block 2/9, shape 7/16, index chunk 2/4.
Building reference seed array...  [0.94s]
Building query seed array...  [0.075s]
Computing hash join...  [0.203s]
Masking low complexity seeds...  [0.044s]
Searching alignments...  [1.526s]
Deallocating memory...  [0.004s]
Processing query block 1, reference block 2/9, shape 7/16, index chunk 3/4.
Building reference seed array...  [1.043s]
Building query seed array...  [0.063s]
Computing hash join...  [0.209s]
Masking low complexity seeds...  [0.043s]
Searching alignments...  [1.473s]
Deallocating memory...  [0s]
Processing query block 1, reference block 2/9, shape 7/16, index chunk 4/4.
Building reference seed array...  [0.742s]
Building query seed array...  [0.047s]
Computing hash join...  [0.203s]
Masking low complexity seeds...  [0.044s]
Searching alignments...  [1.475s]
Deallocating memory...  [0s]
Processing query block 1, reference block 2/9, shape 8/16, index chunk 1/4.
Building reference seed array...  [0.792s]
Building query seed array...  [0.068s]
Computing hash join...  [0.205s]
Masking low complexity seeds...  [0.044s]
Searching alignments...  [1.465s]
Deallocating memory...  [0s]
Processing query block 1, reference block 2/9, shape 8/16, index chunk 2/4.
Building reference seed array...  [0.925s]
Building query seed array...  [0.072s]
Computing hash join...  [0.205s]
Masking low complexity seeds...  [0.044s]
Searching alignments...  [1.618s]
Deallocating memory...  [0s]
Processing query block 1, reference block 2/9, shape 8/16, index chunk 3/4.
Building reference seed array...  [1.019s]
Building query seed array...  [0.063s]
Computing hash join...  [0.206s]
Masking low complexity seeds...  [0.045s]
Searching alignments...  [1.499s]
Deallocating memory...  [0s]
Processing query block 1, reference block 2/9, shape 8/16, index chunk 4/4.
Building reference seed array...  [0.748s]
Building query seed array...  [0.048s]
Computing hash join...  [0.204s]
Masking low complexity seeds...  [0.044s]
Searching alignments...  [1.492s]
Deallocating memory...  [0s]
Processing query block 1, reference block 2/9, shape 9/16, index chunk 1/4.
Building reference seed array...  [0.766s]
Building query seed array...  [0.05s]
Computing hash join...  [0.215s]
Masking low complexity seeds...  [0.044s]
Searching alignments...  [1.502s]
Deallocating memory...  [0s]
Processing query block 1, reference block 2/9, shape 9/16, index chunk 2/4.
Building reference seed array...  [0.938s]
Building query seed array...  [0.07s]
Computing hash join...  [0.214s]
Masking low complexity seeds...  [0.045s]
Searching alignments...  [1.524s]
Deallocating memory...  [0.004s]
Processing query block 1, reference block 2/9, shape 9/16, index chunk 3/4.
Building reference seed array...  [1.037s]
Building query seed array...  [0.063s]
Computing hash join...  [0.214s]
Masking low complexity seeds...  [0.046s]
Searching alignments...  [1.545s]
Deallocating memory...  [0s]
Processing query block 1, reference block 2/9, shape 9/16, index chunk 4/4.
Building reference seed array...  [0.751s]
Building query seed array...  [0.068s]
Computing hash join...  [0.213s]
Masking low complexity seeds...  [0.044s]
Searching alignments...  [1.544s]
Deallocating memory...  [0s]
Processing query block 1, reference block 2/9, shape 10/16, index chunk 1/4.
Building reference seed array...  [0.757s]
Building query seed array...  [0.051s]
Computing hash join...  [0.202s]
Masking low complexity seeds...  [0.045s]
Searching alignments...  [1.464s]
Deallocating memory...  [0s]
Processing query block 1, reference block 2/9, shape 10/16, index chunk 2/4.
Building reference seed array...  [0.935s]
Building query seed array...  [0.077s]
Computing hash join...  [0.205s]
Masking low complexity seeds...  [0.045s]
Searching alignments...  [1.454s]
Deallocating memory...  [0s]
Processing query block 1, reference block 2/9, shape 10/16, index chunk 3/4.
Building reference seed array...  [1.03s]
Building query seed array...  [0.075s]
Computing hash join...  [0.203s]
Masking low complexity seeds...  [0.044s]
Searching alignments...  [1.43s]
Deallocating memory...  [0s]
Processing query block 1, reference block 2/9, shape 10/16, index chunk 4/4.
Building reference seed array...  [0.741s]
Building query seed array...  [0.047s]
Computing hash join...  [0.204s]
Masking low complexity seeds...  [0.046s]
Searching alignments...  [1.528s]
Deallocating memory...  [0s]
Processing query block 1, reference block 2/9, shape 11/16, index chunk 1/4.
Building reference seed array...  [0.775s]
Building query seed array...  [0.049s]
Computing hash join...  [0.208s]
Masking low complexity seeds...  [0.046s]
Searching alignments...  [1.669s]
Deallocating memory...  [0s]
Processing query block 1, reference block 2/9, shape 11/16, index chunk 2/4.
Building reference seed array...  [0.948s]
Building query seed array...  [0.077s]
Computing hash join...  [0.208s]
Masking low complexity seeds...  [0.044s]
Searching alignments...  [1.509s]
Deallocating memory...  [0s]
Processing query block 1, reference block 2/9, shape 11/16, index chunk 3/4.
Building reference seed array...  [1.03s]
Building query seed array...  [0.067s]
Computing hash join...  [0.211s]
Masking low complexity seeds...  [0.046s]
Searching alignments...  [1.504s]
Deallocating memory...  [0s]
Processing query block 1, reference block 2/9, shape 11/16, index chunk 4/4.
Building reference seed array...  [0.748s]
Building query seed array...  [0.072s]
Computing hash join...  [0.208s]
Masking low complexity seeds...  [0.044s]
Searching alignments...  [1.497s]
Deallocating memory...  [0s]
Processing query block 1, reference block 2/9, shape 12/16, index chunk 1/4.
Building reference seed array...  [0.764s]
Building query seed array...  [0.051s]
Computing hash join...  [0.208s]
Masking low complexity seeds...  [0.045s]
Searching alignments...  [1.459s]
Deallocating memory...  [0s]
Processing query block 1, reference block 2/9, shape 12/16, index chunk 2/4.
Building reference seed array...  [0.92s]
Building query seed array...  [0.061s]
Computing hash join...  [0.204s]
Masking low complexity seeds...  [0.045s]
Searching alignments...  [1.511s]
Deallocating memory...  [0s]
Processing query block 1, reference block 2/9, shape 12/16, index chunk 3/4.
Building reference seed array...  [1.038s]
Building query seed array...  [0.066s]
Computing hash join...  [0.209s]
Masking low complexity seeds...  [0.044s]
Searching alignments...  [1.442s]
Deallocating memory...  [0s]
Processing query block 1, reference block 2/9, shape 12/16, index chunk 4/4.
Building reference seed array...  [0.755s]
Building query seed array...  [0.072s]
Computing hash join...  [0.201s]
Masking low complexity seeds...  [0.044s]
Searching alignments...  [1.531s]
Deallocating memory...  [0s]
Processing query block 1, reference block 2/9, shape 13/16, index chunk 1/4.
Building reference seed array...  [0.771s]
Building query seed array...  [0.051s]
Computing hash join...  [0.205s]
Masking low complexity seeds...  [0.045s]
Searching alignments...  [1.434s]
Deallocating memory...  [0s]
Processing query block 1, reference block 2/9, shape 13/16, index chunk 2/4.
Building reference seed array...  [0.925s]
Building query seed array...  [0.06s]
Computing hash join...  [0.205s]
Masking low complexity seeds...  [0.045s]
Searching alignments...  [1.449s]
Deallocating memory...  [0s]
Processing query block 1, reference block 2/9, shape 13/16, index chunk 3/4.
Building reference seed array...  [1.029s]
Building query seed array...  [0.08s]
Computing hash join...  [0.21s]
Masking low complexity seeds...  [0.044s]
Searching alignments...  [1.475s]
Deallocating memory...  [0s]
Processing query block 1, reference block 2/9, shape 13/16, index chunk 4/4.
Building reference seed array...  [0.743s]
Building query seed array...  [0.052s]
Computing hash join...  [0.201s]
Masking low complexity seeds...  [0.045s]
Searching alignments...  [1.448s]
Deallocating memory...  [0s]
Processing query block 1, reference block 2/9, shape 14/16, index chunk 1/4.
Building reference seed array...  [0.766s]
Building query seed array...  [0.053s]
Computing hash join...  [0.206s]
Masking low complexity seeds...  [0.044s]
Searching alignments...  [1.471s]
Deallocating memory...  [0s]
Processing query block 1, reference block 2/9, shape 14/16, index chunk 2/4.
Building reference seed array...  [0.926s]
Building query seed array...  [0.061s]
Computing hash join...  [0.208s]
Masking low complexity seeds...  [0.045s]
Searching alignments...  [1.586s]
Deallocating memory...  [0s]
Processing query block 1, reference block 2/9, shape 14/16, index chunk 3/4.
Building reference seed array...  [1.042s]
Building query seed array...  [0.086s]
Computing hash join...  [0.21s]
Masking low complexity seeds...  [0.044s]
Searching alignments...  [1.535s]
Deallocating memory...  [0s]
Processing query block 1, reference block 2/9, shape 14/16, index chunk 4/4.
Building reference seed array...  [0.762s]
Building query seed array...  [0.05s]
Computing hash join...  [0.212s]
Masking low complexity seeds...  [0.045s]
Searching alignments...  [1.496s]
Deallocating memory...  [0s]
Processing query block 1, reference block 2/9, shape 15/16, index chunk 1/4.
Building reference seed array...  [0.767s]
Building query seed array...  [0.066s]
Computing hash join...  [0.206s]
Masking low complexity seeds...  [0.044s]
Searching alignments...  [1.621s]
Deallocating memory...  [0s]
Processing query block 1, reference block 2/9, shape 15/16, index chunk 2/4.
Building reference seed array...  [0.923s]
Building query seed array...  [0.072s]
Computing hash join...  [0.204s]
Masking low complexity seeds...  [0.044s]
Searching alignments...  [1.503s]
Deallocating memory...  [0s]
Processing query block 1, reference block 2/9, shape 15/16, index chunk 3/4.
Building reference seed array...  [1.024s]
Building query seed array...  [0.066s]
Computing hash join...  [0.205s]
Masking low complexity seeds...  [0.045s]
Searching alignments...  [1.488s]
Deallocating memory...  [0s]
Processing query block 1, reference block 2/9, shape 15/16, index chunk 4/4.
Building reference seed array...  [0.749s]
Building query seed array...  [0.071s]
Computing hash join...  [0.203s]
Masking low complexity seeds...  [0.045s]
Searching alignments...  [1.474s]
Deallocating memory...  [0s]
Processing query block 1, reference block 2/9, shape 16/16, index chunk 1/4.
Building reference seed array...  [0.784s]
Building query seed array...  [0.067s]
Computing hash join...  [0.201s]
Masking low complexity seeds...  [0.044s]
Searching alignments...  [1.46s]
Deallocating memory...  [0s]
Processing query block 1, reference block 2/9, shape 16/16, index chunk 2/4.
Building reference seed array...  [0.926s]
Building query seed array...  [0.059s]
Computing hash join...  [0.205s]
Masking low complexity seeds...  [0.046s]
Searching alignments...  [1.457s]
Deallocating memory...  [0.004s]
Processing query block 1, reference block 2/9, shape 16/16, index chunk 3/4.
Building reference seed array...  [1.038s]
Building query seed array...  [0.064s]
Computing hash join...  [0.204s]
Masking low complexity seeds...  [0.044s]
Searching alignments...  [1.489s]
Deallocating memory...  [0s]
Processing query block 1, reference block 2/9, shape 16/16, index chunk 4/4.
Building reference seed array...  [0.745s]
Building query seed array...  [0.05s]
Computing hash join...  [0.207s]
Masking low complexity seeds...  [0.044s]
Searching alignments...  [1.533s]
Deallocating memory...  [0s]
Deallocating buffers...  [0.014s]
Clearing query masking...  [0.038s]
Opening temporary output file...  [0s]
Computing alignments... Loading trace points...  [4.523s]
Sorting trace points...  [0.378s]
Computing alignments...  [10.957s]
Deallocating buffers...  [0.015s]
Loading trace points...  [0s]
 [16.411s]
Deallocating reference...  [0.009s]
Loading reference sequences...  [3.614s]
Masking reference...  [2.847s]
Initializing dictionary...  [0.003s]
Initializing temporary storage...  [0.001s]
Building reference histograms...  [12.091s]
Allocating buffers...  [0.003s]
Processing query block 1, reference block 3/9, shape 1/16, index chunk 1/4.
Building reference seed array...  [1.492s]
Building query seed array...  [0.153s]
Computing hash join...  [0.228s]
Masking low complexity seeds...  [0.045s]
Searching alignments...  [1.614s]
Deallocating memory...  [0s]
Processing query block 1, reference block 3/9, shape 1/16, index chunk 2/4.
Building reference seed array...  [0.963s]
Building query seed array...  [0.062s]
Computing hash join...  [0.22s]
Masking low complexity seeds...  [0.045s]
Searching alignments...  [1.559s]
Deallocating memory...  [0s]
Processing query block 1, reference block 3/9, shape 1/16, index chunk 3/4.
Building reference seed array...  [1.069s]
Building query seed array...  [0.066s]
Computing hash join...  [0.225s]
Masking low complexity seeds...  [0.045s]
Searching alignments...  [1.557s]
Deallocating memory...  [0s]
Processing query block 1, reference block 3/9, shape 1/16, index chunk 4/4.
Building reference seed array...  [0.755s]
Building query seed array...  [0.049s]
Computing hash join...  [0.219s]
Masking low complexity seeds...  [0.044s]
Searching alignments...  [1.515s]
Deallocating memory...  [0s]
Processing query block 1, reference block 3/9, shape 2/16, index chunk 1/4.
Building reference seed array...  [0.779s]
Building query seed array...  [0.048s]
Computing hash join...  [0.21s]
Masking low complexity seeds...  [0.044s]
Searching alignments...  [1.506s]
Deallocating memory...  [0s]
Processing query block 1, reference block 3/9, shape 2/16, index chunk 2/4.
Building reference seed array...  [0.926s]
Building query seed array...  [0.07s]
Computing hash join...  [0.208s]
Masking low complexity seeds...  [0.044s]
Searching alignments...  [1.426s]
Deallocating memory...  [0s]
Processing query block 1, reference block 3/9, shape 2/16, index chunk 3/4.
Building reference seed array...  [1.032s]
Building query seed array...  [0.061s]
Computing hash join...  [0.209s]
Masking low complexity seeds...  [0.045s]
Searching alignments...  [1.488s]
Deallocating memory...  [0s]
Processing query block 1, reference block 3/9, shape 2/16, index chunk 4/4.
Building reference seed array...  [0.736s]
Building query seed array...  [0.048s]
Computing hash join...  [0.205s]
Masking low complexity seeds...  [0.045s]
Searching alignments...  [1.426s]
Deallocating memory...  [0s]
Processing query block 1, reference block 3/9, shape 3/16, index chunk 1/4.
Building reference seed array...  [0.799s]
Building query seed array...  [0.072s]
Computing hash join...  [0.218s]
Masking low complexity seeds...  [0.045s]
Searching alignments...  [1.604s]
Deallocating memory...  [0s]
Processing query block 1, reference block 3/9, shape 3/16, index chunk 2/4.
Building reference seed array...  [0.931s]
Building query seed array...  [0.058s]
Computing hash join...  [0.217s]
Masking low complexity seeds...  [0.045s]
Searching alignments...  [1.557s]
Deallocating memory...  [0s]
Processing query block 1, reference block 3/9, shape 3/16, index chunk 3/4.
Building reference seed array...  [1.046s]
Building query seed array...  [0.076s]
Computing hash join...  [0.22s]
Masking low complexity seeds...  [0.045s]
Searching alignments...  [1.551s]
Deallocating memory...  [0s]
Processing query block 1, reference block 3/9, shape 3/16, index chunk 4/4.
Building reference seed array...  [0.75s]
Building query seed array...  [0.048s]
Computing hash join...  [0.217s]
Masking low complexity seeds...  [0.046s]
Searching alignments...  [1.522s]
Deallocating memory...  [0s]
Processing query block 1, reference block 3/9, shape 4/16, index chunk 1/4.
Building reference seed array...  [0.777s]
Building query seed array...  [0.072s]
Computing hash join...  [0.215s]
Masking low complexity seeds...  [0.044s]
Searching alignments...  [1.507s]
Deallocating memory...  [0s]
Processing query block 1, reference block 3/9, shape 4/16, index chunk 2/4.
Building reference seed array...  [0.964s]
Building query seed array...  [0.058s]
Computing hash join...  [0.218s]
Masking low complexity seeds...  [0.044s]
Searching alignments...  [2.211s]
Deallocating memory...  [0s]
Processing query block 1, reference block 3/9, shape 4/16, index chunk 3/4.
Building reference seed array...  [1.049s]
Building query seed array...  [0.077s]
Computing hash join...  [0.216s]
Masking low complexity seeds...  [0.044s]
Searching alignments...  [1.504s]
Deallocating memory...  [0s]
Processing query block 1, reference block 3/9, shape 4/16, index chunk 4/4.
Building reference seed array...  [0.761s]
Building query seed array...  [0.067s]
Computing hash join...  [0.216s]
Masking low complexity seeds...  [0.045s]
Searching alignments...  [1.502s]
Deallocating memory...  [0s]
Processing query block 1, reference block 3/9, shape 5/16, index chunk 1/4.
Building reference seed array...  [0.763s]
Building query seed array...  [0.051s]
Computing hash join...  [0.208s]
Masking low complexity seeds...  [0.045s]
Searching alignments...  [1.466s]
Deallocating memory...  [0s]
Processing query block 1, reference block 3/9, shape 5/16, index chunk 2/4.
Building reference seed array...  [0.933s]
Building query seed array...  [0.081s]
Computing hash join...  [0.212s]
Masking low complexity seeds...  [0.044s]
Searching alignments...  [1.528s]
Deallocating memory...  [0s]
Processing query block 1, reference block 3/9, shape 5/16, index chunk 3/4.
Building reference seed array...  [1.051s]
Building query seed array...  [0.065s]
Computing hash join...  [0.21s]
Masking low complexity seeds...  [0.046s]
Searching alignments...  [1.497s]
Deallocating memory...  [0s]
Processing query block 1, reference block 3/9, shape 5/16, index chunk 4/4.
Building reference seed array...  [0.745s]
Building query seed array...  [0.048s]
Computing hash join...  [0.206s]
Masking low complexity seeds...  [0.045s]
Searching alignments...  [1.438s]
Deallocating memory...  [0s]
Processing query block 1, reference block 3/9, shape 6/16, index chunk 1/4.
Building reference seed array...  [0.757s]
Building query seed array...  [0.051s]
Computing hash join...  [0.207s]
Masking low complexity seeds...  [0.045s]
Searching alignments...  [1.471s]
Deallocating memory...  [0s]
Processing query block 1, reference block 3/9, shape 6/16, index chunk 2/4.
Building reference seed array...  [0.936s]
Building query seed array...  [0.06s]
Computing hash join...  [0.211s]
Masking low complexity seeds...  [0.045s]
Searching alignments...  [1.539s]
Deallocating memory...  [0s]
Processing query block 1, reference block 3/9, shape 6/16, index chunk 3/4.
Building reference seed array...  [1.035s]
Building query seed array...  [0.068s]
Computing hash join...  [0.212s]
Masking low complexity seeds...  [0.045s]
Searching alignments...  [1.506s]
Deallocating memory...  [0s]
Processing query block 1, reference block 3/9, shape 6/16, index chunk 4/4.
Building reference seed array...  [0.762s]
Building query seed array...  [0.052s]
Computing hash join...  [0.207s]
Masking low complexity seeds...  [0.044s]
Searching alignments...  [1.755s]
Deallocating memory...  [0s]
Processing query block 1, reference block 3/9, shape 7/16, index chunk 1/4.
Building reference seed array...  [0.757s]
Building query seed array...  [0.068s]
Computing hash join...  [0.21s]
Masking low complexity seeds...  [0.043s]
Searching alignments...  [1.515s]
Deallocating memory...  [0s]
Processing query block 1, reference block 3/9, shape 7/16, index chunk 2/4.
Building reference seed array...  [0.927s]
Building query seed array...  [0.062s]
Computing hash join...  [0.207s]
Masking low complexity seeds...  [0.045s]
Searching alignments...  [1.441s]
Deallocating memory...  [0s]
Processing query block 1, reference block 3/9, shape 7/16, index chunk 3/4.
Building reference seed array...  [1.039s]
Building query seed array...  [0.08s]
Computing hash join...  [0.205s]
Masking low complexity seeds...  [0.044s]
Searching alignments...  [1.457s]
Deallocating memory...  [0s]
Processing query block 1, reference block 3/9, shape 7/16, index chunk 4/4.
Building reference seed array...  [0.744s]
Building query seed array...  [0.072s]
Computing hash join...  [0.206s]
Masking low complexity seeds...  [0.045s]
Searching alignments...  [1.433s]
Deallocating memory...  [0s]
Processing query block 1, reference block 3/9, shape 8/16, index chunk 1/4.
Building reference seed array...  [0.773s]
Building query seed array...  [0.051s]
Computing hash join...  [0.207s]
Masking low complexity seeds...  [0.045s]
Searching alignments...  [1.45s]
Deallocating memory...  [0s]
Processing query block 1, reference block 3/9, shape 8/16, index chunk 2/4.
Building reference seed array...  [0.942s]
Building query seed array...  [0.075s]
Computing hash join...  [0.209s]
Masking low complexity seeds...  [0.046s]
Searching alignments...  [1.539s]
Deallocating memory...  [0s]
Processing query block 1, reference block 3/9, shape 8/16, index chunk 3/4.
Building reference seed array...  [1.035s]
Building query seed array...  [0.075s]
Computing hash join...  [0.207s]
Masking low complexity seeds...  [0.044s]
Searching alignments...  [1.463s]
Deallocating memory...  [0s]
Processing query block 1, reference block 3/9, shape 8/16, index chunk 4/4.
Building reference seed array...  [0.745s]
Building query seed array...  [0.048s]
Computing hash join...  [0.205s]
Masking low complexity seeds...  [0.045s]
Searching alignments...  [1.463s]
Deallocating memory...  [0s]
Processing query block 1, reference block 3/9, shape 9/16, index chunk 1/4.
Building reference seed array...  [0.757s]
Building query seed array...  [0.049s]
Computing hash join...  [0.214s]
Masking low complexity seeds...  [0.046s]
Searching alignments...  [1.474s]
Deallocating memory...  [0s]
Processing query block 1, reference block 3/9, shape 9/16, index chunk 2/4.
Building reference seed array...  [0.94s]
Building query seed array...  [0.071s]
Computing hash join...  [0.217s]
Masking low complexity seeds...  [0.045s]
Searching alignments...  [1.47s]
Deallocating memory...  [0s]
Processing query block 1, reference block 3/9, shape 9/16, index chunk 3/4.
Building reference seed array...  [1.057s]
Building query seed array...  [0.067s]
Computing hash join...  [0.219s]
Masking low complexity seeds...  [0.045s]
Searching alignments...  [1.498s]
Deallocating memory...  [0s]
Processing query block 1, reference block 3/9, shape 9/16, index chunk 4/4.
Building reference seed array...  [0.763s]
Building query seed array...  [0.07s]
Computing hash join...  [0.214s]
Masking low complexity seeds...  [0.044s]
Searching alignments...  [1.492s]
Deallocating memory...  [0s]
Processing query block 1, reference block 3/9, shape 10/16, index chunk 1/4.
Building reference seed array...  [0.764s]
Building query seed array...  [0.048s]
Computing hash join...  [0.204s]
Masking low complexity seeds...  [0.046s]
Searching alignments...  [1.432s]
Deallocating memory...  [0s]
Processing query block 1, reference block 3/9, shape 10/16, index chunk 2/4.
Building reference seed array...  [0.914s]
Building query seed array...  [0.056s]
Computing hash join...  [0.205s]
Masking low complexity seeds...  [0.044s]
Searching alignments...  [1.435s]
Deallocating memory...  [0s]
Processing query block 1, reference block 3/9, shape 10/16, index chunk 3/4.
Building reference seed array...  [1.071s]
Building query seed array...  [0.078s]
Computing hash join...  [0.207s]
Masking low complexity seeds...  [0.044s]
Searching alignments...  [1.441s]
Deallocating memory...  [0s]
Processing query block 1, reference block 3/9, shape 10/16, index chunk 4/4.
Building reference seed array...  [0.731s]
Building query seed array...  [0.051s]
Computing hash join...  [0.202s]
Masking low complexity seeds...  [0.046s]
Searching alignments...  [1.521s]
Deallocating memory...  [0s]
Processing query block 1, reference block 3/9, shape 11/16, index chunk 1/4.
Building reference seed array...  [0.783s]
Building query seed array...  [0.052s]
Computing hash join...  [0.21s]
Masking low complexity seeds...  [0.044s]
Searching alignments...  [1.612s]
Deallocating memory...  [0s]
Processing query block 1, reference block 3/9, shape 11/16, index chunk 2/4.
Building reference seed array...  [0.932s]
Building query seed array...  [0.062s]
Computing hash join...  [0.213s]
Masking low complexity seeds...  [0.045s]
Searching alignments...  [1.506s]
Deallocating memory...  [0s]
Processing query block 1, reference block 3/9, shape 11/16, index chunk 3/4.
Building reference seed array...  [1.04s]
Building query seed array...  [0.066s]
Computing hash join...  [0.212s]
Masking low complexity seeds...  [0.045s]
Searching alignments...  [1.515s]
Deallocating memory...  [0s]
Processing query block 1, reference block 3/9, shape 11/16, index chunk 4/4.
Building reference seed array...  [0.75s]
Building query seed array...  [0.051s]
Computing hash join...  [0.208s]
Masking low complexity seeds...  [0.045s]
Searching alignments...  [1.515s]
Deallocating memory...  [0s]
Processing query block 1, reference block 3/9, shape 12/16, index chunk 1/4.
Building reference seed array...  [0.753s]
Building query seed array...  [0.048s]
Computing hash join...  [0.202s]
Masking low complexity seeds...  [0.045s]
Searching alignments...  [1.407s]
Deallocating memory...  [0s]
Processing query block 1, reference block 3/9, shape 12/16, index chunk 2/4.
Building reference seed array...  [0.923s]
Building query seed array...  [0.08s]
Computing hash join...  [0.21s]
Masking low complexity seeds...  [0.044s]
Searching alignments...  [1.446s]
Deallocating memory...  [0s]
Processing query block 1, reference block 3/9, shape 12/16, index chunk 3/4.
Building reference seed array...  [1.032s]
Building query seed array...  [0.065s]
Computing hash join...  [0.208s]
Masking low complexity seeds...  [0.045s]
Searching alignments...  [1.448s]
Deallocating memory...  [0s]
Processing query block 1, reference block 3/9, shape 12/16, index chunk 4/4.
Building reference seed array...  [0.736s]
Building query seed array...  [0.051s]
Computing hash join...  [0.202s]
Masking low complexity seeds...  [0.044s]
Searching alignments...  [1.51s]
Deallocating memory...  [0s]
Processing query block 1, reference block 3/9, shape 13/16, index chunk 1/4.
Building reference seed array...  [0.761s]
Building query seed array...  [0.053s]
Computing hash join...  [0.203s]
Masking low complexity seeds...  [0.045s]
Searching alignments...  [1.465s]
Deallocating memory...  [0s]
Processing query block 1, reference block 3/9, shape 13/16, index chunk 2/4.
Building reference seed array...  [0.914s]
Building query seed array...  [0.056s]
Computing hash join...  [0.204s]
Masking low complexity seeds...  [0.045s]
Searching alignments...  [1.471s]
Deallocating memory...  [0s]
Processing query block 1, reference block 3/9, shape 13/16, index chunk 3/4.
Building reference seed array...  [1.028s]
Building query seed array...  [0.064s]
Computing hash join...  [0.209s]
Masking low complexity seeds...  [0.045s]
Searching alignments...  [1.468s]
Deallocating memory...  [0s]
Processing query block 1, reference block 3/9, shape 13/16, index chunk 4/4.
Building reference seed array...  [0.737s]
Building query seed array...  [0.052s]
Computing hash join...  [0.206s]
Masking low complexity seeds...  [0.045s]
Searching alignments...  [1.416s]
Deallocating memory...  [0s]
Processing query block 1, reference block 3/9, shape 14/16, index chunk 1/4.
Building reference seed array...  [0.778s]
Building query seed array...  [0.067s]
Computing hash join...  [0.206s]
Masking low complexity seeds...  [0.044s]
Searching alignments...  [1.453s]
Deallocating memory...  [0s]
Processing query block 1, reference block 3/9, shape 14/16, index chunk 2/4.
Building reference seed array...  [0.927s]
Building query seed array...  [0.06s]
Computing hash join...  [0.207s]
Masking low complexity seeds...  [0.045s]
Searching alignments...  [1.468s]
Deallocating memory...  [0s]
Processing query block 1, reference block 3/9, shape 14/16, index chunk 3/4.
Building reference seed array...  [1.027s]
Building query seed array...  [0.061s]
Computing hash join...  [0.207s]
Masking low complexity seeds...  [0.046s]
Searching alignments...  [1.512s]
Deallocating memory...  [0s]
Processing query block 1, reference block 3/9, shape 14/16, index chunk 4/4.
Building reference seed array...  [0.745s]
Building query seed array...  [0.047s]
Computing hash join...  [0.203s]
Masking low complexity seeds...  [0.046s]
Searching alignments...  [1.438s]
Deallocating memory...  [0s]
Processing query block 1, reference block 3/9, shape 15/16, index chunk 1/4.
Building reference seed array...  [0.755s]
Building query seed array...  [0.049s]
Computing hash join...  [0.204s]
Masking low complexity seeds...  [0.046s]
Searching alignments...  [1.589s]
Deallocating memory...  [0s]
Processing query block 1, reference block 3/9, shape 15/16, index chunk 2/4.
Building reference seed array...  [0.934s]
Building query seed array...  [0.059s]
Computing hash join...  [0.206s]
Masking low complexity seeds...  [0.045s]
Searching alignments...  [1.477s]
Deallocating memory...  [0s]
Processing query block 1, reference block 3/9, shape 15/16, index chunk 3/4.
Building reference seed array...  [1.052s]
Building query seed array...  [0.066s]
Computing hash join...  [0.21s]
Masking low complexity seeds...  [0.045s]
Searching alignments...  [1.453s]
Deallocating memory...  [0s]
Processing query block 1, reference block 3/9, shape 15/16, index chunk 4/4.
Building reference seed array...  [0.754s]
Building query seed array...  [0.072s]
Computing hash join...  [0.206s]
Masking low complexity seeds...  [0.043s]
Searching alignments...  [1.466s]
Deallocating memory...  [0s]
Processing query block 1, reference block 3/9, shape 16/16, index chunk 1/4.
Building reference seed array...  [0.752s]
Building query seed array...  [0.048s]
Computing hash join...  [0.202s]
Masking low complexity seeds...  [0.045s]
Searching alignments...  [1.468s]
Deallocating memory...  [0s]
Processing query block 1, reference block 3/9, shape 16/16, index chunk 2/4.
Building reference seed array...  [0.914s]
Building query seed array...  [0.056s]
Computing hash join...  [0.204s]
Masking low complexity seeds...  [0.045s]
Searching alignments...  [1.423s]
Deallocating memory...  [0s]
Processing query block 1, reference block 3/9, shape 16/16, index chunk 3/4.
Building reference seed array...  [1.032s]
Building query seed array...  [0.076s]
Computing hash join...  [0.209s]
Masking low complexity seeds...  [0.043s]
Searching alignments...  [1.46s]
Deallocating memory...  [0s]
Processing query block 1, reference block 3/9, shape 16/16, index chunk 4/4.
Building reference seed array...  [0.74s]
Building query seed array...  [0.047s]
Computing hash join...  [0.207s]
Masking low complexity seeds...  [0.044s]
Searching alignments...  [1.407s]
Deallocating memory...  [0s]
Deallocating buffers...  [0.009s]
Clearing query masking...  [0.045s]
Opening temporary output file...  [0s]
Computing alignments... Loading trace points...  [4.543s]
Sorting trace points...  [0.384s]
Computing alignments...  [9.741s]
Deallocating buffers...  [0.016s]
Loading trace points...  [0s]
 [15.244s]
Deallocating reference...  [0.01s]
Loading reference sequences...  [3.983s]
Masking reference...  [2.917s]
Initializing dictionary...  [0.005s]
Initializing temporary storage...  [0.001s]
Building reference histograms...  [13.338s]
Allocating buffers...  [0.002s]
Processing query block 1, reference block 4/9, shape 1/16, index chunk 1/4.
Building reference seed array...  [1.455s]
Building query seed array...  [0.148s]
Computing hash join...  [0.232s]
Masking low complexity seeds...  [0.046s]
Searching alignments...  [1.577s]
Deallocating memory...  [0s]
Processing query block 1, reference block 4/9, shape 1/16, index chunk 2/4.
Building reference seed array...  [0.961s]
Building query seed array...  [0.077s]
Computing hash join...  [0.227s]
Masking low complexity seeds...  [0.044s]
Searching alignments...  [1.567s]
Deallocating memory...  [0s]
Processing query block 1, reference block 4/9, shape 1/16, index chunk 3/4.
Building reference seed array...  [1.065s]
Building query seed array...  [0.076s]
Computing hash join...  [0.221s]
Masking low complexity seeds...  [0.044s]
Searching alignments...  [1.556s]
Deallocating memory...  [0s]
Processing query block 1, reference block 4/9, shape 1/16, index chunk 4/4.
Building reference seed array...  [0.765s]
Building query seed array...  [0.056s]
Computing hash join...  [0.221s]
Masking low complexity seeds...  [0.044s]
Searching alignments...  [2.476s]
Deallocating memory...  [0s]
Processing query block 1, reference block 4/9, shape 2/16, index chunk 1/4.
Building reference seed array...  [0.771s]
Building query seed array...  [0.048s]
Computing hash join...  [0.204s]
Masking low complexity seeds...  [0.045s]
Searching alignments...  [1.448s]
Deallocating memory...  [0s]
Processing query block 1, reference block 4/9, shape 2/16, index chunk 2/4.
Building reference seed array...  [0.948s]
Building query seed array...  [0.071s]
Computing hash join...  [0.206s]
Masking low complexity seeds...  [0.044s]
Searching alignments...  [1.468s]
Deallocating memory...  [0s]
Processing query block 1, reference block 4/9, shape 2/16, index chunk 3/4.
Building reference seed array...  [1.071s]
Building query seed array...  [0.08s]
Computing hash join...  [0.207s]
Masking low complexity seeds...  [0.045s]
Searching alignments...  [1.487s]
Deallocating memory...  [0s]
Processing query block 1, reference block 4/9, shape 2/16, index chunk 4/4.
Building reference seed array...  [0.746s]
Building query seed array...  [0.05s]
Computing hash join...  [0.204s]
Masking low complexity seeds...  [0.045s]
Searching alignments...  [1.451s]
Deallocating memory...  [0s]
Processing query block 1, reference block 4/9, shape 3/16, index chunk 1/4.
Building reference seed array...  [0.787s]
Building query seed array...  [0.069s]
Computing hash join...  [0.222s]
Masking low complexity seeds...  [0.046s]
Searching alignments...  [1.572s]
Deallocating memory...  [0s]
Processing query block 1, reference block 4/9, shape 3/16, index chunk 2/4.
Building reference seed array...  [0.948s]
Building query seed array...  [0.058s]
Computing hash join...  [0.221s]
Masking low complexity seeds...  [0.044s]
Searching alignments...  [1.562s]
Deallocating memory...  [0s]
Processing query block 1, reference block 4/9, shape 3/16, index chunk 3/4.
Building reference seed array...  [1.063s]
Building query seed array...  [0.076s]
Computing hash join...  [0.224s]
Masking low complexity seeds...  [0.044s]
Searching alignments...  [1.563s]
Deallocating memory...  [0s]
Processing query block 1, reference block 4/9, shape 3/16, index chunk 4/4.
Building reference seed array...  [0.754s]
Building query seed array...  [0.049s]
Computing hash join...  [0.221s]
Masking low complexity seeds...  [0.046s]
Searching alignments...  [1.503s]
Deallocating memory...  [0s]
Processing query block 1, reference block 4/9, shape 4/16, index chunk 1/4.
Building reference seed array...  [0.783s]
Building query seed array...  [0.05s]
Computing hash join...  [0.219s]
Masking low complexity seeds...  [0.045s]
Searching alignments...  [1.547s]
Deallocating memory...  [0s]
Processing query block 1, reference block 4/9, shape 4/16, index chunk 2/4.
Building reference seed array...  [0.934s]
Building query seed array...  [0.067s]
Computing hash join...  [0.219s]
Masking low complexity seeds...  [0.045s]
Searching alignments...  [2.204s]
Deallocating memory...  [0s]
Processing query block 1, reference block 4/9, shape 4/16, index chunk 3/4.
Building reference seed array...  [1.063s]
Building query seed array...  [0.081s]
Computing hash join...  [0.221s]
Masking low complexity seeds...  [0.045s]
Searching alignments...  [1.539s]
Deallocating memory...  [0s]
Processing query block 1, reference block 4/9, shape 4/16, index chunk 4/4.
Building reference seed array...  [0.742s]
Building query seed array...  [0.048s]
Computing hash join...  [0.217s]
Masking low complexity seeds...  [0.045s]
Searching alignments...  [1.577s]
Deallocating memory...  [0s]
Processing query block 1, reference block 4/9, shape 5/16, index chunk 1/4.
Building reference seed array...  [0.785s]
Building query seed array...  [0.052s]
Computing hash join...  [0.207s]
Masking low complexity seeds...  [0.044s]
Searching alignments...  [1.495s]
Deallocating memory...  [0s]
Processing query block 1, reference block 4/9, shape 5/16, index chunk 2/4.
Building reference seed array...  [0.945s]
Building query seed array...  [0.057s]
Computing hash join...  [0.21s]
Masking low complexity seeds...  [0.045s]
Searching alignments...  [1.513s]
Deallocating memory...  [0s]
Processing query block 1, reference block 4/9, shape 5/16, index chunk 3/4.
Building reference seed array...  [1.054s]
Building query seed array...  [0.062s]
Computing hash join...  [0.207s]
Masking low complexity seeds...  [0.044s]
Searching alignments...  [1.565s]
Deallocating memory...  [0s]
Processing query block 1, reference block 4/9, shape 5/16, index chunk 4/4.
Building reference seed array...  [0.751s]
Building query seed array...  [0.048s]
Computing hash join...  [0.208s]
Masking low complexity seeds...  [0.043s]
Searching alignments...  [1.556s]
Deallocating memory...  [0s]
Processing query block 1, reference block 4/9, shape 6/16, index chunk 1/4.
Building reference seed array...  [0.766s]
Building query seed array...  [0.05s]
Computing hash join...  [0.212s]
Masking low complexity seeds...  [0.048s]
Searching alignments...  [1.53s]
Deallocating memory...  [0s]
Processing query block 1, reference block 4/9, shape 6/16, index chunk 2/4.
Building reference seed array...  [0.928s]
Building query seed array...  [0.058s]
Computing hash join...  [0.212s]
Masking low complexity seeds...  [0.045s]
Searching alignments...  [1.556s]
Deallocating memory...  [0s]
Processing query block 1, reference block 4/9, shape 6/16, index chunk 3/4.
Building reference seed array...  [1.039s]
Building query seed array...  [0.08s]
Computing hash join...  [0.213s]
Masking low complexity seeds...  [0.045s]
Searching alignments...  [1.458s]
Deallocating memory...  [0s]
Processing query block 1, reference block 4/9, shape 6/16, index chunk 4/4.
Building reference seed array...  [0.755s]
Building query seed array...  [0.069s]
Computing hash join...  [0.211s]
Masking low complexity seeds...  [0.045s]
Searching alignments...  [1.689s]
Deallocating memory...  [0s]
Processing query block 1, reference block 4/9, shape 7/16, index chunk 1/4.
Building reference seed array...  [0.778s]
Building query seed array...  [0.048s]
Computing hash join...  [0.208s]
Masking low complexity seeds...  [0.044s]
Searching alignments...  [1.493s]
Deallocating memory...  [0s]
Processing query block 1, reference block 4/9, shape 7/16, index chunk 2/4.
Building reference seed array...  [0.933s]
Building query seed array...  [0.056s]
Computing hash join...  [0.204s]
Masking low complexity seeds...  [0.045s]
Searching alignments...  [1.425s]
Deallocating memory...  [0s]
Processing query block 1, reference block 4/9, shape 7/16, index chunk 3/4.
Building reference seed array...  [1.024s]
Building query seed array...  [0.076s]
Computing hash join...  [0.21s]
Masking low complexity seeds...  [0.044s]
Searching alignments...  [1.503s]
Deallocating memory...  [0s]
Processing query block 1, reference block 4/9, shape 7/16, index chunk 4/4.
Building reference seed array...  [0.757s]
Building query seed array...  [0.047s]
Computing hash join...  [0.203s]
Masking low complexity seeds...  [0.044s]
Searching alignments...  [1.459s]
Deallocating memory...  [0s]
Processing query block 1, reference block 4/9, shape 8/16, index chunk 1/4.
Building reference seed array...  [0.771s]
Building query seed array...  [0.049s]
Computing hash join...  [0.208s]
Masking low complexity seeds...  [0.046s]
Searching alignments...  [1.478s]
Deallocating memory...  [0s]
Processing query block 1, reference block 4/9, shape 8/16, index chunk 2/4.
Building reference seed array...  [0.93s]
Building query seed array...  [0.057s]
Computing hash join...  [0.208s]
Masking low complexity seeds...  [0.047s]
Searching alignments...  [1.507s]
Deallocating memory...  [0s]
Processing query block 1, reference block 4/9, shape 8/16, index chunk 3/4.
Building reference seed array...  [1.037s]
Building query seed array...  [0.066s]
Computing hash join...  [0.209s]
Masking low complexity seeds...  [0.044s]
Searching alignments...  [1.521s]
Deallocating memory...  [0s]
Processing query block 1, reference block 4/9, shape 8/16, index chunk 4/4.
Building reference seed array...  [0.767s]
Building query seed array...  [0.066s]
Computing hash join...  [0.206s]
Masking low complexity seeds...  [0.045s]
Searching alignments...  [1.529s]
Deallocating memory...  [0s]
Processing query block 1, reference block 4/9, shape 9/16, index chunk 1/4.
Building reference seed array...  [0.77s]
Building query seed array...  [0.049s]
Computing hash join...  [0.212s]
Masking low complexity seeds...  [0.045s]
Searching alignments...  [1.485s]
Deallocating memory...  [0s]
Processing query block 1, reference block 4/9, shape 9/16, index chunk 2/4.
Building reference seed array...  [0.951s]
Building query seed array...  [0.062s]
Computing hash join...  [0.215s]
Masking low complexity seeds...  [0.045s]
Searching alignments...  [1.493s]
Deallocating memory...  [0s]
Processing query block 1, reference block 4/9, shape 9/16, index chunk 3/4.
Building reference seed array...  [1.064s]
Building query seed array...  [0.069s]
Computing hash join...  [0.219s]
Masking low complexity seeds...  [0.045s]
Searching alignments...  [1.508s]
Deallocating memory...  [0s]
Processing query block 1, reference block 4/9, shape 9/16, index chunk 4/4.
Building reference seed array...  [0.77s]
Building query seed array...  [0.074s]
Computing hash join...  [0.215s]
Masking low complexity seeds...  [0.045s]
Searching alignments...  [1.544s]
Deallocating memory...  [0s]
Processing query block 1, reference block 4/9, shape 10/16, index chunk 1/4.
Building reference seed array...  [0.796s]
Building query seed array...  [0.052s]
Computing hash join...  [0.204s]
Masking low complexity seeds...  [0.043s]
Searching alignments...  [1.437s]
Deallocating memory...  [0s]
Processing query block 1, reference block 4/9, shape 10/16, index chunk 2/4.
Building reference seed array...  [0.932s]
Building query seed array...  [0.056s]
Computing hash join...  [0.206s]
Masking low complexity seeds...  [0.045s]
Searching alignments...  [1.426s]
Deallocating memory...  [0s]
Processing query block 1, reference block 4/9, shape 10/16, index chunk 3/4.
Building reference seed array...  [1.029s]
Building query seed array...  [0.064s]
Computing hash join...  [0.206s]
Masking low complexity seeds...  [0.045s]
Searching alignments...  [1.477s]
Deallocating memory...  [0s]
Processing query block 1, reference block 4/9, shape 10/16, index chunk 4/4.
Building reference seed array...  [0.771s]
Building query seed array...  [0.054s]
Computing hash join...  [0.212s]
Masking low complexity seeds...  [0.044s]
Searching alignments...  [1.434s]
Deallocating memory...  [0s]
Processing query block 1, reference block 4/9, shape 11/16, index chunk 1/4.
Building reference seed array...  [0.784s]
Building query seed array...  [0.052s]
Computing hash join...  [0.209s]
Masking low complexity seeds...  [0.046s]
Searching alignments...  [1.522s]
Deallocating memory...  [0s]
Processing query block 1, reference block 4/9, shape 11/16, index chunk 2/4.
Building reference seed array...  [0.942s]
Building query seed array...  [0.06s]
Computing hash join...  [0.214s]
Masking low complexity seeds...  [0.044s]
Searching alignments...  [1.486s]
Deallocating memory...  [0s]
Processing query block 1, reference block 4/9, shape 11/16, index chunk 3/4.
Building reference seed array...  [1.041s]
Building query seed array...  [0.087s]
Computing hash join...  [0.22s]
Masking low complexity seeds...  [0.045s]
Searching alignments...  [1.479s]
Deallocating memory...  [0s]
Processing query block 1, reference block 4/9, shape 11/16, index chunk 4/4.
Building reference seed array...  [0.767s]
Building query seed array...  [0.072s]
Computing hash join...  [0.213s]
Masking low complexity seeds...  [0.046s]
Searching alignments...  [1.466s]
Deallocating memory...  [0s]
Processing query block 1, reference block 4/9, shape 12/16, index chunk 1/4.
Building reference seed array...  [0.783s]
Building query seed array...  [0.051s]
Computing hash join...  [0.207s]
Masking low complexity seeds...  [0.044s]
Searching alignments...  [1.422s]
Deallocating memory...  [0s]
Processing query block 1, reference block 4/9, shape 12/16, index chunk 2/4.
Building reference seed array...  [0.942s]
Building query seed array...  [0.061s]
Computing hash join...  [0.212s]
Masking low complexity seeds...  [0.045s]
Searching alignments...  [1.518s]
Deallocating memory...  [0s]
Processing query block 1, reference block 4/9, shape 12/16, index chunk 3/4.
Building reference seed array...  [1.051s]
Building query seed array...  [0.065s]
Computing hash join...  [0.206s]
Masking low complexity seeds...  [0.044s]
Searching alignments...  [1.413s]
Deallocating memory...  [0s]
Processing query block 1, reference block 4/9, shape 12/16, index chunk 4/4.
Building reference seed array...  [0.751s]
Building query seed array...  [0.071s]
Computing hash join...  [0.208s]
Masking low complexity seeds...  [0.044s]
Searching alignments...  [1.504s]
Deallocating memory...  [0s]
Processing query block 1, reference block 4/9, shape 13/16, index chunk 1/4.
Building reference seed array...  [0.771s]
Building query seed array...  [0.052s]
Computing hash join...  [0.205s]
Masking low complexity seeds...  [0.045s]
Searching alignments...  [1.447s]
Deallocating memory...  [0s]
Processing query block 1, reference block 4/9, shape 13/16, index chunk 2/4.
Building reference seed array...  [0.958s]
Building query seed array...  [0.061s]
Computing hash join...  [0.21s]
Masking low complexity seeds...  [0.044s]
Searching alignments...  [1.43s]
Deallocating memory...  [0s]
Processing query block 1, reference block 4/9, shape 13/16, index chunk 3/4.
Building reference seed array...  [1.055s]
Building query seed array...  [0.064s]
Computing hash join...  [0.205s]
Masking low complexity seeds...  [0.044s]
Searching alignments...  [1.454s]
Deallocating memory...  [0s]
Processing query block 1, reference block 4/9, shape 13/16, index chunk 4/4.
Building reference seed array...  [0.763s]
Building query seed array...  [0.071s]
Computing hash join...  [0.205s]
Masking low complexity seeds...  [0.044s]
Searching alignments...  [1.429s]
Deallocating memory...  [0s]
Processing query block 1, reference block 4/9, shape 14/16, index chunk 1/4.
Building reference seed array...  [0.762s]
Building query seed array...  [0.049s]
Computing hash join...  [0.208s]
Masking low complexity seeds...  [0.045s]
Searching alignments...  [1.472s]
Deallocating memory...  [0s]
Processing query block 1, reference block 4/9, shape 14/16, index chunk 2/4.
Building reference seed array...  [0.938s]
Building query seed array...  [0.057s]
Computing hash join...  [0.208s]
Masking low complexity seeds...  [0.045s]
Searching alignments...  [1.58s]
Deallocating memory...  [0s]
Processing query block 1, reference block 4/9, shape 14/16, index chunk 3/4.
Building reference seed array...  [1.045s]
Building query seed array...  [0.079s]
Computing hash join...  [0.208s]
Masking low complexity seeds...  [0.045s]
Searching alignments...  [1.445s]
Deallocating memory...  [0s]
Processing query block 1, reference block 4/9, shape 14/16, index chunk 4/4.
Building reference seed array...  [0.766s]
Building query seed array...  [0.05s]
Computing hash join...  [0.207s]
Masking low complexity seeds...  [0.044s]
Searching alignments...  [1.438s]
Deallocating memory...  [0s]
Processing query block 1, reference block 4/9, shape 15/16, index chunk 1/4.
Building reference seed array...  [0.779s]
Building query seed array...  [0.05s]
Computing hash join...  [0.207s]
Masking low complexity seeds...  [0.045s]
Searching alignments...  [1.522s]
Deallocating memory...  [0s]
Processing query block 1, reference block 4/9, shape 15/16, index chunk 2/4.
Building reference seed array...  [0.948s]
Building query seed array...  [0.06s]
Computing hash join...  [0.209s]
Masking low complexity seeds...  [0.044s]
Searching alignments...  [1.501s]
Deallocating memory...  [0s]
Processing query block 1, reference block 4/9, shape 15/16, index chunk 3/4.
Building reference seed array...  [1.042s]
Building query seed array...  [0.062s]
Computing hash join...  [0.209s]
Masking low complexity seeds...  [0.044s]
Searching alignments...  [1.452s]
Deallocating memory...  [0s]
Processing query block 1, reference block 4/9, shape 15/16, index chunk 4/4.
Building reference seed array...  [0.758s]
Building query seed array...  [0.048s]
Computing hash join...  [0.21s]
Masking low complexity seeds...  [0.044s]
Searching alignments...  [1.454s]
Deallocating memory...  [0s]
Processing query block 1, reference block 4/9, shape 16/16, index chunk 1/4.
Building reference seed array...  [0.756s]
Building query seed array...  [0.051s]
Computing hash join...  [0.202s]
Masking low complexity seeds...  [0.045s]
Searching alignments...  [1.447s]
Deallocating memory...  [0s]
Processing query block 1, reference block 4/9, shape 16/16, index chunk 2/4.
Building reference seed array...  [0.943s]
Building query seed array...  [0.08s]
Computing hash join...  [0.207s]
Masking low complexity seeds...  [0.044s]
Searching alignments...  [1.5s]
Deallocating memory...  [0s]
Processing query block 1, reference block 4/9, shape 16/16, index chunk 3/4.
Building reference seed array...  [1.052s]
Building query seed array...  [0.062s]
Computing hash join...  [0.21s]
Masking low complexity seeds...  [0.045s]
Searching alignments...  [1.462s]
Deallocating memory...  [0s]
Processing query block 1, reference block 4/9, shape 16/16, index chunk 4/4.
Building reference seed array...  [0.736s]
Building query seed array...  [0.047s]
Computing hash join...  [0.203s]
Masking low complexity seeds...  [0.045s]
Searching alignments...  [1.428s]
Deallocating memory...  [0s]
Deallocating buffers...  [0.009s]
Clearing query masking...  [0.041s]
Opening temporary output file...  [0s]
Computing alignments... Loading trace points...  [4.515s]
Sorting trace points...  [0.343s]
Computing alignments...  [8.689s]
Deallocating buffers...  [0.015s]
Loading trace points...  [0s]
 [14.283s]
Deallocating reference...  [0.013s]
Loading reference sequences...  [4.468s]
Masking reference...  [2.977s]
Initializing dictionary...  [0.012s]
Initializing temporary storage...  [0.002s]
Building reference histograms...  [13.767s]
Allocating buffers...  [0.003s]
Processing query block 1, reference block 5/9, shape 1/16, index chunk 1/4.
Building reference seed array...  [1.454s]
Building query seed array...  [0.142s]
Computing hash join...  [0.223s]
Masking low complexity seeds...  [0.045s]
Searching alignments...  [1.585s]
Deallocating memory...  [0s]
Processing query block 1, reference block 5/9, shape 1/16, index chunk 2/4.
Building reference seed array...  [0.939s]
Building query seed array...  [0.073s]
Computing hash join...  [0.224s]
Masking low complexity seeds...  [0.045s]
Searching alignments...  [1.617s]
Deallocating memory...  [0s]
Processing query block 1, reference block 5/9, shape 1/16, index chunk 3/4.
Building reference seed array...  [1.041s]
Building query seed array...  [0.064s]
Computing hash join...  [0.224s]
Masking low complexity seeds...  [0.045s]
Searching alignments...  [1.497s]
Deallocating memory...  [0s]
Processing query block 1, reference block 5/9, shape 1/16, index chunk 4/4.
Building reference seed array...  [0.761s]
Building query seed array...  [0.052s]
Computing hash join...  [0.229s]
Masking low complexity seeds...  [0.045s]
Searching alignments...  [1.498s]
Deallocating memory...  [0s]
Processing query block 1, reference block 5/9, shape 2/16, index chunk 1/4.
Building reference seed array...  [0.76s]
Building query seed array...  [0.072s]
Computing hash join...  [0.212s]
Masking low complexity seeds...  [0.044s]
Searching alignments...  [1.451s]
Deallocating memory...  [0s]
Processing query block 1, reference block 5/9, shape 2/16, index chunk 2/4.
Building reference seed array...  [0.944s]
Building query seed array...  [0.074s]
Computing hash join...  [0.209s]
Masking low complexity seeds...  [0.044s]
Searching alignments...  [1.453s]
Deallocating memory...  [0s]
Processing query block 1, reference block 5/9, shape 2/16, index chunk 3/4.
Building reference seed array...  [1.027s]
Building query seed array...  [0.061s]
Computing hash join...  [0.207s]
Masking low complexity seeds...  [0.045s]
Searching alignments...  [1.417s]
Deallocating memory...  [0s]
Processing query block 1, reference block 5/9, shape 2/16, index chunk 4/4.
Building reference seed array...  [0.758s]
Building query seed array...  [0.07s]
Computing hash join...  [0.207s]
Masking low complexity seeds...  [0.045s]
Searching alignments...  [1.411s]
Deallocating memory...  [0s]
Processing query block 1, reference block 5/9, shape 3/16, index chunk 1/4.
Building reference seed array...  [0.784s]
Building query seed array...  [0.073s]
Computing hash join...  [0.223s]
Masking low complexity seeds...  [0.046s]
Searching alignments...  [1.515s]
Deallocating memory...  [0s]
Processing query block 1, reference block 5/9, shape 3/16, index chunk 2/4.
Building reference seed array...  [0.934s]
Building query seed array...  [0.058s]
Computing hash join...  [0.22s]
Masking low complexity seeds...  [0.048s]
Searching alignments...  [1.495s]
Deallocating memory...  [0s]
Processing query block 1, reference block 5/9, shape 3/16, index chunk 3/4.
Building reference seed array...  [1.065s]
Building query seed array...  [0.078s]
Computing hash join...  [0.224s]
Masking low complexity seeds...  [0.045s]
Searching alignments...  [1.488s]
Deallocating memory...  [0s]
Processing query block 1, reference block 5/9, shape 3/16, index chunk 4/4.
Building reference seed array...  [0.767s]
Building query seed array...  [0.07s]
Computing hash join...  [0.222s]
Masking low complexity seeds...  [0.045s]
Searching alignments...  [1.506s]
Deallocating memory...  [0s]
Processing query block 1, reference block 5/9, shape 4/16, index chunk 1/4.
Building reference seed array...  [0.774s]
Building query seed array...  [0.069s]
Computing hash join...  [0.219s]
Masking low complexity seeds...  [0.045s]
Searching alignments...  [1.455s]
Deallocating memory...  [0s]
Processing query block 1, reference block 5/9, shape 4/16, index chunk 2/4.
Building reference seed array...  [0.931s]
Building query seed array...  [0.071s]
Computing hash join...  [0.218s]
Masking low complexity seeds...  [0.046s]
Searching alignments...  [1.765s]
Deallocating memory...  [0s]
Processing query block 1, reference block 5/9, shape 4/16, index chunk 3/4.
Building reference seed array...  [1.046s]
Building query seed array...  [0.067s]
Computing hash join...  [0.216s]
Masking low complexity seeds...  [0.045s]
Searching alignments...  [1.476s]
Deallocating memory...  [0s]
Processing query block 1, reference block 5/9, shape 4/16, index chunk 4/4.
Building reference seed array...  [0.769s]
Building query seed array...  [0.07s]
Computing hash join...  [0.218s]
Masking low complexity seeds...  [0.045s]
Searching alignments...  [1.472s]
Deallocating memory...  [0s]
Processing query block 1, reference block 5/9, shape 5/16, index chunk 1/4.
Building reference seed array...  [0.774s]
Building query seed array...  [0.053s]
Computing hash join...  [0.208s]
Masking low complexity seeds...  [0.046s]
Searching alignments...  [1.588s]
Deallocating memory...  [0s]
Processing query block 1, reference block 5/9, shape 5/16, index chunk 2/4.
Building reference seed array...  [0.94s]
Building query seed array...  [0.058s]
Computing hash join...  [0.207s]
Masking low complexity seeds...  [0.046s]
Searching alignments...  [1.45s]
Deallocating memory...  [0s]
Processing query block 1, reference block 5/9, shape 5/16, index chunk 3/4.
Building reference seed array...  [1.065s]
Building query seed array...  [0.067s]
Computing hash join...  [0.208s]
Masking low complexity seeds...  [0.045s]
Searching alignments...  [1.506s]
Deallocating memory...  [0s]
Processing query block 1, reference block 5/9, shape 5/16, index chunk 4/4.
Building reference seed array...  [0.762s]
Building query seed array...  [0.052s]
Computing hash join...  [0.209s]
Masking low complexity seeds...  [0.045s]
Searching alignments...  [1.457s]
Deallocating memory...  [0s]
Processing query block 1, reference block 5/9, shape 6/16, index chunk 1/4.
Building reference seed array...  [0.773s]
Building query seed array...  [0.054s]
Computing hash join...  [0.211s]
Masking low complexity seeds...  [0.045s]
Searching alignments...  [1.49s]
Deallocating memory...  [0s]
Processing query block 1, reference block 5/9, shape 6/16, index chunk 2/4.
Building reference seed array...  [0.946s]
Building query seed array...  [0.061s]
Computing hash join...  [0.211s]
Masking low complexity seeds...  [0.046s]
Searching alignments...  [1.5s]
Deallocating memory...  [0s]
Processing query block 1, reference block 5/9, shape 6/16, index chunk 3/4.
Building reference seed array...  [1.031s]
Building query seed array...  [0.063s]
Computing hash join...  [0.212s]
Masking low complexity seeds...  [0.046s]
Searching alignments...  [1.559s]
Deallocating memory...  [0s]
Processing query block 1, reference block 5/9, shape 6/16, index chunk 4/4.
Building reference seed array...  [0.769s]
Building query seed array...  [0.066s]
Computing hash join...  [0.212s]
Masking low complexity seeds...  [0.045s]
Searching alignments...  [1.574s]
Deallocating memory...  [0s]
Processing query block 1, reference block 5/9, shape 7/16, index chunk 1/4.
Building reference seed array...  [0.767s]
Building query seed array...  [0.052s]
Computing hash join...  [0.206s]
Masking low complexity seeds...  [0.046s]
Searching alignments...  [1.466s]
Deallocating memory...  [0s]
Processing query block 1, reference block 5/9, shape 7/16, index chunk 2/4.
Building reference seed array...  [0.938s]
Building query seed array...  [0.071s]
Computing hash join...  [0.212s]
Masking low complexity seeds...  [0.045s]
Searching alignments...  [1.454s]
Deallocating memory...  [0s]
Processing query block 1, reference block 5/9, shape 7/16, index chunk 3/4.
Building reference seed array...  [1.026s]
Building query seed array...  [0.062s]
Computing hash join...  [0.206s]
Masking low complexity seeds...  [0.045s]
Searching alignments...  [1.456s]
Deallocating memory...  [0s]
Processing query block 1, reference block 5/9, shape 7/16, index chunk 4/4.
Building reference seed array...  [0.759s]
Building query seed array...  [0.05s]
Computing hash join...  [0.206s]
Masking low complexity seeds...  [0.045s]
Searching alignments...  [1.498s]
Deallocating memory...  [0s]
Processing query block 1, reference block 5/9, shape 8/16, index chunk 1/4.
Building reference seed array...  [0.768s]
Building query seed array...  [0.074s]
Computing hash join...  [0.209s]
Masking low complexity seeds...  [0.045s]
Searching alignments...  [1.454s]
Deallocating memory...  [0s]
Processing query block 1, reference block 5/9, shape 8/16, index chunk 2/4.
Building reference seed array...  [0.943s]
Building query seed array...  [0.059s]
Computing hash join...  [0.211s]
Masking low complexity seeds...  [0.046s]
Searching alignments...  [1.451s]
Deallocating memory...  [0s]
Processing query block 1, reference block 5/9, shape 8/16, index chunk 3/4.
Building reference seed array...  [1.037s]
Building query seed array...  [0.067s]
Computing hash join...  [0.209s]
Masking low complexity seeds...  [0.045s]
Searching alignments...  [1.482s]
Deallocating memory...  [0s]
Processing query block 1, reference block 5/9, shape 8/16, index chunk 4/4.
Building reference seed array...  [0.741s]
Building query seed array...  [0.049s]
Computing hash join...  [0.207s]
Masking low complexity seeds...  [0.045s]
Searching alignments...  [1.422s]
Deallocating memory...  [0s]
Processing query block 1, reference block 5/9, shape 9/16, index chunk 1/4.
Building reference seed array...  [0.786s]
Building query seed array...  [0.074s]
Computing hash join...  [0.216s]
Masking low complexity seeds...  [0.046s]
Searching alignments...  [1.447s]
Deallocating memory...  [0s]
Processing query block 1, reference block 5/9, shape 9/16, index chunk 2/4.
Building reference seed array...  [0.943s]
Building query seed array...  [0.075s]
Computing hash join...  [0.217s]
Masking low complexity seeds...  [0.046s]
Searching alignments...  [1.521s]
Deallocating memory...  [0s]
Processing query block 1, reference block 5/9, shape 9/16, index chunk 3/4.
Building reference seed array...  [1.031s]
Building query seed array...  [0.077s]
Computing hash join...  [0.217s]
Masking low complexity seeds...  [0.045s]
Searching alignments...  [1.501s]
Deallocating memory...  [0s]
Processing query block 1, reference block 5/9, shape 9/16, index chunk 4/4.
Building reference seed array...  [0.761s]
Building query seed array...  [0.053s]
Computing hash join...  [0.218s]
Masking low complexity seeds...  [0.045s]
Searching alignments...  [1.506s]
Deallocating memory...  [0s]
Processing query block 1, reference block 5/9, shape 10/16, index chunk 1/4.
Building reference seed array...  [0.754s]
Building query seed array...  [0.051s]
Computing hash join...  [0.206s]
Masking low complexity seeds...  [0.045s]
Searching alignments...  [1.406s]
Deallocating memory...  [0s]
Processing query block 1, reference block 5/9, shape 10/16, index chunk 2/4.
Building reference seed array...  [0.927s]
Building query seed array...  [0.061s]
Computing hash join...  [0.207s]
Masking low complexity seeds...  [0.046s]
Searching alignments...  [1.412s]
Deallocating memory...  [0s]
Processing query block 1, reference block 5/9, shape 10/16, index chunk 3/4.
Building reference seed array...  [1.029s]
Building query seed array...  [0.084s]
Computing hash join...  [0.213s]
Masking low complexity seeds...  [0.045s]
Searching alignments...  [1.386s]
Deallocating memory...  [0s]
Processing query block 1, reference block 5/9, shape 10/16, index chunk 4/4.
Building reference seed array...  [0.731s]
Building query seed array...  [0.048s]
Computing hash join...  [0.207s]
Masking low complexity seeds...  [0.046s]
Searching alignments...  [1.381s]
Deallocating memory...  [0s]
Processing query block 1, reference block 5/9, shape 11/16, index chunk 1/4.
Building reference seed array...  [0.777s]
Building query seed array...  [0.051s]
Computing hash join...  [0.212s]
Masking low complexity seeds...  [0.046s]
Searching alignments...  [1.469s]
Deallocating memory...  [0s]
Processing query block 1, reference block 5/9, shape 11/16, index chunk 2/4.
Building reference seed array...  [0.942s]
Building query seed array...  [0.069s]
Computing hash join...  [0.213s]
Masking low complexity seeds...  [0.045s]
Searching alignments...  [1.492s]
Deallocating memory...  [0s]
Processing query block 1, reference block 5/9, shape 11/16, index chunk 3/4.
Building reference seed array...  [1.065s]
Building query seed array...  [0.087s]
Computing hash join...  [0.215s]
Masking low complexity seeds...  [0.045s]
Searching alignments...  [1.458s]
Deallocating memory...  [0s]
Processing query block 1, reference block 5/9, shape 11/16, index chunk 4/4.
Building reference seed array...  [0.739s]
Building query seed array...  [0.048s]
Computing hash join...  [0.211s]
Masking low complexity seeds...  [0.046s]
Searching alignments...  [1.428s]
Deallocating memory...  [0s]
Processing query block 1, reference block 5/9, shape 12/16, index chunk 1/4.
Building reference seed array...  [0.774s]
Building query seed array...  [0.05s]
Computing hash join...  [0.208s]
Masking low complexity seeds...  [0.045s]
Searching alignments...  [1.401s]
Deallocating memory...  [0s]
Processing query block 1, reference block 5/9, shape 12/16, index chunk 2/4.
Building reference seed array...  [0.924s]
Building query seed array...  [0.059s]
Computing hash join...  [0.206s]
Masking low complexity seeds...  [0.046s]
Searching alignments...  [1.426s]
Deallocating memory...  [0s]
Processing query block 1, reference block 5/9, shape 12/16, index chunk 3/4.
Building reference seed array...  [1.029s]
Building query seed array...  [0.084s]
Computing hash join...  [0.206s]
Masking low complexity seeds...  [0.045s]
Searching alignments...  [1.384s]
Deallocating memory...  [0s]
Processing query block 1, reference block 5/9, shape 12/16, index chunk 4/4.
Building reference seed array...  [0.751s]
Building query seed array...  [0.052s]
Computing hash join...  [0.206s]
Masking low complexity seeds...  [0.044s]
Searching alignments...  [1.43s]
Deallocating memory...  [0s]
Processing query block 1, reference block 5/9, shape 13/16, index chunk 1/4.
Building reference seed array...  [0.753s]
Building query seed array...  [0.048s]
Computing hash join...  [0.204s]
Masking low complexity seeds...  [0.046s]
Searching alignments...  [1.394s]
Deallocating memory...  [0s]
Processing query block 1, reference block 5/9, shape 13/16, index chunk 2/4.
Building reference seed array...  [0.919s]
Building query seed array...  [0.061s]
Computing hash join...  [0.21s]
Masking low complexity seeds...  [0.046s]
Searching alignments...  [1.423s]
Deallocating memory...  [0s]
Processing query block 1, reference block 5/9, shape 13/16, index chunk 3/4.
Building reference seed array...  [1.02s]
Building query seed array...  [0.079s]
Computing hash join...  [0.212s]
Masking low complexity seeds...  [0.044s]
Searching alignments...  [1.442s]
Deallocating memory...  [0s]
Processing query block 1, reference block 5/9, shape 13/16, index chunk 4/4.
Building reference seed array...  [0.731s]
Building query seed array...  [0.048s]
Computing hash join...  [0.207s]
Masking low complexity seeds...  [0.046s]
Searching alignments...  [1.386s]
Deallocating memory...  [0s]
Processing query block 1, reference block 5/9, shape 14/16, index chunk 1/4.
Building reference seed array...  [0.779s]
Building query seed array...  [0.071s]
Computing hash join...  [0.209s]
Masking low complexity seeds...  [0.044s]
Searching alignments...  [1.407s]
Deallocating memory...  [0s]
Processing query block 1, reference block 5/9, shape 14/16, index chunk 2/4.
Building reference seed array...  [0.923s]
Building query seed array...  [0.071s]
Computing hash join...  [0.207s]
Masking low complexity seeds...  [0.045s]
Searching alignments...  [1.421s]
Deallocating memory...  [0s]
Processing query block 1, reference block 5/9, shape 14/16, index chunk 3/4.
Building reference seed array...  [1.03s]
Building query seed array...  [0.075s]
Computing hash join...  [0.208s]
Masking low complexity seeds...  [0.044s]
Searching alignments...  [1.403s]
Deallocating memory...  [0s]
Processing query block 1, reference block 5/9, shape 14/16, index chunk 4/4.
Building reference seed array...  [0.745s]
Building query seed array...  [0.048s]
Computing hash join...  [0.207s]
Masking low complexity seeds...  [0.045s]
Searching alignments...  [1.39s]
Deallocating memory...  [0s]
Processing query block 1, reference block 5/9, shape 15/16, index chunk 1/4.
Building reference seed array...  [0.773s]
Building query seed array...  [0.07s]
Computing hash join...  [0.21s]
Masking low complexity seeds...  [0.045s]
Searching alignments...  [1.415s]
Deallocating memory...  [0s]
Processing query block 1, reference block 5/9, shape 15/16, index chunk 2/4.
Building reference seed array...  [0.93s]
Building query seed array...  [0.076s]
Computing hash join...  [0.208s]
Masking low complexity seeds...  [0.045s]
Searching alignments...  [1.416s]
Deallocating memory...  [0s]
Processing query block 1, reference block 5/9, shape 15/16, index chunk 3/4.
Building reference seed array...  [1.022s]
Building query seed array...  [0.063s]
Computing hash join...  [0.207s]
Masking low complexity seeds...  [0.045s]
Searching alignments...  [1.43s]
Deallocating memory...  [0s]
Processing query block 1, reference block 5/9, shape 15/16, index chunk 4/4.
Building reference seed array...  [0.755s]
Building query seed array...  [0.069s]
Computing hash join...  [0.214s]
Masking low complexity seeds...  [0.044s]
Searching alignments...  [1.452s]
Deallocating memory...  [0s]
Processing query block 1, reference block 5/9, shape 16/16, index chunk 1/4.
Building reference seed array...  [0.773s]
Building query seed array...  [0.052s]
Computing hash join...  [0.209s]
Masking low complexity seeds...  [0.044s]
Searching alignments...  [1.396s]
Deallocating memory...  [0s]
Processing query block 1, reference block 5/9, shape 16/16, index chunk 2/4.
Building reference seed array...  [0.933s]
Building query seed array...  [0.059s]
Computing hash join...  [0.208s]
Masking low complexity seeds...  [0.045s]
Searching alignments...  [1.436s]
Deallocating memory...  [0s]
Processing query block 1, reference block 5/9, shape 16/16, index chunk 3/4.
Building reference seed array...  [1.057s]
Building query seed array...  [0.077s]
Computing hash join...  [0.21s]
Masking low complexity seeds...  [0.044s]
Searching alignments...  [1.421s]
Deallocating memory...  [0s]
Processing query block 1, reference block 5/9, shape 16/16, index chunk 4/4.
Building reference seed array...  [0.748s]
Building query seed array...  [0.05s]
Computing hash join...  [0.208s]
Masking low complexity seeds...  [0.045s]
Searching alignments...  [1.374s]
Deallocating memory...  [0s]
Deallocating buffers...  [0.01s]
Clearing query masking...  [0.039s]
Opening temporary output file...  [0s]
Computing alignments... Loading trace points...  [3.384s]
Sorting trace points...  [0.296s]
Computing alignments...  [7.694s]
Deallocating buffers...  [0.008s]
Loading trace points...  [0s]
 [12.262s]
Deallocating reference...  [0.009s]
Loading reference sequences...  [4.903s]
Masking reference...  [3.081s]
Initializing dictionary...  [0.046s]
Initializing temporary storage...  [0.002s]
Building reference histograms...  [14.617s]
Allocating buffers...  [0.002s]
Processing query block 1, reference block 6/9, shape 1/16, index chunk 1/4.
Building reference seed array...  [1.424s]
Building query seed array...  [0.154s]
Computing hash join...  [0.228s]
Masking low complexity seeds...  [0.045s]
Searching alignments...  [1.511s]
Deallocating memory...  [0s]
Processing query block 1, reference block 6/9, shape 1/16, index chunk 2/4.
Building reference seed array...  [0.934s]
Building query seed array...  [0.06s]
Computing hash join...  [0.223s]
Masking low complexity seeds...  [0.045s]
Searching alignments...  [1.498s]
Deallocating memory...  [0s]
Processing query block 1, reference block 6/9, shape 1/16, index chunk 3/4.
Building reference seed array...  [1.051s]
Building query seed array...  [0.064s]
Computing hash join...  [0.226s]
Masking low complexity seeds...  [0.046s]
Searching alignments...  [1.51s]
Deallocating memory...  [0s]
Processing query block 1, reference block 6/9, shape 1/16, index chunk 4/4.
Building reference seed array...  [0.774s]
Building query seed array...  [0.054s]
Computing hash join...  [0.229s]
Masking low complexity seeds...  [0.045s]
Searching alignments...  [1.51s]
Deallocating memory...  [0s]
Processing query block 1, reference block 6/9, shape 2/16, index chunk 1/4.
Building reference seed array...  [0.751s]
Building query seed array...  [0.048s]
Computing hash join...  [0.207s]
Masking low complexity seeds...  [0.045s]
Searching alignments...  [1.431s]
Deallocating memory...  [0s]
Processing query block 1, reference block 6/9, shape 2/16, index chunk 2/4.
Building reference seed array...  [0.927s]
Building query seed array...  [0.074s]
Computing hash join...  [0.211s]
Masking low complexity seeds...  [0.044s]
Searching alignments...  [1.419s]
Deallocating memory...  [0s]
Processing query block 1, reference block 6/9, shape 2/16, index chunk 3/4.
Building reference seed array...  [1.019s]
Building query seed array...  [0.065s]
Computing hash join...  [0.21s]
Masking low complexity seeds...  [0.046s]
Searching alignments...  [1.423s]
Deallocating memory...  [0s]
Processing query block 1, reference block 6/9, shape 2/16, index chunk 4/4.
Building reference seed array...  [0.736s]
Building query seed array...  [0.049s]
Computing hash join...  [0.207s]
Masking low complexity seeds...  [0.045s]
Searching alignments...  [1.411s]
Deallocating memory...  [0s]
Processing query block 1, reference block 6/9, shape 3/16, index chunk 1/4.
Building reference seed array...  [0.771s]
Building query seed array...  [0.052s]
Computing hash join...  [0.221s]
Masking low complexity seeds...  [0.046s]
Searching alignments...  [1.471s]
Deallocating memory...  [0s]
Processing query block 1, reference block 6/9, shape 3/16, index chunk 2/4.
Building reference seed array...  [0.933s]
Building query seed array...  [0.079s]
Computing hash join...  [0.22s]
Masking low complexity seeds...  [0.045s]
Searching alignments...  [1.52s]
Deallocating memory...  [0s]
Processing query block 1, reference block 6/9, shape 3/16, index chunk 3/4.
Building reference seed array...  [1.066s]
Building query seed array...  [0.063s]
Computing hash join...  [0.223s]
Masking low complexity seeds...  [0.045s]
Searching alignments...  [1.491s]
Deallocating memory...  [0s]
Processing query block 1, reference block 6/9, shape 3/16, index chunk 4/4.
Building reference seed array...  [0.759s]
Building query seed array...  [0.049s]
Computing hash join...  [0.217s]
Masking low complexity seeds...  [0.046s]
Searching alignments...  [1.467s]
Deallocating memory...  [0s]
Processing query block 1, reference block 6/9, shape 4/16, index chunk 1/4.
Building reference seed array...  [0.78s]
Building query seed array...  [0.054s]
Computing hash join...  [0.218s]
Masking low complexity seeds...  [0.045s]
Searching alignments...  [1.465s]
Deallocating memory...  [0s]
Processing query block 1, reference block 6/9, shape 4/16, index chunk 2/4.
Building reference seed array...  [0.944s]
Building query seed array...  [0.063s]
Computing hash join...  [0.216s]
Masking low complexity seeds...  [0.045s]
Searching alignments...  [1.693s]
Deallocating memory...  [0s]
Processing query block 1, reference block 6/9, shape 4/16, index chunk 3/4.
Building reference seed array...  [1.056s]
Building query seed array...  [0.077s]
Computing hash join...  [0.215s]
Masking low complexity seeds...  [0.045s]
Searching alignments...  [1.512s]
Deallocating memory...  [0s]
Processing query block 1, reference block 6/9, shape 4/16, index chunk 4/4.
Building reference seed array...  [0.756s]
Building query seed array...  [0.069s]
Computing hash join...  [0.215s]
Masking low complexity seeds...  [0.046s]
Searching alignments...  [1.454s]
Deallocating memory...  [0s]
Processing query block 1, reference block 6/9, shape 5/16, index chunk 1/4.
Building reference seed array...  [0.76s]
Building query seed array...  [0.049s]
Computing hash join...  [0.207s]
Masking low complexity seeds...  [0.046s]
Searching alignments...  [1.434s]
Deallocating memory...  [0s]
Processing query block 1, reference block 6/9, shape 5/16, index chunk 2/4.
Building reference seed array...  [0.941s]
Building query seed array...  [0.077s]
Computing hash join...  [0.21s]
Masking low complexity seeds...  [0.044s]
Searching alignments...  [1.427s]
Deallocating memory...  [0s]
Processing query block 1, reference block 6/9, shape 5/16, index chunk 3/4.
Building reference seed array...  [1.05s]
Building query seed array...  [0.066s]
Computing hash join...  [0.21s]
Masking low complexity seeds...  [0.046s]
Searching alignments...  [1.42s]
Deallocating memory...  [0s]
Processing query block 1, reference block 6/9, shape 5/16, index chunk 4/4.
Building reference seed array...  [0.746s]
Building query seed array...  [0.063s]
Computing hash join...  [0.209s]
Masking low complexity seeds...  [0.044s]
Searching alignments...  [1.407s]
Deallocating memory...  [0s]
Processing query block 1, reference block 6/9, shape 6/16, index chunk 1/4.
Building reference seed array...  [0.762s]
Building query seed array...  [0.052s]
Computing hash join...  [0.209s]
Masking low complexity seeds...  [0.046s]
Searching alignments...  [1.491s]
Deallocating memory...  [0s]
Processing query block 1, reference block 6/9, shape 6/16, index chunk 2/4.
Building reference seed array...  [0.93s]
Building query seed array...  [0.058s]
Computing hash join...  [0.211s]
Masking low complexity seeds...  [0.046s]
Searching alignments...  [1.492s]
Deallocating memory...  [0s]
Processing query block 1, reference block 6/9, shape 6/16, index chunk 3/4.
Building reference seed array...  [1.069s]
Building query seed array...  [0.072s]
Computing hash join...  [0.212s]
Masking low complexity seeds...  [0.044s]
Searching alignments...  [1.505s]
Deallocating memory...  [0s]
Processing query block 1, reference block 6/9, shape 6/16, index chunk 4/4.
Building reference seed array...  [0.755s]
Building query seed array...  [0.054s]
Computing hash join...  [0.213s]
Masking low complexity seeds...  [0.045s]
Searching alignments...  [1.488s]
Deallocating memory...  [0s]
Processing query block 1, reference block 6/9, shape 7/16, index chunk 1/4.
Building reference seed array...  [0.774s]
Building query seed array...  [0.054s]
Computing hash join...  [0.206s]
Masking low complexity seeds...  [0.045s]
Searching alignments...  [1.465s]
Deallocating memory...  [0s]
Processing query block 1, reference block 6/9, shape 7/16, index chunk 2/4.
Building reference seed array...  [0.924s]
Building query seed array...  [0.058s]
Computing hash join...  [0.206s]
Masking low complexity seeds...  [0.046s]
Searching alignments...  [1.435s]
Deallocating memory...  [0s]
Processing query block 1, reference block 6/9, shape 7/16, index chunk 3/4.
Building reference seed array...  [1.03s]
Building query seed array...  [0.062s]
Computing hash join...  [0.209s]
Masking low complexity seeds...  [0.046s]
Searching alignments...  [1.465s]
Deallocating memory...  [0s]
Processing query block 1, reference block 6/9, shape 7/16, index chunk 4/4.
Building reference seed array...  [0.755s]
Building query seed array...  [0.052s]
Computing hash join...  [0.205s]
Masking low complexity seeds...  [0.045s]
Searching alignments...  [1.402s]
Deallocating memory...  [0s]
Processing query block 1, reference block 6/9, shape 8/16, index chunk 1/4.
Building reference seed array...  [0.772s]
Building query seed array...  [0.067s]
Computing hash join...  [0.21s]
Masking low complexity seeds...  [0.045s]
Searching alignments...  [1.447s]
Deallocating memory...  [0s]
Processing query block 1, reference block 6/9, shape 8/16, index chunk 2/4.
Building reference seed array...  [0.937s]
Building query seed array...  [0.074s]
Computing hash join...  [0.209s]
Masking low complexity seeds...  [0.046s]
Searching alignments...  [1.44s]
Deallocating memory...  [0s]
Processing query block 1, reference block 6/9, shape 8/16, index chunk 3/4.
Building reference seed array...  [1.015s]
Building query seed array...  [0.062s]
Computing hash join...  [0.207s]
Masking low complexity seeds...  [0.047s]
Searching alignments...  [1.434s]
Deallocating memory...  [0s]
Processing query block 1, reference block 6/9, shape 8/16, index chunk 4/4.
Building reference seed array...  [0.739s]
Building query seed array...  [0.05s]
Computing hash join...  [0.207s]
Masking low complexity seeds...  [0.046s]
Searching alignments...  [1.416s]
Deallocating memory...  [0s]
Processing query block 1, reference block 6/9, shape 9/16, index chunk 1/4.
Building reference seed array...  [0.758s]
Building query seed array...  [0.051s]
Computing hash join...  [0.213s]
Masking low complexity seeds...  [0.046s]
Searching alignments...  [1.444s]
Deallocating memory...  [0s]
Processing query block 1, reference block 6/9, shape 9/16, index chunk 2/4.
Building reference seed array...  [0.924s]
Building query seed array...  [0.059s]
Computing hash join...  [0.216s]
Masking low complexity seeds...  [0.047s]
Searching alignments...  [1.434s]
Deallocating memory...  [0s]
Processing query block 1, reference block 6/9, shape 9/16, index chunk 3/4.
Building reference seed array...  [1.031s]
Building query seed array...  [0.063s]
Computing hash join...  [0.212s]
Masking low complexity seeds...  [0.048s]
Searching alignments...  [1.482s]
Deallocating memory...  [0s]
Processing query block 1, reference block 6/9, shape 9/16, index chunk 4/4.
Building reference seed array...  [0.758s]
Building query seed array...  [0.052s]
Computing hash join...  [0.215s]
Masking low complexity seeds...  [0.045s]
Searching alignments...  [1.482s]
Deallocating memory...  [0s]
Processing query block 1, reference block 6/9, shape 10/16, index chunk 1/4.
Building reference seed array...  [0.767s]
Building query seed array...  [0.072s]
Computing hash join...  [0.208s]
Masking low complexity seeds...  [0.045s]
Searching alignments...  [1.382s]
Deallocating memory...  [0s]
Processing query block 1, reference block 6/9, shape 10/16, index chunk 2/4.
Building reference seed array...  [0.921s]
Building query seed array...  [0.06s]
Computing hash join...  [0.206s]
Masking low complexity seeds...  [0.046s]
Searching alignments...  [1.375s]
Deallocating memory...  [0s]
Processing query block 1, reference block 6/9, shape 10/16, index chunk 3/4.
Building reference seed array...  [1.016s]
Building query seed array...  [0.065s]
Computing hash join...  [0.208s]
Masking low complexity seeds...  [0.045s]
Searching alignments...  [1.402s]
Deallocating memory...  [0s]
Processing query block 1, reference block 6/9, shape 10/16, index chunk 4/4.
Building reference seed array...  [0.727s]
Building query seed array...  [0.047s]
Computing hash join...  [0.204s]
Masking low complexity seeds...  [0.045s]
Searching alignments...  [1.415s]
Deallocating memory...  [0s]
Processing query block 1, reference block 6/9, shape 11/16, index chunk 1/4.
Building reference seed array...  [0.76s]
Building query seed array...  [0.068s]
Computing hash join...  [0.212s]
Masking low complexity seeds...  [0.044s]
Searching alignments...  [1.446s]
Deallocating memory...  [0s]
Processing query block 1, reference block 6/9, shape 11/16, index chunk 2/4.
Building reference seed array...  [0.969s]
Building query seed array...  [0.062s]
Computing hash join...  [0.215s]
Masking low complexity seeds...  [0.045s]
Searching alignments...  [1.438s]
Deallocating memory...  [0s]
Processing query block 1, reference block 6/9, shape 11/16, index chunk 3/4.
Building reference seed array...  [1.032s]
Building query seed array...  [0.066s]
Computing hash join...  [0.213s]
Masking low complexity seeds...  [0.046s]
Searching alignments...  [1.473s]
Deallocating memory...  [0s]
Processing query block 1, reference block 6/9, shape 11/16, index chunk 4/4.
Building reference seed array...  [0.762s]
Building query seed array...  [0.05s]
Computing hash join...  [0.214s]
Masking low complexity seeds...  [0.044s]
Searching alignments...  [1.4s]
Deallocating memory...  [0s]
Processing query block 1, reference block 6/9, shape 12/16, index chunk 1/4.
Building reference seed array...  [0.748s]
Building query seed array...  [0.048s]
Computing hash join...  [0.203s]
Masking low complexity seeds...  [0.046s]
Searching alignments...  [1.396s]
Deallocating memory...  [0s]
Processing query block 1, reference block 6/9, shape 12/16, index chunk 2/4.
Building reference seed array...  [0.91s]
Building query seed array...  [0.072s]
Computing hash join...  [0.21s]
Masking low complexity seeds...  [0.044s]
Searching alignments...  [1.396s]
Deallocating memory...  [0s]
Processing query block 1, reference block 6/9, shape 12/16, index chunk 3/4.
Building reference seed array...  [1.033s]
Building query seed array...  [0.076s]
Computing hash join...  [0.203s]
Masking low complexity seeds...  [0.045s]
Searching alignments...  [1.404s]
Deallocating memory...  [0s]
Processing query block 1, reference block 6/9, shape 12/16, index chunk 4/4.
Building reference seed array...  [0.726s]
Building query seed array...  [0.047s]
Computing hash join...  [0.202s]
Masking low complexity seeds...  [0.045s]
Searching alignments...  [1.397s]
Deallocating memory...  [0s]
Processing query block 1, reference block 6/9, shape 13/16, index chunk 1/4.
Building reference seed array...  [0.75s]
Building query seed array...  [0.049s]
Computing hash join...  [0.201s]
Masking low complexity seeds...  [0.045s]
Searching alignments...  [1.37s]
Deallocating memory...  [0s]
Processing query block 1, reference block 6/9, shape 13/16, index chunk 2/4.
Building reference seed array...  [0.912s]
Building query seed array...  [0.077s]
Computing hash join...  [0.204s]
Masking low complexity seeds...  [0.044s]
Searching alignments...  [1.409s]
Deallocating memory...  [0s]
Processing query block 1, reference block 6/9, shape 13/16, index chunk 3/4.
Building reference seed array...  [1.03s]
Building query seed array...  [0.064s]
Computing hash join...  [0.207s]
Masking low complexity seeds...  [0.044s]
Searching alignments...  [1.404s]
Deallocating memory...  [0s]
Processing query block 1, reference block 6/9, shape 13/16, index chunk 4/4.
Building reference seed array...  [0.744s]
Building query seed array...  [0.065s]
Computing hash join...  [0.205s]
Masking low complexity seeds...  [0.044s]
Searching alignments...  [1.425s]
Deallocating memory...  [0s]
Processing query block 1, reference block 6/9, shape 14/16, index chunk 1/4.
Building reference seed array...  [0.775s]
Building query seed array...  [0.071s]
Computing hash join...  [0.206s]
Masking low complexity seeds...  [0.045s]
Searching alignments...  [1.424s]
Deallocating memory...  [0s]
Processing query block 1, reference block 6/9, shape 14/16, index chunk 2/4.
Building reference seed array...  [0.915s]
Building query seed array...  [0.057s]
Computing hash join...  [0.206s]
Masking low complexity seeds...  [0.045s]
Searching alignments...  [1.399s]
Deallocating memory...  [0s]
Processing query block 1, reference block 6/9, shape 14/16, index chunk 3/4.
Building reference seed array...  [1.033s]
Building query seed array...  [0.079s]
Computing hash join...  [0.21s]
Masking low complexity seeds...  [0.043s]
Searching alignments...  [1.398s]
Deallocating memory...  [0s]
Processing query block 1, reference block 6/9, shape 14/16, index chunk 4/4.
Building reference seed array...  [0.75s]
Building query seed array...  [0.071s]
Computing hash join...  [0.204s]
Masking low complexity seeds...  [0.045s]
Searching alignments...  [1.381s]
Deallocating memory...  [0s]
Processing query block 1, reference block 6/9, shape 15/16, index chunk 1/4.
Building reference seed array...  [0.76s]
Building query seed array...  [0.052s]
Computing hash join...  [0.205s]
Masking low complexity seeds...  [0.046s]
Searching alignments...  [1.428s]
Deallocating memory...  [0s]
Processing query block 1, reference block 6/9, shape 15/16, index chunk 2/4.
Building reference seed array...  [0.943s]
Building query seed array...  [0.058s]
Computing hash join...  [0.211s]
Masking low complexity seeds...  [0.045s]
Searching alignments...  [1.433s]
Deallocating memory...  [0s]
Processing query block 1, reference block 6/9, shape 15/16, index chunk 3/4.
Building reference seed array...  [1.015s]
Building query seed array...  [0.084s]
Computing hash join...  [0.206s]
Masking low complexity seeds...  [0.045s]
Searching alignments...  [1.425s]
Deallocating memory...  [0s]
Processing query block 1, reference block 6/9, shape 15/16, index chunk 4/4.
Building reference seed array...  [0.736s]
Building query seed array...  [0.05s]
Computing hash join...  [0.206s]
Masking low complexity seeds...  [0.046s]
Searching alignments...  [1.407s]
Deallocating memory...  [0s]
Processing query block 1, reference block 6/9, shape 16/16, index chunk 1/4.
Building reference seed array...  [0.752s]
Building query seed array...  [0.051s]
Computing hash join...  [0.203s]
Masking low complexity seeds...  [0.045s]
Searching alignments...  [1.4s]
Deallocating memory...  [0s]
Processing query block 1, reference block 6/9, shape 16/16, index chunk 2/4.
Building reference seed array...  [0.921s]
Building query seed array...  [0.076s]
Computing hash join...  [0.213s]
Masking low complexity seeds...  [0.045s]
Searching alignments...  [1.415s]
Deallocating memory...  [0s]
Processing query block 1, reference block 6/9, shape 16/16, index chunk 3/4.
Building reference seed array...  [1.05s]
Building query seed array...  [0.066s]
Computing hash join...  [0.212s]
Masking low complexity seeds...  [0.044s]
Searching alignments...  [1.368s]
Deallocating memory...  [0s]
Processing query block 1, reference block 6/9, shape 16/16, index chunk 4/4.
Building reference seed array...  [0.748s]
Building query seed array...  [0.07s]
Computing hash join...  [0.203s]
Masking low complexity seeds...  [0.045s]
Searching alignments...  [1.385s]
Deallocating memory...  [0s]
Deallocating buffers...  [0.01s]
Clearing query masking...  [0.04s]
Opening temporary output file...  [0s]
Computing alignments... Loading trace points...  [3.162s]
Sorting trace points...  [0.263s]
Computing alignments...  [7.075s]
Deallocating buffers...  [0.007s]
Loading trace points...  [0s]
 [11.652s]
Deallocating reference...  [0.011s]
Loading reference sequences...  [5.271s]
Masking reference...  [3.302s]
Initializing dictionary...  [0.053s]
Initializing temporary storage...  [0.001s]
Building reference histograms...  [15.384s]
Allocating buffers...  [0.003s]
Processing query block 1, reference block 7/9, shape 1/16, index chunk 1/4.
Building reference seed array...  [1.45s]
Building query seed array...  [0.143s]
Computing hash join...  [0.236s]
Masking low complexity seeds...  [0.045s]
Searching alignments...  [1.502s]
Deallocating memory...  [0s]
Processing query block 1, reference block 7/9, shape 1/16, index chunk 2/4.
Building reference seed array...  [0.936s]
Building query seed array...  [0.075s]
Computing hash join...  [0.814s]
Masking low complexity seeds...  [0.045s]
Searching alignments...  [1.576s]
Deallocating memory...  [0s]
Processing query block 1, reference block 7/9, shape 1/16, index chunk 3/4.
Building reference seed array...  [1.044s]
Building query seed array...  [0.081s]
Computing hash join...  [0.22s]
Masking low complexity seeds...  [0.045s]
Searching alignments...  [1.512s]
Deallocating memory...  [0s]
Processing query block 1, reference block 7/9, shape 1/16, index chunk 4/4.
Building reference seed array...  [0.784s]
Building query seed array...  [0.071s]
Computing hash join...  [0.218s]
Masking low complexity seeds...  [0.046s]
Searching alignments...  [1.455s]
Deallocating memory...  [0s]
Processing query block 1, reference block 7/9, shape 2/16, index chunk 1/4.
Building reference seed array...  [0.767s]
Building query seed array...  [0.052s]
Computing hash join...  [0.201s]
Masking low complexity seeds...  [0.045s]
Searching alignments...  [1.385s]
Deallocating memory...  [0s]
Processing query block 1, reference block 7/9, shape 2/16, index chunk 2/4.
Building reference seed array...  [0.928s]
Building query seed array...  [0.06s]
Computing hash join...  [0.202s]
Masking low complexity seeds...  [0.045s]
Searching alignments...  [1.389s]
Deallocating memory...  [0s]
Processing query block 1, reference block 7/9, shape 2/16, index chunk 3/4.
Building reference seed array...  [1.027s]
Building query seed array...  [0.082s]
Computing hash join...  [0.204s]
Masking low complexity seeds...  [0.044s]
Searching alignments...  [1.373s]
Deallocating memory...  [0s]
Processing query block 1, reference block 7/9, shape 2/16, index chunk 4/4.
Building reference seed array...  [0.749s]
Building query seed array...  [0.069s]
Computing hash join...  [0.202s]
Masking low complexity seeds...  [0.045s]
Searching alignments...  [1.373s]
Deallocating memory...  [0s]
Processing query block 1, reference block 7/9, shape 3/16, index chunk 1/4.
Building reference seed array...  [0.787s]
Building query seed array...  [0.053s]
Computing hash join...  [0.216s]
Masking low complexity seeds...  [0.045s]
Searching alignments...  [1.456s]
Deallocating memory...  [0s]
Processing query block 1, reference block 7/9, shape 3/16, index chunk 2/4.
Building reference seed array...  [0.948s]
Building query seed array...  [0.062s]
Computing hash join...  [0.218s]
Masking low complexity seeds...  [0.045s]
Searching alignments...  [1.451s]
Deallocating memory...  [0s]
Processing query block 1, reference block 7/9, shape 3/16, index chunk 3/4.
Building reference seed array...  [1.047s]
Building query seed array...  [0.067s]
Computing hash join...  [0.213s]
Masking low complexity seeds...  [0.044s]
Searching alignments...  [1.455s]
Deallocating memory...  [0s]
Processing query block 1, reference block 7/9, shape 3/16, index chunk 4/4.
Building reference seed array...  [0.764s]
Building query seed array...  [0.073s]
Computing hash join...  [0.218s]
Masking low complexity seeds...  [0.047s]
Searching alignments...  [1.453s]
Deallocating memory...  [0s]
Processing query block 1, reference block 7/9, shape 4/16, index chunk 1/4.
Building reference seed array...  [0.8s]
Building query seed array...  [0.067s]
Computing hash join...  [0.211s]
Masking low complexity seeds...  [0.045s]
Searching alignments...  [1.434s]
Deallocating memory...  [0s]
Processing query block 1, reference block 7/9, shape 4/16, index chunk 2/4.
Building reference seed array...  [0.934s]
Building query seed array...  [0.064s]
Computing hash join...  [0.212s]
Masking low complexity seeds...  [0.046s]
Searching alignments...  [1.596s]
Deallocating memory...  [0s]
Processing query block 1, reference block 7/9, shape 4/16, index chunk 3/4.
Building reference seed array...  [1.053s]
Building query seed array...  [0.069s]
Computing hash join...  [0.217s]
Masking low complexity seeds...  [0.046s]
Searching alignments...  [1.502s]
Deallocating memory...  [0s]
Processing query block 1, reference block 7/9, shape 4/16, index chunk 4/4.
Building reference seed array...  [0.785s]
Building query seed array...  [0.068s]
Computing hash join...  [0.21s]
Masking low complexity seeds...  [0.045s]
Searching alignments...  [1.465s]
Deallocating memory...  [0s]
Processing query block 1, reference block 7/9, shape 5/16, index chunk 1/4.
Building reference seed array...  [0.775s]
Building query seed array...  [0.053s]
Computing hash join...  [0.206s]
Masking low complexity seeds...  [0.045s]
Searching alignments...  [1.372s]
Deallocating memory...  [0s]
Processing query block 1, reference block 7/9, shape 5/16, index chunk 2/4.
Building reference seed array...  [0.923s]
Building query seed array...  [0.076s]
Computing hash join...  [0.206s]
Masking low complexity seeds...  [0.045s]
Searching alignments...  [1.432s]
Deallocating memory...  [0s]
Processing query block 1, reference block 7/9, shape 5/16, index chunk 3/4.
Building reference seed array...  [1.057s]
Building query seed array...  [0.066s]
Computing hash join...  [0.203s]
Masking low complexity seeds...  [0.046s]
Searching alignments...  [1.374s]
Deallocating memory...  [0s]
Processing query block 1, reference block 7/9, shape 5/16, index chunk 4/4.
Building reference seed array...  [0.747s]
Building query seed array...  [0.052s]
Computing hash join...  [0.207s]
Masking low complexity seeds...  [0.044s]
Searching alignments...  [1.418s]
Deallocating memory...  [0s]
Processing query block 1, reference block 7/9, shape 6/16, index chunk 1/4.
Building reference seed array...  [0.78s]
Building query seed array...  [0.075s]
Computing hash join...  [0.215s]
Masking low complexity seeds...  [0.046s]
Searching alignments...  [1.421s]
Deallocating memory...  [0s]
Processing query block 1, reference block 7/9, shape 6/16, index chunk 2/4.
Building reference seed array...  [0.928s]
Building query seed array...  [0.073s]
Computing hash join...  [0.21s]
Masking low complexity seeds...  [0.046s]
Searching alignments...  [1.408s]
Deallocating memory...  [0s]
Processing query block 1, reference block 7/9, shape 6/16, index chunk 3/4.
Building reference seed array...  [1.029s]
Building query seed array...  [0.066s]
Computing hash join...  [0.205s]
Masking low complexity seeds...  [0.046s]
Searching alignments...  [1.446s]
Deallocating memory...  [0s]
Processing query block 1, reference block 7/9, shape 6/16, index chunk 4/4.
Building reference seed array...  [0.779s]
Building query seed array...  [0.051s]
Computing hash join...  [0.207s]
Masking low complexity seeds...  [0.046s]
Searching alignments...  [1.543s]
Deallocating memory...  [0s]
Processing query block 1, reference block 7/9, shape 7/16, index chunk 1/4.
Building reference seed array...  [0.754s]
Building query seed array...  [0.049s]
Computing hash join...  [0.203s]
Masking low complexity seeds...  [0.046s]
Searching alignments...  [1.411s]
Deallocating memory...  [0s]
Processing query block 1, reference block 7/9, shape 7/16, index chunk 2/4.
Building reference seed array...  [0.917s]
Building query seed array...  [0.057s]
Computing hash join...  [0.203s]
Masking low complexity seeds...  [0.047s]
Searching alignments...  [1.458s]
Deallocating memory...  [0s]
Processing query block 1, reference block 7/9, shape 7/16, index chunk 3/4.
Building reference seed array...  [1.016s]
Building query seed array...  [0.062s]
Computing hash join...  [0.203s]
Masking low complexity seeds...  [0.046s]
Searching alignments...  [1.409s]
Deallocating memory...  [0s]
Processing query block 1, reference block 7/9, shape 7/16, index chunk 4/4.
Building reference seed array...  [0.725s]
Building query seed array...  [0.069s]
Computing hash join...  [0.201s]
Masking low complexity seeds...  [0.045s]
Searching alignments...  [1.374s]
Deallocating memory...  [0s]
Processing query block 1, reference block 7/9, shape 8/16, index chunk 1/4.
Building reference seed array...  [0.763s]
Building query seed array...  [0.051s]
Computing hash join...  [0.206s]
Masking low complexity seeds...  [0.045s]
Searching alignments...  [1.454s]
Deallocating memory...  [0s]
Processing query block 1, reference block 7/9, shape 8/16, index chunk 2/4.
Building reference seed array...  [0.915s]
Building query seed array...  [0.078s]
Computing hash join...  [0.208s]
Masking low complexity seeds...  [0.045s]
Searching alignments...  [1.386s]
Deallocating memory...  [0s]
Processing query block 1, reference block 7/9, shape 8/16, index chunk 3/4.
Building reference seed array...  [1.014s]
Building query seed array...  [0.062s]
Computing hash join...  [0.207s]
Masking low complexity seeds...  [0.046s]
Searching alignments...  [1.424s]
Deallocating memory...  [0s]
Processing query block 1, reference block 7/9, shape 8/16, index chunk 4/4.
Building reference seed array...  [0.732s]
Building query seed array...  [0.049s]
Computing hash join...  [0.203s]
Masking low complexity seeds...  [0.047s]
Searching alignments...  [1.414s]
Deallocating memory...  [0s]
Processing query block 1, reference block 7/9, shape 9/16, index chunk 1/4.
Building reference seed array...  [0.765s]
Building query seed array...  [0.054s]
Computing hash join...  [0.213s]
Masking low complexity seeds...  [0.047s]
Searching alignments...  [1.482s]
Deallocating memory...  [0s]
Processing query block 1, reference block 7/9, shape 9/16, index chunk 2/4.
Building reference seed array...  [0.923s]
Building query seed array...  [0.076s]
Computing hash join...  [0.217s]
Masking low complexity seeds...  [0.045s]
Searching alignments...  [1.449s]
Deallocating memory...  [0s]
Processing query block 1, reference block 7/9, shape 9/16, index chunk 3/4.
Building reference seed array...  [1.053s]
Building query seed array...  [0.067s]
Computing hash join...  [0.21s]
Masking low complexity seeds...  [0.046s]
Searching alignments...  [1.428s]
Deallocating memory...  [0s]
Processing query block 1, reference block 7/9, shape 9/16, index chunk 4/4.
Building reference seed array...  [0.738s]
Building query seed array...  [0.049s]
Computing hash join...  [0.211s]
Masking low complexity seeds...  [0.047s]
Searching alignments...  [1.421s]
Deallocating memory...  [0s]
Processing query block 1, reference block 7/9, shape 10/16, index chunk 1/4.
Building reference seed array...  [0.751s]
Building query seed array...  [0.052s]
Computing hash join...  [0.199s]
Masking low complexity seeds...  [0.046s]
Searching alignments...  [1.34s]
Deallocating memory...  [0s]
Processing query block 1, reference block 7/9, shape 10/16, index chunk 2/4.
Building reference seed array...  [0.914s]
Building query seed array...  [0.061s]
Computing hash join...  [0.199s]
Masking low complexity seeds...  [0.045s]
Searching alignments...  [1.384s]
Deallocating memory...  [0s]
Processing query block 1, reference block 7/9, shape 10/16, index chunk 3/4.
Building reference seed array...  [1.008s]
Building query seed array...  [0.062s]
Computing hash join...  [0.202s]
Masking low complexity seeds...  [0.045s]
Searching alignments...  [1.372s]
Deallocating memory...  [0s]
Processing query block 1, reference block 7/9, shape 10/16, index chunk 4/4.
Building reference seed array...  [0.725s]
Building query seed array...  [0.048s]
Computing hash join...  [0.203s]
Masking low complexity seeds...  [0.046s]
Searching alignments...  [1.357s]
Deallocating memory...  [0s]
Processing query block 1, reference block 7/9, shape 11/16, index chunk 1/4.
Building reference seed array...  [0.766s]
Building query seed array...  [0.049s]
Computing hash join...  [0.207s]
Masking low complexity seeds...  [0.047s]
Searching alignments...  [1.434s]
Deallocating memory...  [0s]
Processing query block 1, reference block 7/9, shape 11/16, index chunk 2/4.
Building reference seed array...  [0.924s]
Building query seed array...  [0.06s]
Computing hash join...  [0.207s]
Masking low complexity seeds...  [0.046s]
Searching alignments...  [1.438s]
Deallocating memory...  [0s]
Processing query block 1, reference block 7/9, shape 11/16, index chunk 3/4.
Building reference seed array...  [1.041s]
Building query seed array...  [0.067s]
Computing hash join...  [0.211s]
Masking low complexity seeds...  [0.045s]
Searching alignments...  [1.4s]
Deallocating memory...  [0s]
Processing query block 1, reference block 7/9, shape 11/16, index chunk 4/4.
Building reference seed array...  [0.758s]
Building query seed array...  [0.073s]
Computing hash join...  [0.21s]
Masking low complexity seeds...  [0.045s]
Searching alignments...  [1.399s]
Deallocating memory...  [0s]
Processing query block 1, reference block 7/9, shape 12/16, index chunk 1/4.
Building reference seed array...  [0.743s]
Building query seed array...  [0.067s]
Computing hash join...  [0.204s]
Masking low complexity seeds...  [0.045s]
Searching alignments...  [1.347s]
Deallocating memory...  [0s]
Processing query block 1, reference block 7/9, shape 12/16, index chunk 2/4.
Building reference seed array...  [0.906s]
Building query seed array...  [0.057s]
Computing hash join...  [0.201s]
Masking low complexity seeds...  [0.046s]
Searching alignments...  [1.382s]
Deallocating memory...  [0s]
Processing query block 1, reference block 7/9, shape 12/16, index chunk 3/4.
Building reference seed array...  [1.043s]
Building query seed array...  [0.084s]
Computing hash join...  [0.205s]
Masking low complexity seeds...  [0.045s]
Searching alignments...  [1.342s]
Deallocating memory...  [0s]
Processing query block 1, reference block 7/9, shape 12/16, index chunk 4/4.
Building reference seed array...  [0.725s]
Building query seed array...  [0.048s]
Computing hash join...  [0.201s]
Masking low complexity seeds...  [0.045s]
Searching alignments...  [1.371s]
Deallocating memory...  [0s]
Processing query block 1, reference block 7/9, shape 13/16, index chunk 1/4.
Building reference seed array...  [0.756s]
Building query seed array...  [0.053s]
Computing hash join...  [0.198s]
Masking low complexity seeds...  [0.045s]
Searching alignments...  [1.358s]
Deallocating memory...  [0s]
Processing query block 1, reference block 7/9, shape 13/16, index chunk 2/4.
Building reference seed array...  [0.932s]
Building query seed array...  [0.061s]
Computing hash join...  [0.201s]
Masking low complexity seeds...  [0.045s]
Searching alignments...  [1.363s]
Deallocating memory...  [0s]
Processing query block 1, reference block 7/9, shape 13/16, index chunk 3/4.
Building reference seed array...  [1.012s]
Building query seed array...  [0.079s]
Computing hash join...  [0.2s]
Masking low complexity seeds...  [0.045s]
Searching alignments...  [1.356s]
Deallocating memory...  [0s]
Processing query block 1, reference block 7/9, shape 13/16, index chunk 4/4.
Building reference seed array...  [0.732s]
Building query seed array...  [0.054s]
Computing hash join...  [0.201s]
Masking low complexity seeds...  [0.045s]
Searching alignments...  [1.351s]
Deallocating memory...  [0s]
Processing query block 1, reference block 7/9, shape 14/16, index chunk 1/4.
Building reference seed array...  [0.753s]
Building query seed array...  [0.05s]
Computing hash join...  [0.203s]
Masking low complexity seeds...  [4.337s]
Searching alignments...  [1.383s]
Deallocating memory...  [0s]
Processing query block 1, reference block 7/9, shape 14/16, index chunk 2/4.
Building reference seed array...  [0.909s]
Building query seed array...  [0.074s]
Computing hash join...  [0.206s]
Masking low complexity seeds...  [0.044s]
Searching alignments...  [1.374s]
Deallocating memory...  [0s]
Processing query block 1, reference block 7/9, shape 14/16, index chunk 3/4.
Building reference seed array...  [1.015s]
Building query seed array...  [0.066s]
Computing hash join...  [0.205s]
Masking low complexity seeds...  [0.045s]
Searching alignments...  [1.386s]
Deallocating memory...  [0s]
Processing query block 1, reference block 7/9, shape 14/16, index chunk 4/4.
Building reference seed array...  [0.727s]
Building query seed array...  [0.048s]
Computing hash join...  [0.201s]
Masking low complexity seeds...  [0.045s]
Searching alignments...  [1.35s]
Deallocating memory...  [0s]
Processing query block 1, reference block 7/9, shape 15/16, index chunk 1/4.
Building reference seed array...  [0.749s]
Building query seed array...  [0.049s]
Computing hash join...  [0.2s]
Masking low complexity seeds...  [0.046s]
Searching alignments...  [1.398s]
Deallocating memory...  [0s]
Processing query block 1, reference block 7/9, shape 15/16, index chunk 2/4.
Building reference seed array...  [0.948s]
Building query seed array...  [0.061s]
Computing hash join...  [0.202s]
Masking low complexity seeds...  [0.046s]
Searching alignments...  [1.399s]
Deallocating memory...  [0s]
Processing query block 1, reference block 7/9, shape 15/16, index chunk 3/4.
Building reference seed array...  [1.029s]
Building query seed array...  [0.067s]
Computing hash join...  [0.207s]
Masking low complexity seeds...  [0.044s]
Searching alignments...  [1.402s]
Deallocating memory...  [0s]
Processing query block 1, reference block 7/9, shape 15/16, index chunk 4/4.
Building reference seed array...  [0.773s]
Building query seed array...  [0.05s]
Computing hash join...  [0.205s]
Masking low complexity seeds...  [0.044s]
Searching alignments...  [1.375s]
Deallocating memory...  [0s]
Processing query block 1, reference block 7/9, shape 16/16, index chunk 1/4.
Building reference seed array...  [0.755s]
Building query seed array...  [0.072s]
Computing hash join...  [0.201s]
Masking low complexity seeds...  [0.044s]
Searching alignments...  [1.373s]
Deallocating memory...  [0s]
Processing query block 1, reference block 7/9, shape 16/16, index chunk 2/4.
Building reference seed array...  [0.916s]
Building query seed array...  [0.061s]
Computing hash join...  [0.212s]
Masking low complexity seeds...  [0.042s]
Searching alignments...  [1.356s]
Deallocating memory...  [0s]
Processing query block 1, reference block 7/9, shape 16/16, index chunk 3/4.
Building reference seed array...  [1.01s]
Building query seed array...  [0.065s]
Computing hash join...  [0.207s]
Masking low complexity seeds...  [0.045s]
Searching alignments...  [1.349s]
Deallocating memory...  [0s]
Processing query block 1, reference block 7/9, shape 16/16, index chunk 4/4.
Building reference seed array...  [0.724s]
Building query seed array...  [0.047s]
Computing hash join...  [0.202s]
Masking low complexity seeds...  [0.045s]
Searching alignments...  [1.337s]
Deallocating memory...  [0s]
Deallocating buffers...  [0.01s]
Clearing query masking...  [0.049s]
Opening temporary output file...  [0s]
Computing alignments... Loading trace points...  [3.616s]
Sorting trace points...  [0.249s]
Computing alignments...  [6.521s]
Deallocating buffers...  [0.008s]
Loading trace points...  [0s]
 [11.506s]
Deallocating reference...  [0.007s]
Loading reference sequences...  [5.567s]
Masking reference...  [3.741s]
Initializing dictionary...  [0.098s]
Initializing temporary storage...  [0.002s]
Building reference histograms...  [15.641s]
Allocating buffers...  [0.003s]
Processing query block 1, reference block 8/9, shape 1/16, index chunk 1/4.
Building reference seed array...  [1.395s]
Building query seed array...  [0.165s]
Computing hash join...  [0.221s]
Masking low complexity seeds...  [0.045s]
Searching alignments...  [1.543s]
Deallocating memory...  [0s]
Processing query block 1, reference block 8/9, shape 1/16, index chunk 2/4.
Building reference seed array...  [0.936s]
Building query seed array...  [0.059s]
Computing hash join...  [0.215s]
Masking low complexity seeds...  [0.046s]
Searching alignments...  [1.54s]
Deallocating memory...  [0s]
Processing query block 1, reference block 8/9, shape 1/16, index chunk 3/4.
Building reference seed array...  [1.066s]
Building query seed array...  [0.07s]
Computing hash join...  [0.218s]
Masking low complexity seeds...  [0.045s]
Searching alignments...  [1.477s]
Deallocating memory...  [0s]
Processing query block 1, reference block 8/9, shape 1/16, index chunk 4/4.
Building reference seed array...  [0.761s]
Building query seed array...  [0.072s]
Computing hash join...  [0.214s]
Masking low complexity seeds...  [0.046s]
Searching alignments...  [1.44s]
Deallocating memory...  [0s]
Processing query block 1, reference block 8/9, shape 2/16, index chunk 1/4.
Building reference seed array...  [0.748s]
Building query seed array...  [0.048s]
Computing hash join...  [0.199s]
Masking low complexity seeds...  [0.046s]
Searching alignments...  [1.41s]
Deallocating memory...  [0s]
Processing query block 1, reference block 8/9, shape 2/16, index chunk 2/4.
Building reference seed array...  [0.893s]
Building query seed array...  [0.074s]
Computing hash join...  [0.198s]
Masking low complexity seeds...  [0.045s]
Searching alignments...  [1.404s]
Deallocating memory...  [0s]
Processing query block 1, reference block 8/9, shape 2/16, index chunk 3/4.
Building reference seed array...  [0.999s]
Building query seed array...  [0.066s]
Computing hash join...  [0.2s]
Masking low complexity seeds...  [0.046s]
Searching alignments...  [1.366s]
Deallocating memory...  [0s]
Processing query block 1, reference block 8/9, shape 2/16, index chunk 4/4.
Building reference seed array...  [0.716s]
Building query seed array...  [0.051s]
Computing hash join...  [0.196s]
Masking low complexity seeds...  [0.046s]
Searching alignments...  [1.323s]
Deallocating memory...  [0s]
Processing query block 1, reference block 8/9, shape 3/16, index chunk 1/4.
Building reference seed array...  [0.755s]
Building query seed array...  [0.053s]
Computing hash join...  [0.213s]
Masking low complexity seeds...  [0.045s]
Searching alignments...  [1.448s]
Deallocating memory...  [0s]
Processing query block 1, reference block 8/9, shape 3/16, index chunk 2/4.
Building reference seed array...  [0.926s]
Building query seed array...  [0.06s]
Computing hash join...  [0.214s]
Masking low complexity seeds...  [0.046s]
Searching alignments...  [1.413s]
Deallocating memory...  [0s]
Processing query block 1, reference block 8/9, shape 3/16, index chunk 3/4.
Building reference seed array...  [1.022s]
Building query seed array...  [0.086s]
Computing hash join...  [0.215s]
Masking low complexity seeds...  [0.045s]
Searching alignments...  [1.418s]
Deallocating memory...  [0s]
Processing query block 1, reference block 8/9, shape 3/16, index chunk 4/4.
Building reference seed array...  [0.733s]
Building query seed array...  [0.074s]
Computing hash join...  [0.215s]
Masking low complexity seeds...  [0.044s]
Searching alignments...  [1.455s]
Deallocating memory...  [0s]
Processing query block 1, reference block 8/9, shape 4/16, index chunk 1/4.
Building reference seed array...  [0.752s]
Building query seed array...  [0.052s]
Computing hash join...  [0.212s]
Masking low complexity seeds...  [0.046s]
Searching alignments...  [1.378s]
Deallocating memory...  [0s]
Processing query block 1, reference block 8/9, shape 4/16, index chunk 2/4.
Building reference seed array...  [0.919s]
Building query seed array...  [0.074s]
Computing hash join...  [0.212s]
Masking low complexity seeds...  [0.046s]
Searching alignments...  [1.485s]
Deallocating memory...  [0s]
Processing query block 1, reference block 8/9, shape 4/16, index chunk 3/4.
Building reference seed array...  [1.063s]
Building query seed array...  [0.088s]
Computing hash join...  [0.218s]
Masking low complexity seeds...  [0.046s]
Searching alignments...  [1.371s]
Deallocating memory...  [0s]
Processing query block 1, reference block 8/9, shape 4/16, index chunk 4/4.
Building reference seed array...  [0.739s]
Building query seed array...  [0.072s]
Computing hash join...  [0.21s]
Masking low complexity seeds...  [0.044s]
Searching alignments...  [1.369s]
Deallocating memory...  [0s]
Processing query block 1, reference block 8/9, shape 5/16, index chunk 1/4.
Building reference seed array...  [0.741s]
Building query seed array...  [0.052s]
Computing hash join...  [0.198s]
Masking low complexity seeds...  [0.047s]
Searching alignments...  [1.367s]
Deallocating memory...  [0s]
Processing query block 1, reference block 8/9, shape 5/16, index chunk 2/4.
Building reference seed array...  [0.916s]
Building query seed array...  [0.076s]
Computing hash join...  [0.203s]
Masking low complexity seeds...  [0.044s]
Searching alignments...  [1.376s]
Deallocating memory...  [0s]
Processing query block 1, reference block 8/9, shape 5/16, index chunk 3/4.
Building reference seed array...  [1.001s]
Building query seed array...  [0.068s]
Computing hash join...  [0.198s]
Masking low complexity seeds...  [0.046s]
Searching alignments...  [1.425s]
Deallocating memory...  [0s]
Processing query block 1, reference block 8/9, shape 5/16, index chunk 4/4.
Building reference seed array...  [0.738s]
Building query seed array...  [0.052s]
Computing hash join...  [0.196s]
Masking low complexity seeds...  [0.046s]
Searching alignments...  [1.337s]
Deallocating memory...  [0s]
Processing query block 1, reference block 8/9, shape 6/16, index chunk 1/4.
Building reference seed array...  [0.76s]
Building query seed array...  [0.052s]
Computing hash join...  [0.2s]
Masking low complexity seeds...  [0.047s]
Searching alignments...  [1.399s]
Deallocating memory...  [0s]
Processing query block 1, reference block 8/9, shape 6/16, index chunk 2/4.
Building reference seed array...  [0.924s]
Building query seed array...  [0.078s]
Computing hash join...  [0.204s]
Masking low complexity seeds...  [0.046s]
Searching alignments...  [1.407s]
Deallocating memory...  [0.004s]
Processing query block 1, reference block 8/9, shape 6/16, index chunk 3/4.
Building reference seed array...  [1.017s]
Building query seed array...  [0.068s]
Computing hash join...  [0.207s]
Masking low complexity seeds...  [0.045s]
Searching alignments...  [1.366s]
Deallocating memory...  [0s]
Processing query block 1, reference block 8/9, shape 6/16, index chunk 4/4.
Building reference seed array...  [0.728s]
Building query seed array...  [0.052s]
Computing hash join...  [0.199s]
Masking low complexity seeds...  [0.047s]
Searching alignments...  [1.358s]
Deallocating memory...  [0s]
Processing query block 1, reference block 8/9, shape 7/16, index chunk 1/4.
Building reference seed array...  [0.74s]
Building query seed array...  [0.052s]
Computing hash join...  [0.197s]
Masking low complexity seeds...  [0.046s]
Searching alignments...  [1.38s]
Deallocating memory...  [0s]
Processing query block 1, reference block 8/9, shape 7/16, index chunk 2/4.
Building reference seed array...  [0.892s]
Building query seed array...  [0.058s]
Computing hash join...  [0.195s]
Masking low complexity seeds...  [0.046s]
Searching alignments...  [3.837s]
Deallocating memory...  [0s]
Processing query block 1, reference block 8/9, shape 7/16, index chunk 3/4.
Building reference seed array...  [0.996s]
Building query seed array...  [0.062s]
Computing hash join...  [0.194s]
Masking low complexity seeds...  [0.046s]
Searching alignments...  [1.346s]
Deallocating memory...  [0s]
Processing query block 1, reference block 8/9, shape 7/16, index chunk 4/4.
Building reference seed array...  [0.725s]
Building query seed array...  [0.07s]
Computing hash join...  [0.195s]
Masking low complexity seeds...  [0.046s]
Searching alignments...  [1.382s]
Deallocating memory...  [0s]
Processing query block 1, reference block 8/9, shape 8/16, index chunk 1/4.
Building reference seed array...  [0.745s]
Building query seed array...  [0.052s]
Computing hash join...  [0.197s]
Masking low complexity seeds...  [0.047s]
Searching alignments...  [1.336s]
Deallocating memory...  [0s]
Processing query block 1, reference block 8/9, shape 8/16, index chunk 2/4.
Building reference seed array...  [0.9s]
Building query seed array...  [0.064s]
Computing hash join...  [0.202s]
Masking low complexity seeds...  [0.046s]
Searching alignments...  [1.385s]
Deallocating memory...  [0s]
Processing query block 1, reference block 8/9, shape 8/16, index chunk 3/4.
Building reference seed array...  [1.002s]
Building query seed array...  [0.069s]
Computing hash join...  [0.202s]
Masking low complexity seeds...  [0.046s]
Searching alignments...  [1.389s]
Deallocating memory...  [0s]
Processing query block 1, reference block 8/9, shape 8/16, index chunk 4/4.
Building reference seed array...  [0.761s]
Building query seed array...  [0.054s]
Computing hash join...  [0.198s]
Masking low complexity seeds...  [0.047s]
Searching alignments...  [1.362s]
Deallocating memory...  [0s]
Processing query block 1, reference block 8/9, shape 9/16, index chunk 1/4.
Building reference seed array...  [0.761s]
Building query seed array...  [0.069s]
Computing hash join...  [0.21s]
Masking low complexity seeds...  [0.046s]
Searching alignments...  [1.408s]
Deallocating memory...  [0s]
Processing query block 1, reference block 8/9, shape 9/16, index chunk 2/4.
Building reference seed array...  [0.923s]
Building query seed array...  [0.08s]
Computing hash join...  [0.207s]
Masking low complexity seeds...  [0.047s]
Searching alignments...  [1.474s]
Deallocating memory...  [0s]
Processing query block 1, reference block 8/9, shape 9/16, index chunk 3/4.
Building reference seed array...  [1.046s]
Building query seed array...  [0.073s]
Computing hash join...  [0.211s]
Masking low complexity seeds...  [0.045s]
Searching alignments...  [1.439s]
Deallocating memory...  [0s]
Processing query block 1, reference block 8/9, shape 9/16, index chunk 4/4.
Building reference seed array...  [0.73s]
Building query seed array...  [0.049s]
Computing hash join...  [0.207s]
Masking low complexity seeds...  [0.047s]
Searching alignments...  [1.406s]
Deallocating memory...  [0s]
Processing query block 1, reference block 8/9, shape 10/16, index chunk 1/4.
Building reference seed array...  [0.735s]
Building query seed array...  [0.058s]
Computing hash join...  [0.202s]
Masking low complexity seeds...  [0.045s]
Searching alignments...  [1.482s]
Deallocating memory...  [0s]
Processing query block 1, reference block 8/9, shape 10/16, index chunk 2/4.
Building reference seed array...  [0.889s]
Building query seed array...  [0.063s]
Computing hash join...  [0.198s]
Masking low complexity seeds...  [0.046s]
Searching alignments...  [1.315s]
Deallocating memory...  [0s]
Processing query block 1, reference block 8/9, shape 10/16, index chunk 3/4.
Building reference seed array...  [0.984s]
Building query seed array...  [0.065s]
Computing hash join...  [0.198s]
Masking low complexity seeds...  [0.046s]
Searching alignments...  [1.304s]
Deallocating memory...  [0s]
Processing query block 1, reference block 8/9, shape 10/16, index chunk 4/4.
Building reference seed array...  [0.723s]
Building query seed array...  [0.051s]
Computing hash join...  [0.194s]
Masking low complexity seeds...  [0.046s]
Searching alignments...  [1.33s]
Deallocating memory...  [0s]
Processing query block 1, reference block 8/9, shape 11/16, index chunk 1/4.
Building reference seed array...  [0.766s]
Building query seed array...  [0.076s]
Computing hash join...  [0.202s]
Masking low complexity seeds...  [0.045s]
Searching alignments...  [1.367s]
Deallocating memory...  [0s]
Processing query block 1, reference block 8/9, shape 11/16, index chunk 2/4.
Building reference seed array...  [0.917s]
Building query seed array...  [0.075s]
Computing hash join...  [0.203s]
Masking low complexity seeds...  [0.046s]
Searching alignments...  [1.407s]
Deallocating memory...  [0s]
Processing query block 1, reference block 8/9, shape 11/16, index chunk 3/4.
Building reference seed array...  [1.016s]
Building query seed array...  [0.081s]
Computing hash join...  [0.206s]
Masking low complexity seeds...  [0.045s]
Searching alignments...  [1.364s]
Deallocating memory...  [0s]
Processing query block 1, reference block 8/9, shape 11/16, index chunk 4/4.
Building reference seed array...  [0.742s]
Building query seed array...  [0.068s]
Computing hash join...  [0.202s]
Masking low complexity seeds...  [0.045s]
Searching alignments...  [1.359s]
Deallocating memory...  [0s]
Processing query block 1, reference block 8/9, shape 12/16, index chunk 1/4.
Building reference seed array...  [0.731s]
Building query seed array...  [0.051s]
Computing hash join...  [0.193s]
Masking low complexity seeds...  [0.045s]
Searching alignments...  [1.316s]
Deallocating memory...  [0s]
Processing query block 1, reference block 8/9, shape 12/16, index chunk 2/4.
Building reference seed array...  [0.889s]
Building query seed array...  [0.061s]
Computing hash join...  [0.196s]
Masking low complexity seeds...  [0.044s]
Searching alignments...  [1.38s]
Deallocating memory...  [0s]
Processing query block 1, reference block 8/9, shape 12/16, index chunk 3/4.
Building reference seed array...  [0.999s]
Building query seed array...  [0.063s]
Computing hash join...  [0.196s]
Masking low complexity seeds...  [0.044s]
Searching alignments...  [1.373s]
Deallocating memory...  [0s]
Processing query block 1, reference block 8/9, shape 12/16, index chunk 4/4.
Building reference seed array...  [0.71s]
Building query seed array...  [0.051s]
Computing hash join...  [0.193s]
Masking low complexity seeds...  [0.045s]
Searching alignments...  [1.301s]
Deallocating memory...  [0s]
Processing query block 1, reference block 8/9, shape 13/16, index chunk 1/4.
Building reference seed array...  [0.736s]
Building query seed array...  [0.053s]
Computing hash join...  [0.192s]
Masking low complexity seeds...  [0.045s]
Searching alignments...  [1.348s]
Deallocating memory...  [0s]
Processing query block 1, reference block 8/9, shape 13/16, index chunk 2/4.
Building reference seed array...  [0.892s]
Building query seed array...  [0.061s]
Computing hash join...  [0.194s]
Masking low complexity seeds...  [0.044s]
Searching alignments...  [1.308s]
Deallocating memory...  [0s]
Processing query block 1, reference block 8/9, shape 13/16, index chunk 3/4.
Building reference seed array...  [0.996s]
Building query seed array...  [0.085s]
Computing hash join...  [0.199s]
Masking low complexity seeds...  [0.044s]
Searching alignments...  [1.32s]
Deallocating memory...  [0s]
Processing query block 1, reference block 8/9, shape 13/16, index chunk 4/4.
Building reference seed array...  [0.705s]
Building query seed array...  [0.067s]
Computing hash join...  [0.192s]
Masking low complexity seeds...  [0.045s]
Searching alignments...  [1.275s]
Deallocating memory...  [0s]
Processing query block 1, reference block 8/9, shape 14/16, index chunk 1/4.
Building reference seed array...  [0.738s]
Building query seed array...  [0.049s]
Computing hash join...  [0.196s]
Masking low complexity seeds...  [0.045s]
Searching alignments...  [1.314s]
Deallocating memory...  [0s]
Processing query block 1, reference block 8/9, shape 14/16, index chunk 2/4.
Building reference seed array...  [0.89s]
Building query seed array...  [0.065s]
Computing hash join...  [0.195s]
Masking low complexity seeds...  [0.046s]
Searching alignments...  [1.315s]
Deallocating memory...  [0s]
Processing query block 1, reference block 8/9, shape 14/16, index chunk 3/4.
Building reference seed array...  [0.988s]
Building query seed array...  [0.068s]
Computing hash join...  [0.201s]
Masking low complexity seeds...  [0.045s]
Searching alignments...  [1.363s]
Deallocating memory...  [0s]
Processing query block 1, reference block 8/9, shape 14/16, index chunk 4/4.
Building reference seed array...  [0.732s]
Building query seed array...  [0.069s]
Computing hash join...  [0.197s]
Masking low complexity seeds...  [0.045s]
Searching alignments...  [1.333s]
Deallocating memory...  [0s]
Processing query block 1, reference block 8/9, shape 15/16, index chunk 1/4.
Building reference seed array...  [0.757s]
Building query seed array...  [0.049s]
Computing hash join...  [0.198s]
Masking low complexity seeds...  [0.046s]
Searching alignments...  [1.308s]
Deallocating memory...  [0s]
Processing query block 1, reference block 8/9, shape 15/16, index chunk 2/4.
Building reference seed array...  [0.913s]
Building query seed array...  [0.059s]
Computing hash join...  [0.198s]
Masking low complexity seeds...  [0.047s]
Searching alignments...  [1.325s]
Deallocating memory...  [0s]
Processing query block 1, reference block 8/9, shape 15/16, index chunk 3/4.
Building reference seed array...  [0.994s]
Building query seed array...  [0.072s]
Computing hash join...  [0.198s]
Masking low complexity seeds...  [0.046s]
Searching alignments...  [1.326s]
Deallocating memory...  [0s]
Processing query block 1, reference block 8/9, shape 15/16, index chunk 4/4.
Building reference seed array...  [0.743s]
Building query seed array...  [0.051s]
Computing hash join...  [0.2s]
Masking low complexity seeds...  [0.044s]
Searching alignments...  [1.314s]
Deallocating memory...  [0s]
Processing query block 1, reference block 8/9, shape 16/16, index chunk 1/4.
Building reference seed array...  [0.733s]
Building query seed array...  [0.052s]
Computing hash join...  [0.192s]
Masking low complexity seeds...  [0.044s]
Searching alignments...  [1.292s]
Deallocating memory...  [0s]
Processing query block 1, reference block 8/9, shape 16/16, index chunk 2/4.
Building reference seed array...  [0.893s]
Building query seed array...  [0.061s]
Computing hash join...  [0.193s]
Masking low complexity seeds...  [0.046s]
Searching alignments...  [1.312s]
Deallocating memory...  [0s]
Processing query block 1, reference block 8/9, shape 16/16, index chunk 3/4.
Building reference seed array...  [0.991s]
Building query seed array...  [0.082s]
Computing hash join...  [0.196s]
Masking low complexity seeds...  [0.044s]
Searching alignments...  [1.298s]
Deallocating memory...  [0s]
Processing query block 1, reference block 8/9, shape 16/16, index chunk 4/4.
Building reference seed array...  [0.714s]
Building query seed array...  [0.05s]
Computing hash join...  [0.195s]
Masking low complexity seeds...  [0.045s]
Searching alignments...  [1.301s]
Deallocating memory...  [0s]
Deallocating buffers...  [0.009s]
Clearing query masking...  [0.041s]
Opening temporary output file...  [0s]
Computing alignments... Loading trace points...  [2.607s]
Sorting trace points...  [0.243s]
Computing alignments...  [5.676s]
Deallocating buffers...  [0.007s]
Loading trace points...  [0s]
 [9.389s]
Deallocating reference...  [0.009s]
Loading reference sequences...  [5.395s]
Masking reference...  [3.048s]
Initializing dictionary...  [0.097s]
Initializing temporary storage...  [0.002s]
Building reference histograms...  [10.933s]
Allocating buffers...  [0.003s]
Processing query block 1, reference block 9/9, shape 1/16, index chunk 1/4.
Building reference seed array...  [0.952s]
Building query seed array...  [0.148s]
Computing hash join...  [0.133s]
Masking low complexity seeds...  [0.044s]
Searching alignments...  [1.057s]
Deallocating memory...  [0s]
Processing query block 1, reference block 9/9, shape 1/16, index chunk 2/4.
Building reference seed array...  [0.585s]
Building query seed array...  [0.076s]
Computing hash join...  [0.133s]
Masking low complexity seeds...  [0.045s]
Searching alignments...  [1.006s]
Deallocating memory...  [0s]
Processing query block 1, reference block 9/9, shape 1/16, index chunk 3/4.
Building reference seed array...  [0.635s]
Building query seed array...  [0.068s]
Computing hash join...  [0.135s]
Masking low complexity seeds...  [0.046s]
Searching alignments...  [0.996s]
Deallocating memory...  [0s]
Processing query block 1, reference block 9/9, shape 1/16, index chunk 4/4.
Building reference seed array...  [0.468s]
Building query seed array...  [0.051s]
Computing hash join...  [0.133s]
Masking low complexity seeds...  [0.044s]
Searching alignments...  [1.004s]
Deallocating memory...  [0s]
Processing query block 1, reference block 9/9, shape 2/16, index chunk 1/4.
Building reference seed array...  [0.455s]
Building query seed array...  [0.049s]
Computing hash join...  [0.118s]
Masking low complexity seeds...  [0.043s]
Searching alignments...  [4.145s]
Deallocating memory...  [0s]
Processing query block 1, reference block 9/9, shape 2/16, index chunk 2/4.
Building reference seed array...  [0.552s]
Building query seed array...  [0.07s]
Computing hash join...  [0.117s]
Masking low complexity seeds...  [0.043s]
Searching alignments...  [0.891s]
Deallocating memory...  [0s]
Processing query block 1, reference block 9/9, shape 2/16, index chunk 3/4.
Building reference seed array...  [0.606s]
Building query seed array...  [0.064s]
Computing hash join...  [0.117s]
Masking low complexity seeds...  [0.044s]
Searching alignments...  [0.889s]
Deallocating memory...  [0s]
Processing query block 1, reference block 9/9, shape 2/16, index chunk 4/4.
Building reference seed array...  [0.455s]
Building query seed array...  [0.072s]
Computing hash join...  [0.115s]
Masking low complexity seeds...  [0.044s]
Searching alignments...  [0.891s]
Deallocating memory...  [0s]
Processing query block 1, reference block 9/9, shape 3/16, index chunk 1/4.
Building reference seed array...  [0.482s]
Building query seed array...  [0.07s]
Computing hash join...  [0.131s]
Masking low complexity seeds...  [0.045s]
Searching alignments...  [0.963s]
Deallocating memory...  [0s]
Processing query block 1, reference block 9/9, shape 3/16, index chunk 2/4.
Building reference seed array...  [0.568s]
Building query seed array...  [0.06s]
Computing hash join...  [0.129s]
Masking low complexity seeds...  [0.045s]
Searching alignments...  [1.026s]
Deallocating memory...  [0s]
Processing query block 1, reference block 9/9, shape 3/16, index chunk 3/4.
Building reference seed array...  [0.629s]
Building query seed array...  [0.078s]
Computing hash join...  [0.136s]
Masking low complexity seeds...  [0.045s]
Searching alignments...  [0.997s]
Deallocating memory...  [0s]
Processing query block 1, reference block 9/9, shape 3/16, index chunk 4/4.
Building reference seed array...  [0.454s]
Building query seed array...  [0.049s]
Computing hash join...  [0.13s]
Masking low complexity seeds...  [0.045s]
Searching alignments...  [0.938s]
Deallocating memory...  [0s]
Processing query block 1, reference block 9/9, shape 4/16, index chunk 1/4.
Building reference seed array...  [0.465s]
Building query seed array...  [0.053s]
Computing hash join...  [0.127s]
Masking low complexity seeds...  [0.044s]
Searching alignments...  [1.031s]
Deallocating memory...  [0s]
Processing query block 1, reference block 9/9, shape 4/16, index chunk 2/4.
Building reference seed array...  [0.564s]
Building query seed array...  [0.064s]
Computing hash join...  [0.129s]
Masking low complexity seeds...  [0.044s]
Searching alignments...  [1.03s]
Deallocating memory...  [0s]
Processing query block 1, reference block 9/9, shape 4/16, index chunk 3/4.
Building reference seed array...  [0.63s]
Building query seed array...  [0.065s]
Computing hash join...  [0.13s]
Masking low complexity seeds...  [0.044s]
Searching alignments...  [0.932s]
Deallocating memory...  [0s]
Processing query block 1, reference block 9/9, shape 4/16, index chunk 4/4.
Building reference seed array...  [0.483s]
Building query seed array...  [0.052s]
Computing hash join...  [0.128s]
Masking low complexity seeds...  [0.043s]
Searching alignments...  [0.95s]
Deallocating memory...  [0s]
Processing query block 1, reference block 9/9, shape 5/16, index chunk 1/4.
Building reference seed array...  [0.464s]
Building query seed array...  [0.052s]
Computing hash join...  [0.119s]
Masking low complexity seeds...  [0.043s]
Searching alignments...  [0.905s]
Deallocating memory...  [0s]
Processing query block 1, reference block 9/9, shape 5/16, index chunk 2/4.
Building reference seed array...  [0.561s]
Building query seed array...  [0.061s]
Computing hash join...  [0.12s]
Masking low complexity seeds...  [0.042s]
Searching alignments...  [0.927s]
Deallocating memory...  [0s]
Processing query block 1, reference block 9/9, shape 5/16, index chunk 3/4.
Building reference seed array...  [0.611s]
Building query seed array...  [0.067s]
Computing hash join...  [0.12s]
Masking low complexity seeds...  [0.043s]
Searching alignments...  [0.924s]
Deallocating memory...  [0s]
Processing query block 1, reference block 9/9, shape 5/16, index chunk 4/4.
Building reference seed array...  [0.465s]
Building query seed array...  [0.05s]
Computing hash join...  [0.12s]
Masking low complexity seeds...  [0.043s]
Searching alignments...  [0.936s]
Deallocating memory...  [0s]
Processing query block 1, reference block 9/9, shape 6/16, index chunk 1/4.
Building reference seed array...  [0.478s]
Building query seed array...  [0.053s]
Computing hash join...  [0.121s]
Masking low complexity seeds...  [0.044s]
Searching alignments...  [0.946s]
Deallocating memory...  [0s]
Processing query block 1, reference block 9/9, shape 6/16, index chunk 2/4.
Building reference seed array...  [0.556s]
Building query seed array...  [0.079s]
Computing hash join...  [0.126s]
Masking low complexity seeds...  [0.044s]
Searching alignments...  [0.94s]
Deallocating memory...  [0s]
Processing query block 1, reference block 9/9, shape 6/16, index chunk 3/4.
Building reference seed array...  [0.616s]
Building query seed array...  [0.067s]
Computing hash join...  [0.126s]
Masking low complexity seeds...  [0.044s]
Searching alignments...  [0.95s]
Deallocating memory...  [0s]
Processing query block 1, reference block 9/9, shape 6/16, index chunk 4/4.
Building reference seed array...  [0.463s]
Building query seed array...  [0.053s]
Computing hash join...  [0.12s]
Masking low complexity seeds...  [0.045s]
Searching alignments...  [0.958s]
Deallocating memory...  [0s]
Processing query block 1, reference block 9/9, shape 7/16, index chunk 1/4.
Building reference seed array...  [0.453s]
Building query seed array...  [0.051s]
Computing hash join...  [0.114s]
Masking low complexity seeds...  [0.043s]
Searching alignments...  [0.919s]
Deallocating memory...  [0s]
Processing query block 1, reference block 9/9, shape 7/16, index chunk 2/4.
Building reference seed array...  [0.547s]
Building query seed array...  [0.071s]
Computing hash join...  [0.116s]
Masking low complexity seeds...  [0.044s]
Searching alignments...  [0.922s]
Deallocating memory...  [0s]
Processing query block 1, reference block 9/9, shape 7/16, index chunk 3/4.
Building reference seed array...  [0.611s]
Building query seed array...  [0.065s]
Computing hash join...  [0.118s]
Masking low complexity seeds...  [0.044s]
Searching alignments...  [0.968s]
Deallocating memory...  [0s]
Processing query block 1, reference block 9/9, shape 7/16, index chunk 4/4.
Building reference seed array...  [0.436s]
Building query seed array...  [0.048s]
Computing hash join...  [0.114s]
Masking low complexity seeds...  [0.045s]
Searching alignments...  [0.965s]
Deallocating memory...  [0s]
Processing query block 1, reference block 9/9, shape 8/16, index chunk 1/4.
Building reference seed array...  [0.455s]
Building query seed array...  [0.074s]
Computing hash join...  [0.118s]
Masking low complexity seeds...  [0.045s]
Searching alignments...  [1.011s]
Deallocating memory...  [0s]
Processing query block 1, reference block 9/9, shape 8/16, index chunk 2/4.
Building reference seed array...  [0.554s]
Building query seed array...  [0.077s]
Computing hash join...  [0.124s]
Masking low complexity seeds...  [0.043s]
Searching alignments...  [0.942s]
Deallocating memory...  [0s]
Processing query block 1, reference block 9/9, shape 8/16, index chunk 3/4.
Building reference seed array...  [0.615s]
Building query seed array...  [0.068s]
Computing hash join...  [0.122s]
Masking low complexity seeds...  [0.044s]
Searching alignments...  [0.97s]
Deallocating memory...  [0s]
Processing query block 1, reference block 9/9, shape 8/16, index chunk 4/4.
Building reference seed array...  [0.44s]
Building query seed array...  [0.048s]
Computing hash join...  [0.117s]
Masking low complexity seeds...  [0.043s]
Searching alignments...  [0.912s]
Deallocating memory...  [0s]
Processing query block 1, reference block 9/9, shape 9/16, index chunk 1/4.
Building reference seed array...  [0.464s]
Building query seed array...  [0.054s]
Computing hash join...  [0.125s]
Masking low complexity seeds...  [0.045s]
Searching alignments...  [0.939s]
Deallocating memory...  [0s]
Processing query block 1, reference block 9/9, shape 9/16, index chunk 2/4.
Building reference seed array...  [0.563s]
Building query seed array...  [0.062s]
Computing hash join...  [0.126s]
Masking low complexity seeds...  [0.044s]
Searching alignments...  [0.929s]
Deallocating memory...  [0s]
Processing query block 1, reference block 9/9, shape 9/16, index chunk 3/4.
Building reference seed array...  [0.629s]
Building query seed array...  [0.066s]
Computing hash join...  [0.129s]
Masking low complexity seeds...  [0.044s]
Searching alignments...  [0.923s]
Deallocating memory...  [0s]
Processing query block 1, reference block 9/9, shape 9/16, index chunk 4/4.
Building reference seed array...  [0.459s]
Building query seed array...  [0.054s]
Computing hash join...  [0.127s]
Masking low complexity seeds...  [0.044s]
Searching alignments...  [0.91s]
Deallocating memory...  [0s]
Processing query block 1, reference block 9/9, shape 10/16, index chunk 1/4.
Building reference seed array...  [0.449s]
Building query seed array...  [0.054s]
Computing hash join...  [0.114s]
Masking low complexity seeds...  [0.043s]
Searching alignments...  [0.852s]
Deallocating memory...  [0s]
Processing query block 1, reference block 9/9, shape 10/16, index chunk 2/4.
Building reference seed array...  [0.54s]
Building query seed array...  [0.081s]
Computing hash join...  [0.116s]
Masking low complexity seeds...  [0.043s]
Searching alignments...  [0.895s]
Deallocating memory...  [0s]
Processing query block 1, reference block 9/9, shape 10/16, index chunk 3/4.
Building reference seed array...  [0.597s]
Building query seed array...  [0.065s]
Computing hash join...  [0.115s]
Masking low complexity seeds...  [0.043s]
Searching alignments...  [0.863s]
Deallocating memory...  [0s]
Processing query block 1, reference block 9/9, shape 10/16, index chunk 4/4.
Building reference seed array...  [0.447s]
Building query seed array...  [0.049s]
Computing hash join...  [0.116s]
Masking low complexity seeds...  [0.043s]
Searching alignments...  [0.853s]
Deallocating memory...  [0s]
Processing query block 1, reference block 9/9, shape 11/16, index chunk 1/4.
Building reference seed array...  [0.469s]
Building query seed array...  [0.053s]
Computing hash join...  [0.122s]
Masking low complexity seeds...  [0.044s]
Searching alignments...  [0.988s]
Deallocating memory...  [0s]
Processing query block 1, reference block 9/9, shape 11/16, index chunk 2/4.
Building reference seed array...  [0.568s]
Building query seed array...  [0.065s]
Computing hash join...  [0.124s]
Masking low complexity seeds...  [0.044s]
Searching alignments...  [0.924s]
Deallocating memory...  [0s]
Processing query block 1, reference block 9/9, shape 11/16, index chunk 3/4.
Building reference seed array...  [0.616s]
Building query seed array...  [0.064s]
Computing hash join...  [0.122s]
Masking low complexity seeds...  [0.044s]
Searching alignments...  [0.908s]
Deallocating memory...  [0s]
Processing query block 1, reference block 9/9, shape 11/16, index chunk 4/4.
Building reference seed array...  [0.449s]
Building query seed array...  [0.048s]
Computing hash join...  [0.121s]
Masking low complexity seeds...  [0.044s]
Searching alignments...  [0.919s]
Deallocating memory...  [0s]
Processing query block 1, reference block 9/9, shape 12/16, index chunk 1/4.
Building reference seed array...  [0.443s]
Building query seed array...  [0.049s]
Computing hash join...  [0.114s]
Masking low complexity seeds...  [0.043s]
Searching alignments...  [0.866s]
Deallocating memory...  [0s]
Processing query block 1, reference block 9/9, shape 12/16, index chunk 2/4.
Building reference seed array...  [0.555s]
Building query seed array...  [0.056s]
Computing hash join...  [0.113s]
Masking low complexity seeds...  [0.042s]
Searching alignments...  [0.858s]
Deallocating memory...  [0s]
Processing query block 1, reference block 9/9, shape 12/16, index chunk 3/4.
Building reference seed array...  [0.6s]
Building query seed array...  [0.062s]
Computing hash join...  [0.115s]
Masking low complexity seeds...  [0.043s]
Searching alignments...  [0.877s]
Deallocating memory...  [0s]
Processing query block 1, reference block 9/9, shape 12/16, index chunk 4/4.
Building reference seed array...  [0.432s]
Building query seed array...  [0.05s]
Computing hash join...  [0.112s]
Masking low complexity seeds...  [0.043s]
Searching alignments...  [0.865s]
Deallocating memory...  [0s]
Processing query block 1, reference block 9/9, shape 13/16, index chunk 1/4.
Building reference seed array...  [0.444s]
Building query seed array...  [0.052s]
Computing hash join...  [0.116s]
Masking low complexity seeds...  [0.042s]
Searching alignments...  [0.858s]
Deallocating memory...  [0s]
Processing query block 1, reference block 9/9, shape 13/16, index chunk 2/4.
Building reference seed array...  [0.538s]
Building query seed array...  [0.06s]
Computing hash join...  [0.115s]
Masking low complexity seeds...  [0.043s]
Searching alignments...  [0.857s]
Deallocating memory...  [0s]
Processing query block 1, reference block 9/9, shape 13/16, index chunk 3/4.
Building reference seed array...  [0.599s]
Building query seed array...  [0.063s]
Computing hash join...  [0.117s]
Masking low complexity seeds...  [0.043s]
Searching alignments...  [0.875s]
Deallocating memory...  [0s]
Processing query block 1, reference block 9/9, shape 13/16, index chunk 4/4.
Building reference seed array...  [0.431s]
Building query seed array...  [0.047s]
Computing hash join...  [0.112s]
Masking low complexity seeds...  [0.042s]
Searching alignments...  [0.968s]
Deallocating memory...  [0s]
Processing query block 1, reference block 9/9, shape 14/16, index chunk 1/4.
Building reference seed array...  [0.453s]
Building query seed array...  [0.052s]
Computing hash join...  [0.114s]
Masking low complexity seeds...  [0.043s]
Searching alignments...  [0.896s]
Deallocating memory...  [0s]
Processing query block 1, reference block 9/9, shape 14/16, index chunk 2/4.
Building reference seed array...  [0.545s]
Building query seed array...  [0.058s]
Computing hash join...  [0.119s]
Masking low complexity seeds...  [0.044s]
Searching alignments...  [0.899s]
Deallocating memory...  [0s]
Processing query block 1, reference block 9/9, shape 14/16, index chunk 3/4.
Building reference seed array...  [0.61s]
Building query seed array...  [0.063s]
Computing hash join...  [0.115s]
Masking low complexity seeds...  [0.042s]
Searching alignments...  [0.881s]
Deallocating memory...  [0s]
Processing query block 1, reference block 9/9, shape 14/16, index chunk 4/4.
Building reference seed array...  [0.436s]
Building query seed array...  [0.05s]
Computing hash join...  [0.115s]
Masking low complexity seeds...  [0.043s]
Searching alignments...  [0.864s]
Deallocating memory...  [0s]
Processing query block 1, reference block 9/9, shape 15/16, index chunk 1/4.
Building reference seed array...  [0.452s]
Building query seed array...  [0.053s]
Computing hash join...  [0.118s]
Masking low complexity seeds...  [0.043s]
Searching alignments...  [0.892s]
Deallocating memory...  [0s]
Processing query block 1, reference block 9/9, shape 15/16, index chunk 2/4.
Building reference seed array...  [0.566s]
Building query seed array...  [0.063s]
Computing hash join...  [0.126s]
Masking low complexity seeds...  [0.042s]
Searching alignments...  [0.892s]
Deallocating memory...  [0s]
Processing query block 1, reference block 9/9, shape 15/16, index chunk 3/4.
Building reference seed array...  [0.609s]
Building query seed array...  [0.064s]
Computing hash join...  [0.121s]
Masking low complexity seeds...  [0.044s]
Searching alignments...  [0.874s]
Deallocating memory...  [0s]
Processing query block 1, reference block 9/9, shape 15/16, index chunk 4/4.
Building reference seed array...  [0.439s]
Building query seed array...  [0.049s]
Computing hash join...  [0.117s]
Masking low complexity seeds...  [0.042s]
Searching alignments...  [0.898s]
Deallocating memory...  [0s]
Processing query block 1, reference block 9/9, shape 16/16, index chunk 1/4.
Building reference seed array...  [0.448s]
Building query seed array...  [0.052s]
Computing hash join...  [0.113s]
Masking low complexity seeds...  [0.042s]
Searching alignments...  [0.849s]
Deallocating memory...  [0s]
Processing query block 1, reference block 9/9, shape 16/16, index chunk 2/4.
Building reference seed array...  [0.55s]
Building query seed array...  [0.059s]
Computing hash join...  [0.116s]
Masking low complexity seeds...  [0.043s]
Searching alignments...  [0.918s]
Deallocating memory...  [0s]
Processing query block 1, reference block 9/9, shape 16/16, index chunk 3/4.
Building reference seed array...  [0.613s]
Building query seed array...  [0.066s]
Computing hash join...  [0.118s]
Masking low complexity seeds...  [0.043s]
Searching alignments...  [0.887s]
Deallocating memory...  [0s]
Processing query block 1, reference block 9/9, shape 16/16, index chunk 4/4.
Building reference seed array...  [0.445s]
Building query seed array...  [0.067s]
Computing hash join...  [0.115s]
Masking low complexity seeds...  [0.042s]
Searching alignments...  [0.879s]
Deallocating memory...  [0s]
Deallocating buffers...  [0.006s]
Clearing query masking...  [0.046s]
Opening temporary output file...  [0s]
Computing alignments... Loading trace points...  [1.762s]
Sorting trace points...  [0.123s]
Computing alignments...  [3.492s]
Deallocating buffers...  [0.004s]
Loading trace points...  [0s]
 [6.712s]
Deallocating reference...  [0.008s]
Loading reference sequences...  [0s]
Deallocating buffers...  [0s]
Joining output blocks... Loading dictionary...  [0.41s]
Joining output blocks...  [6.574s]
 [6.985s]
Deallocating queries...  [0.02s]
Total time = 1798.91s
Reported 388661 pairwise alignments, 388661 HSPs.
41195 queries aligned.
--- DIAMOND blastx completed successfully for GDB_136 ---
Output saved to: transcripts/GDB_136_blast_sensitive.mikado_transcripts.tsv.gz
