nohup: no se tendrá en cuenta la entrada
--- Starting AUGUSTUS Parallel Pipeline ---
Jobs to process: 9252
Parallel workers: 16
[OK] 1.004.GDB136_chr1H.fa.1350001..1850000
[OK] 1.078.GDB136_chr1H.fa.34650001..35150000
[OK] 1.103.GDB136_chr1H.fa.45900001..46400000
[OK] 1.112.GDB136_chr1H.fa.49950001..50450000
[OK] 1.111.GDB136_chr1H.fa.49500001..50000000
[OK] 1.084.GDB136_chr1H.fa.37350001..37850000
[OK] 1.080.GDB136_chr1H.fa.35550001..36050000
[OK] 1.142.GDB136_chr1H.fa.63450001..63950000
[OK] 1.143.GDB136_chr1H.fa.63900001..64400000
[OK] 1.129.GDB136_chr1H.fa.57600001..58100000
[OK] 1.149.GDB136_chr1H.fa.66600001..67100000
[OK] 1.110.GDB136_chr1H.fa.49050001..49550000
[OK] 1.108.GDB136_chr1H.fa.48150001..48650000
[OK] 1.135.GDB136_chr1H.fa.60300001..60800000
[OK] 1.094.GDB136_chr1H.fa.41850001..42350000
[OK] 1.155.GDB136_chr1H.fa.69300001..69800000
[OK] 1.154.GDB136_chr1H.fa.68850001..69350000
[OK] 1.140.GDB136_chr1H.fa.62550001..63050000
[OK] 1.147.GDB136_chr1H.fa.65700001..66200000
[OK] 1.132.GDB136_chr1H.fa.58950001..59450000
[OK] 1.007.GDB136_chr1H.fa.2700001..3200000
[OK] 1.150.GDB136_chr1H.fa.67050001..67550000
[OK] 1.076.GDB136_chr1H.fa.33750001..34250000
[OK] 1.095.GDB136_chr1H.fa.42300001..42800000
[OK] 1.116.GDB136_chr1H.fa.51750001..52250000
[OK] 1.109.GDB136_chr1H.fa.48600001..49100000
[OK] 1.123.GDB136_chr1H.fa.54900001..55400000
[OK] 1.097.GDB136_chr1H.fa.43200001..43700000
[OK] 1.131.GDB136_chr1H.fa.58500001..59000000
[OK] 1.121.GDB136_chr1H.fa.54000001..54500000
[OK] 1.156.GDB136_chr1H.fa.69750001..70250000
[OK] 1.091.GDB136_chr1H.fa.40500001..41000000
[OK] 1.141.GDB136_chr1H.fa.63000001..63500000
[OK] 1.081.GDB136_chr1H.fa.36000001..36500000
[OK] 1.102.GDB136_chr1H.fa.45450001..45950000
[OK] 1.136.GDB136_chr1H.fa.60750001..61250000
[OK] 1.127.GDB136_chr1H.fa.56700001..57200000
[OK] 1.158.GDB136_chr1H.fa.70650001..71150000
[OK] 1.082.GDB136_chr1H.fa.36450001..36950000
[OK] 1.160.GDB136_chr1H.fa.71550001..72050000
[OK] 1.118.GDB136_chr1H.fa.52650001..53150000
[OK] 1.101.GDB136_chr1H.fa.45000001..45500000
[OK] 1.077.GDB136_chr1H.fa.34200001..34700000
[OK] 1.075.GDB136_chr1H.fa.33300001..33800000
[OK] 1.113.GDB136_chr1H.fa.50400001..50900000
[OK] 1.146.GDB136_chr1H.fa.65250001..65750000
[OK] 1.106.GDB136_chr1H.fa.47250001..47750000
[OK] 1.137.GDB136_chr1H.fa.61200001..61700000
[OK] 1.128.GDB136_chr1H.fa.57150001..57650000
[OK] 1.100.GDB136_chr1H.fa.44550001..45050000
[OK] 1.144.GDB136_chr1H.fa.64350001..64850000
[OK] 1.114.GDB136_chr1H.fa.50850001..51350000
[OK] 1.105.GDB136_chr1H.fa.46800001..47300000
[OK] 1.153.GDB136_chr1H.fa.68400001..68900000
[OK] 1.122.GDB136_chr1H.fa.54450001..54950000
[OK] 1.120.GDB136_chr1H.fa.53550001..54050000
[OK] 1.145.GDB136_chr1H.fa.64800001..65300000
[OK] 1.139.GDB136_chr1H.fa.62100001..62600000
[OK] 1.157.GDB136_chr1H.fa.70200001..70700000
[OK] 1.148.GDB136_chr1H.fa.66150001..66650000
[OK] 1.107.GDB136_chr1H.fa.47700001..48200000
[OK] 1.092.GDB136_chr1H.fa.40950001..41450000
[OK] 1.151.GDB136_chr1H.fa.67500001..68000000
[OK] 1.104.GDB136_chr1H.fa.46350001..46850000
[OK] 1.159.GDB136_chr1H.fa.71100001..71600000
[OK] 1.117.GDB136_chr1H.fa.52200001..52700000
[OK] 1.125.GDB136_chr1H.fa.55800001..56300000
[OK] 1.115.GDB136_chr1H.fa.51300001..51800000
[OK] 1.089.GDB136_chr1H.fa.39600001..40100000
[OK] 1.098.GDB136_chr1H.fa.43650001..44150000
[OK] 1.126.GDB136_chr1H.fa.56250001..56750000
[OK] 1.096.GDB136_chr1H.fa.42750001..43250000
[OK] 1.086.GDB136_chr1H.fa.38250001..38750000
[OK] 1.124.GDB136_chr1H.fa.55350001..55850000
[OK] 1.093.GDB136_chr1H.fa.41400001..41900000
[OK] 1.090.GDB136_chr1H.fa.40050001..40550000
[OK] 1.119.GDB136_chr1H.fa.53100001..53600000
[OK] 1.130.GDB136_chr1H.fa.58050001..58550000
[OK] 1.133.GDB136_chr1H.fa.59400001..59900000
[OK] 1.087.GDB136_chr1H.fa.38700001..39200000
[OK] 1.099.GDB136_chr1H.fa.44100001..44600000
[OK] 1.134.GDB136_chr1H.fa.59850001..60350000
[OK] 1.079.GDB136_chr1H.fa.35100001..35600000
[OK] 1.152.GDB136_chr1H.fa.67950001..68450000
[OK] 1.085.GDB136_chr1H.fa.37800001..38300000
[OK] 1.083.GDB136_chr1H.fa.36900001..37400000
[OK] 1.088.GDB136_chr1H.fa.39150001..39650000
[OK] 1.177.GDB136_chr1H.fa.79200001..79700000
[OK] 1.184.GDB136_chr1H.fa.82350001..82850000
[OK] 1.172.GDB136_chr1H.fa.76950001..77450000
[OK] 1.161.GDB136_chr1H.fa.72000001..72500000
[OK] 1.194.GDB136_chr1H.fa.86850001..87350000
[OK] 1.171.GDB136_chr1H.fa.76500001..77000000
[OK] 1.180.GDB136_chr1H.fa.80550001..81050000
[OK] 1.195.GDB136_chr1H.fa.87300001..87800000
[OK] 1.162.GDB136_chr1H.fa.72450001..72950000
[OK] 1.164.GDB136_chr1H.fa.73350001..73850000
[OK] 1.189.GDB136_chr1H.fa.84600001..85100000
[OK] 1.138.GDB136_chr1H.fa.61650001..62150000
[OK] 1.178.GDB136_chr1H.fa.79650001..80150000
[OK] 1.167.GDB136_chr1H.fa.74700001..75200000
[OK] 1.191.GDB136_chr1H.fa.85500001..86000000
[OK] 1.174.GDB136_chr1H.fa.77850001..78350000
[OK] 1.190.GDB136_chr1H.fa.85050001..85550000
[OK] 1.199.GDB136_chr1H.fa.89100001..89600000
[OK] 1.166.GDB136_chr1H.fa.74250001..74750000
[OK] 1.192.GDB136_chr1H.fa.85950001..86450000
[OK] 1.225.GDB136_chr1H.fa.100800001..101300000
[OK] 1.170.GDB136_chr1H.fa.76050001..76550000
[OK] 1.206.GDB136_chr1H.fa.92250001..92750000
[OK] 1.221.GDB136_chr1H.fa.99000001..99500000
[OK] 1.236.GDB136_chr1H.fa.105750001..106250000
[OK] 1.229.GDB136_chr1H.fa.102600001..103100000
[OK] 1.210.GDB136_chr1H.fa.94050001..94550000
[OK] 1.181.GDB136_chr1H.fa.81000001..81500000
[OK] 1.169.GDB136_chr1H.fa.75600001..76100000
[OK] 1.244.GDB136_chr1H.fa.109350001..109850000
[OK] 1.219.GDB136_chr1H.fa.98100001..98600000
[OK] 1.163.GDB136_chr1H.fa.72900001..73400000
[OK] 1.215.GDB136_chr1H.fa.96300001..96800000
[OK] 1.198.GDB136_chr1H.fa.88650001..89150000
[OK] 1.175.GDB136_chr1H.fa.78300001..78800000
[OK] 1.168.GDB136_chr1H.fa.75150001..75650000
[OK] 1.173.GDB136_chr1H.fa.77400001..77900000
[OK] 1.183.GDB136_chr1H.fa.81900001..82400000
[OK] 1.179.GDB136_chr1H.fa.80100001..80600000
[OK] 1.214.GDB136_chr1H.fa.95850001..96350000
[OK] 1.204.GDB136_chr1H.fa.91350001..91850000
[OK] 1.201.GDB136_chr1H.fa.90000001..90500000
[OK] 1.185.GDB136_chr1H.fa.82800001..83300000
[OK] 1.208.GDB136_chr1H.fa.93150001..93650000
[OK] 1.165.GDB136_chr1H.fa.73800001..74300000
[OK] 1.205.GDB136_chr1H.fa.91800001..92300000
[OK] 1.188.GDB136_chr1H.fa.84150001..84650000
[OK] 1.241.GDB136_chr1H.fa.108000001..108500000
[OK] 1.200.GDB136_chr1H.fa.89550001..90050000
[OK] 1.223.GDB136_chr1H.fa.99900001..100400000
[OK] 1.238.GDB136_chr1H.fa.106650001..107150000
[OK] 1.228.GDB136_chr1H.fa.102150001..102650000
[OK] 1.193.GDB136_chr1H.fa.86400001..86900000
[OK] 1.245.GDB136_chr1H.fa.109800001..110300000
[OK] 1.224.GDB136_chr1H.fa.100350001..100850000
[OK] 1.218.GDB136_chr1H.fa.97650001..98150000
[OK] 1.216.GDB136_chr1H.fa.96750001..97250000
[OK] 1.196.GDB136_chr1H.fa.87750001..88250000
[OK] 1.213.GDB136_chr1H.fa.95400001..95900000
[OK] 1.209.GDB136_chr1H.fa.93600001..94100000
[OK] 1.211.GDB136_chr1H.fa.94500001..95000000
[OK] 1.231.GDB136_chr1H.fa.103500001..104000000
[OK] 1.240.GDB136_chr1H.fa.107550001..108050000
[OK] 1.207.GDB136_chr1H.fa.92700001..93200000
[OK] 1.197.GDB136_chr1H.fa.88200001..88700000
[OK] 1.176.GDB136_chr1H.fa.78750001..79250000
[OK] 1.239.GDB136_chr1H.fa.107100001..107600000
[OK] 1.220.GDB136_chr1H.fa.98550001..99050000
[OK] 1.242.GDB136_chr1H.fa.108450001..108950000
[OK] 1.232.GDB136_chr1H.fa.103950001..104450000
[OK] 1.187.GDB136_chr1H.fa.83700001..84200000
[OK] 1.234.GDB136_chr1H.fa.104850001..105350000
[OK] 1.222.GDB136_chr1H.fa.99450001..99950000
[OK] 1.212.GDB136_chr1H.fa.94950001..95450000
[OK] 1.237.GDB136_chr1H.fa.106200001..106700000
[OK] 1.243.GDB136_chr1H.fa.108900001..109400000
[OK] 1.186.GDB136_chr1H.fa.83250001..83750000
[OK] 1.217.GDB136_chr1H.fa.97200001..97700000
[OK] 1.230.GDB136_chr1H.fa.103050001..103550000
[OK] 1.202.GDB136_chr1H.fa.90450001..90950000
[OK] 1.246.GDB136_chr1H.fa.110250001..110750000
[OK] 1.248.GDB136_chr1H.fa.111150001..111650000
[OK] 1.235.GDB136_chr1H.fa.105300001..105800000
[OK] 1.247.GDB136_chr1H.fa.110700001..111200000
[OK] 1.233.GDB136_chr1H.fa.104400001..104900000
[OK] 1.226.GDB136_chr1H.fa.101250001..101750000
[OK] 1.182.GDB136_chr1H.fa.81450001..81950000
[OK] 1.203.GDB136_chr1H.fa.90900001..91400000
[OK] 1.227.GDB136_chr1H.fa.101700001..102200000
[OK] 1.254.GDB136_chr1H.fa.113850001..114350000
[OK] 1.251.GDB136_chr1H.fa.112500001..113000000
[OK] 1.264.GDB136_chr1H.fa.118350001..118850000
[OK] 1.258.GDB136_chr1H.fa.115650001..116150000
[OK] 1.255.GDB136_chr1H.fa.114300001..114800000
[OK] 1.263.GDB136_chr1H.fa.117900001..118400000
[OK] 1.261.GDB136_chr1H.fa.117000001..117500000
[OK] 1.252.GDB136_chr1H.fa.112950001..113450000
[OK] 1.249.GDB136_chr1H.fa.111600001..112100000
[OK] 1.250.GDB136_chr1H.fa.112050001..112550000
[OK] 1.282.GDB136_chr1H.fa.126450001..126950000
[OK] 1.269.GDB136_chr1H.fa.120600001..121100000
[OK] 1.259.GDB136_chr1H.fa.116100001..116600000
[OK] 1.265.GDB136_chr1H.fa.118800001..119300000
[OK] 1.304.GDB136_chr1H.fa.136350001..136850000
[OK] 1.253.GDB136_chr1H.fa.113400001..113900000
[OK] 1.256.GDB136_chr1H.fa.114750001..115250000
[OK] 1.289.GDB136_chr1H.fa.129600001..130100000
[OK] 1.270.GDB136_chr1H.fa.121050001..121550000
[OK] 1.279.GDB136_chr1H.fa.125100001..125600000
[OK] 1.294.GDB136_chr1H.fa.131850001..132350000
[OK] 1.276.GDB136_chr1H.fa.123750001..124250000
[OK] 1.291.GDB136_chr1H.fa.130500001..131000000
[OK] 1.277.GDB136_chr1H.fa.124200001..124700000
[OK] 1.290.GDB136_chr1H.fa.130050001..130550000
[OK] 1.266.GDB136_chr1H.fa.119250001..119750000
[OK] 1.292.GDB136_chr1H.fa.130950001..131450000
[OK] 1.262.GDB136_chr1H.fa.117450001..117950000
[OK] 1.273.GDB136_chr1H.fa.122400001..122900000
[OK] 1.257.GDB136_chr1H.fa.115200001..115700000
[OK] 1.271.GDB136_chr1H.fa.121500001..122000000
[OK] 1.267.GDB136_chr1H.fa.119700001..120200000
[OK] 1.297.GDB136_chr1H.fa.133200001..133700000
[OK] 1.284.GDB136_chr1H.fa.127350001..127850000
[OK] 1.278.GDB136_chr1H.fa.124650001..125150000
[OK] 1.302.GDB136_chr1H.fa.135450001..135950000
[OK] 1.296.GDB136_chr1H.fa.132750001..133250000
[OK] 1.285.GDB136_chr1H.fa.127800001..128300000
[OK] 1.283.GDB136_chr1H.fa.126900001..127400000
[OK] 1.295.GDB136_chr1H.fa.132300001..132800000
[OK] 1.281.GDB136_chr1H.fa.126000001..126500000
[OK] 1.300.GDB136_chr1H.fa.134550001..135050000
[OK] 1.260.GDB136_chr1H.fa.116550001..117050000
[OK] 1.288.GDB136_chr1H.fa.129150001..129650000
[OK] 1.268.GDB136_chr1H.fa.120150001..120650000
[OK] 1.313.GDB136_chr1H.fa.140400001..140900000
[OK] 1.298.GDB136_chr1H.fa.133650001..134150000
[OK] 1.312.GDB136_chr1H.fa.139950001..140450000
[OK] 1.303.GDB136_chr1H.fa.135900001..136400000
[OK] 1.272.GDB136_chr1H.fa.121950001..122450000
[OK] 1.299.GDB136_chr1H.fa.134100001..134600000
[OK] 1.311.GDB136_chr1H.fa.139500001..140000000
[OK] 1.310.GDB136_chr1H.fa.139050001..139550000
[OK] 1.301.GDB136_chr1H.fa.135000001..135500000
[OK] 1.280.GDB136_chr1H.fa.125550001..126050000
[OK] 1.324.GDB136_chr1H.fa.145350001..145850000
[OK] 1.315.GDB136_chr1H.fa.141300001..141800000
[OK] 1.286.GDB136_chr1H.fa.128250001..128750000
[OK] 1.330.GDB136_chr1H.fa.148050001..148550000
[OK] 1.287.GDB136_chr1H.fa.128700001..129200000
[OK] 1.275.GDB136_chr1H.fa.123300001..123800000
[OK] 1.293.GDB136_chr1H.fa.131400001..131900000
[OK] 1.325.GDB136_chr1H.fa.145800001..146300000
[OK] 1.318.GDB136_chr1H.fa.142650001..143150000
[OK] 1.319.GDB136_chr1H.fa.143100001..143600000
[OK] 1.309.GDB136_chr1H.fa.138600001..139100000
[OK] 1.274.GDB136_chr1H.fa.122850001..123350000
[OK] 1.314.GDB136_chr1H.fa.140850001..141350000
[OK] 1.305.GDB136_chr1H.fa.136800001..137300000
[OK] 1.323.GDB136_chr1H.fa.144900001..145400000
[OK] 1.308.GDB136_chr1H.fa.138150001..138650000
[OK] 1.321.GDB136_chr1H.fa.144000001..144500000
[OK] 1.332.GDB136_chr1H.fa.148950001..149450000
[OK] 1.336.GDB136_chr1H.fa.150750001..151250000
[OK] 1.320.GDB136_chr1H.fa.143550001..144050000
[OK] 1.307.GDB136_chr1H.fa.137700001..138200000
[OK] 1.328.GDB136_chr1H.fa.147150001..147650000
[OK] 1.331.GDB136_chr1H.fa.148500001..149000000
[OK] 1.333.GDB136_chr1H.fa.149400001..149900000
[OK] 1.329.GDB136_chr1H.fa.147600001..148100000
[OK] 1.326.GDB136_chr1H.fa.146250001..146750000
[OK] 1.322.GDB136_chr1H.fa.144450001..144950000
[OK] 1.316.GDB136_chr1H.fa.141750001..142250000
[OK] 1.337.GDB136_chr1H.fa.151200001..151700000
[OK] 1.340.GDB136_chr1H.fa.152550001..153050000
[OK] 1.335.GDB136_chr1H.fa.150300001..150800000
[OK] 1.349.GDB136_chr1H.fa.156600001..157100000
[OK] 1.346.GDB136_chr1H.fa.155250001..155750000
[OK] 1.338.GDB136_chr1H.fa.151650001..152150000
[OK] 1.327.GDB136_chr1H.fa.146700001..147200000
[OK] 1.317.GDB136_chr1H.fa.142200001..142700000
[OK] 1.363.GDB136_chr1H.fa.162900001..163400000
[OK] 1.343.GDB136_chr1H.fa.153900001..154400000
[OK] 1.345.GDB136_chr1H.fa.154800001..155300000
[OK] 1.375.GDB136_chr1H.fa.168300001..168800000
[OK] 1.368.GDB136_chr1H.fa.165150001..165650000
[OK] 1.344.GDB136_chr1H.fa.154350001..154850000
[OK] 1.339.GDB136_chr1H.fa.152100001..152600000
[OK] 1.306.GDB136_chr1H.fa.137250001..137750000
[OK] 1.356.GDB136_chr1H.fa.159750001..160250000
[OK] 1.372.GDB136_chr1H.fa.166950001..167450000
[OK] 1.362.GDB136_chr1H.fa.162450001..162950000
[OK] 1.369.GDB136_chr1H.fa.165600001..166100000
[OK] 1.355.GDB136_chr1H.fa.159300001..159800000
[OK] 1.334.GDB136_chr1H.fa.149850001..150350000
[OK] 1.373.GDB136_chr1H.fa.167400001..167900000
[OK] 1.341.GDB136_chr1H.fa.153000001..153500000
[OK] 1.359.GDB136_chr1H.fa.161100001..161600000
[OK] 1.352.GDB136_chr1H.fa.157950001..158450000
[OK] 1.393.GDB136_chr1H.fa.176400001..176900000
[OK] 1.353.GDB136_chr1H.fa.158400001..158900000
[OK] 1.374.GDB136_chr1H.fa.167850001..168350000
[OK] 1.350.GDB136_chr1H.fa.157050001..157550000
[OK] 1.342.GDB136_chr1H.fa.153450001..153950000
[OK] 1.361.GDB136_chr1H.fa.162000001..162500000
[OK] 1.384.GDB136_chr1H.fa.172350001..172850000
[OK] 1.357.GDB136_chr1H.fa.160200001..160700000
[OK] 1.360.GDB136_chr1H.fa.161550001..162050000
[OK] 1.366.GDB136_chr1H.fa.164250001..164750000
[OK] 1.379.GDB136_chr1H.fa.170100001..170600000
[OK] 1.370.GDB136_chr1H.fa.166050001..166550000
[OK] 1.389.GDB136_chr1H.fa.174600001..175100000
[OK] 1.383.GDB136_chr1H.fa.171900001..172400000
[OK] 1.364.GDB136_chr1H.fa.163350001..163850000
[OK] 1.421.GDB136_chr1H.fa.189000001..189500000
[OK] 1.354.GDB136_chr1H.fa.158850001..159350000
[OK] 1.394.GDB136_chr1H.fa.176850001..177350000
[OK] 1.348.GDB136_chr1H.fa.156150001..156650000
[OK] 1.347.GDB136_chr1H.fa.155700001..156200000
[OK] 1.358.GDB136_chr1H.fa.160650001..161150000
[OK] 1.382.GDB136_chr1H.fa.171450001..171950000
[OK] 1.406.GDB136_chr1H.fa.182250001..182750000
[OK] 1.376.GDB136_chr1H.fa.168750001..169250000
[OK] 1.407.GDB136_chr1H.fa.182700001..183200000
[OK] 1.386.GDB136_chr1H.fa.173250001..173750000
[OK] 1.377.GDB136_chr1H.fa.169200001..169700000
[OK] 1.367.GDB136_chr1H.fa.164700001..165200000
[OK] 1.365.GDB136_chr1H.fa.163800001..164300000
[OK] 1.380.GDB136_chr1H.fa.170550001..171050000
[OK] 1.381.GDB136_chr1H.fa.171000001..171500000
[OK] 1.410.GDB136_chr1H.fa.184050001..184550000
[OK] 1.403.GDB136_chr1H.fa.180900001..181400000
[OK] 1.390.GDB136_chr1H.fa.175050001..175550000
[OK] 1.371.GDB136_chr1H.fa.166500001..167000000
[OK] 1.385.GDB136_chr1H.fa.172800001..173300000
[OK] 1.411.GDB136_chr1H.fa.184500001..185000000
[OK] 1.392.GDB136_chr1H.fa.175950001..176450000
[OK] 1.408.GDB136_chr1H.fa.183150001..183650000
[OK] 1.400.GDB136_chr1H.fa.179550001..180050000
[OK] 1.351.GDB136_chr1H.fa.157500001..158000000
[OK] 1.399.GDB136_chr1H.fa.179100001..179600000
[OK] 1.395.GDB136_chr1H.fa.177300001..177800000
[OK] 1.388.GDB136_chr1H.fa.174150001..174650000
[OK] 1.405.GDB136_chr1H.fa.181800001..182300000
[OK] 1.391.GDB136_chr1H.fa.175500001..176000000
[OK] 1.420.GDB136_chr1H.fa.188550001..189050000
[OK] 1.387.GDB136_chr1H.fa.173700001..174200000
[OK] 1.402.GDB136_chr1H.fa.180450001..180950000
[OK] 1.396.GDB136_chr1H.fa.177750001..178250000
[OK] 1.415.GDB136_chr1H.fa.186300001..186800000
[OK] 1.378.GDB136_chr1H.fa.169650001..170150000
[OK] 1.424.GDB136_chr1H.fa.190350001..190850000
[OK] 1.425.GDB136_chr1H.fa.190800001..191300000
[OK] 1.423.GDB136_chr1H.fa.189900001..190400000
[OK] 1.413.GDB136_chr1H.fa.185400001..185900000
[OK] 1.419.GDB136_chr1H.fa.188100001..188600000
[OK] 1.422.GDB136_chr1H.fa.189450001..189950000
[OK] 1.412.GDB136_chr1H.fa.184950001..185450000
[OK] 1.409.GDB136_chr1H.fa.183600001..184100000
[OK] 1.431.GDB136_chr1H.fa.193500001..194000000
[OK] 1.433.GDB136_chr1H.fa.194400001..194900000
[OK] 1.401.GDB136_chr1H.fa.180000001..180500000
[OK] 1.414.GDB136_chr1H.fa.185850001..186350000
[OK] 1.418.GDB136_chr1H.fa.187650001..188150000
[OK] 1.417.GDB136_chr1H.fa.187200001..187700000
[OK] 1.429.GDB136_chr1H.fa.192600001..193100000
[OK] 1.435.GDB136_chr1H.fa.195300001..195800000
[OK] 1.416.GDB136_chr1H.fa.186750001..187250000
[OK] 1.436.GDB136_chr1H.fa.195750001..196250000
[OK] 1.438.GDB136_chr1H.fa.196650001..197150000
[OK] 1.452.GDB136_chr1H.fa.202950001..203450000
[OK] 1.434.GDB136_chr1H.fa.194850001..195350000
[OK] 1.474.GDB136_chr1H.fa.212850001..213350000
[OK] 1.443.GDB136_chr1H.fa.198900001..199400000
[OK] 1.398.GDB136_chr1H.fa.178650001..179150000
[OK] 1.453.GDB136_chr1H.fa.203400001..203900000
[OK] 1.468.GDB136_chr1H.fa.210150001..210650000
[OK] 1.477.GDB136_chr1H.fa.214200001..214700000
[OK] 1.437.GDB136_chr1H.fa.196200001..196700000
[OK] 1.469.GDB136_chr1H.fa.210600001..211100000
[OK] 1.447.GDB136_chr1H.fa.200700001..201200000
[OK] 1.432.GDB136_chr1H.fa.193950001..194450000
[OK] 1.466.GDB136_chr1H.fa.209250001..209750000
[OK] 1.478.GDB136_chr1H.fa.214650001..215150000
[OK] 1.428.GDB136_chr1H.fa.192150001..192650000
[OK] 1.473.GDB136_chr1H.fa.212400001..212900000
[OK] 1.427.GDB136_chr1H.fa.191700001..192200000
[OK] 1.472.GDB136_chr1H.fa.211950001..212450000
[OK] 1.449.GDB136_chr1H.fa.201600001..202100000
[OK] 1.444.GDB136_chr1H.fa.199350001..199850000
[OK] 1.430.GDB136_chr1H.fa.193050001..193550000
[OK] 1.476.GDB136_chr1H.fa.213750001..214250000
[OK] 1.454.GDB136_chr1H.fa.203850001..204350000
[OK] 1.439.GDB136_chr1H.fa.197100001..197600000
[OK] 1.455.GDB136_chr1H.fa.204300001..204800000
[OK] 1.442.GDB136_chr1H.fa.198450001..198950000
[OK] 1.464.GDB136_chr1H.fa.208350001..208850000
[OK] 1.440.GDB136_chr1H.fa.197550001..198050000
[OK] 1.484.GDB136_chr1H.fa.217350001..217850000
[OK] 1.470.GDB136_chr1H.fa.211050001..211550000
[OK] 1.463.GDB136_chr1H.fa.207900001..208400000
[OK] 1.467.GDB136_chr1H.fa.209700001..210200000
[OK] 1.460.GDB136_chr1H.fa.206550001..207050000
[OK] 1.426.GDB136_chr1H.fa.191250001..191750000
[OK] 1.457.GDB136_chr1H.fa.205200001..205700000
[OK] 1.456.GDB136_chr1H.fa.204750001..205250000
[OK] 1.462.GDB136_chr1H.fa.207450001..207950000
[OK] 1.450.GDB136_chr1H.fa.202050001..202550000
[OK] 1.448.GDB136_chr1H.fa.201150001..201650000
[OK] 1.441.GDB136_chr1H.fa.198000001..198500000
[OK] 1.481.GDB136_chr1H.fa.216000001..216500000
[OK] 1.465.GDB136_chr1H.fa.208800001..209300000
[OK] 1.397.GDB136_chr1H.fa.178200001..178700000
[OK] 1.451.GDB136_chr1H.fa.202500001..203000000
[OK] 1.461.GDB136_chr1H.fa.207000001..207500000
[OK] 1.488.GDB136_chr1H.fa.219150001..219650000
[OK] 1.475.GDB136_chr1H.fa.213300001..213800000
[OK] 1.404.GDB136_chr1H.fa.181350001..181850000
[OK] 1.471.GDB136_chr1H.fa.211500001..212000000
[OK] 1.496.GDB136_chr1H.fa.222750001..223250000
[OK] 1.479.GDB136_chr1H.fa.215100001..215600000
[OK] 1.458.GDB136_chr1H.fa.205650001..206150000
[OK] 1.480.GDB136_chr1H.fa.215550001..216050000
[OK] 1.459.GDB136_chr1H.fa.206100001..206600000
[OK] 1.485.GDB136_chr1H.fa.217800001..218300000
[OK] 1.501.GDB136_chr1H.fa.225000001..225500000
[OK] 1.499.GDB136_chr1H.fa.224100001..224600000
[OK] 1.507.GDB136_chr1H.fa.227700001..228200000
[OK] 1.489.GDB136_chr1H.fa.219600001..220100000
[OK] 1.446.GDB136_chr1H.fa.200250001..200750000
[OK] 1.504.GDB136_chr1H.fa.226350001..226850000
[OK] 1.503.GDB136_chr1H.fa.225900001..226400000
[OK] 1.491.GDB136_chr1H.fa.220500001..221000000
[OK] 1.483.GDB136_chr1H.fa.216900001..217400000
[OK] 1.494.GDB136_chr1H.fa.221850001..222350000
[OK] 1.497.GDB136_chr1H.fa.223200001..223700000
[OK] 1.498.GDB136_chr1H.fa.223650001..224150000
[OK] 1.445.GDB136_chr1H.fa.199800001..200300000
[OK] 1.487.GDB136_chr1H.fa.218700001..219200000
[OK] 1.482.GDB136_chr1H.fa.216450001..216950000
[OK] 1.490.GDB136_chr1H.fa.220050001..220550000
[OK] 1.514.GDB136_chr1H.fa.230850001..231350000
[OK] 1.493.GDB136_chr1H.fa.221400001..221900000
[OK] 1.511.GDB136_chr1H.fa.229500001..230000000
[OK] 1.486.GDB136_chr1H.fa.218250001..218750000
[OK] 1.512.GDB136_chr1H.fa.229950001..230450000
[OK] 1.502.GDB136_chr1H.fa.225450001..225950000
[OK] 1.500.GDB136_chr1H.fa.224550001..225050000
[OK] 1.492.GDB136_chr1H.fa.220950001..221450000
[OK] 1.519.GDB136_chr1H.fa.233100001..233600000
[OK] 1.521.GDB136_chr1H.fa.234000001..234500000
[OK] 1.525.GDB136_chr1H.fa.235800001..236300000
[OK] 1.532.GDB136_chr1H.fa.238950001..239450000
[OK] 1.513.GDB136_chr1H.fa.230400001..230900000
[OK] 1.505.GDB136_chr1H.fa.226800001..227300000
[OK] 1.509.GDB136_chr1H.fa.228600001..229100000
[OK] 1.495.GDB136_chr1H.fa.222300001..222800000
[OK] 1.538.GDB136_chr1H.fa.241650001..242150000
[OK] 1.510.GDB136_chr1H.fa.229050001..229550000
[OK] 1.515.GDB136_chr1H.fa.231300001..231800000
[OK] 1.508.GDB136_chr1H.fa.228150001..228650000
[OK] 1.543.GDB136_chr1H.fa.243900001..244400000
[OK] 1.516.GDB136_chr1H.fa.231750001..232250000
[OK] 1.523.GDB136_chr1H.fa.234900001..235400000
[OK] 1.555.GDB136_chr1H.fa.249300001..249800000
[OK] 1.529.GDB136_chr1H.fa.237600001..238100000
[OK] 1.535.GDB136_chr1H.fa.240300001..240800000
[OK] 1.517.GDB136_chr1H.fa.232200001..232700000
[OK] 1.522.GDB136_chr1H.fa.234450001..234950000
[OK] 1.544.GDB136_chr1H.fa.244350001..244850000
[OK] 1.552.GDB136_chr1H.fa.247950001..248450000
[OK] 1.566.GDB136_chr1H.fa.254250001..254750000
[OK] 1.533.GDB136_chr1H.fa.239400001..239900000
[OK] 1.537.GDB136_chr1H.fa.241200001..241700000
[OK] 1.542.GDB136_chr1H.fa.243450001..243950000
[OK] 1.560.GDB136_chr1H.fa.251550001..252050000
[OK] 1.553.GDB136_chr1H.fa.248400001..248900000
[OK] 1.539.GDB136_chr1H.fa.242100001..242600000
[OK] 1.527.GDB136_chr1H.fa.236700001..237200000
[OK] 1.530.GDB136_chr1H.fa.238050001..238550000
[OK] 1.565.GDB136_chr1H.fa.253800001..254300000
[OK] 1.531.GDB136_chr1H.fa.238500001..239000000
[OK] 1.506.GDB136_chr1H.fa.227250001..227750000
[OK] 1.534.GDB136_chr1H.fa.239850001..240350000
[OK] 1.546.GDB136_chr1H.fa.245250001..245750000
[OK] 1.567.GDB136_chr1H.fa.254700001..255200000
[OK] 1.547.GDB136_chr1H.fa.245700001..246200000
[OK] 1.540.GDB136_chr1H.fa.242550001..243050000
[OK] 1.554.GDB136_chr1H.fa.248850001..249350000
[OK] 1.518.GDB136_chr1H.fa.232650001..233150000
[OK] 1.557.GDB136_chr1H.fa.250200001..250700000
[OK] 1.589.GDB136_chr1H.fa.264600001..265100000
[OK] 1.558.GDB136_chr1H.fa.250650001..251150000
[OK] 1.564.GDB136_chr1H.fa.253350001..253850000
[OK] 1.548.GDB136_chr1H.fa.246150001..246650000
[OK] 1.541.GDB136_chr1H.fa.243000001..243500000
[OK] 1.575.GDB136_chr1H.fa.258300001..258800000
[OK] 1.559.GDB136_chr1H.fa.251100001..251600000
[OK] 1.520.GDB136_chr1H.fa.233550001..234050000
[OK] 1.528.GDB136_chr1H.fa.237150001..237650000
[OK] 1.524.GDB136_chr1H.fa.235350001..235850000
[OK] 1.526.GDB136_chr1H.fa.236250001..236750000
[OK] 1.568.GDB136_chr1H.fa.255150001..255650000
[OK] 1.549.GDB136_chr1H.fa.246600001..247100000
[OK] 1.545.GDB136_chr1H.fa.244800001..245300000
[OK] 1.551.GDB136_chr1H.fa.247500001..248000000
[OK] 1.561.GDB136_chr1H.fa.252000001..252500000
[OK] 1.550.GDB136_chr1H.fa.247050001..247550000
[OK] 1.573.GDB136_chr1H.fa.257400001..257900000
[OK] 1.587.GDB136_chr1H.fa.263700001..264200000
[OK] 1.580.GDB136_chr1H.fa.260550001..261050000
[OK] 1.591.GDB136_chr1H.fa.265500001..266000000
[OK] 1.578.GDB136_chr1H.fa.259650001..260150000
[OK] 1.563.GDB136_chr1H.fa.252900001..253400000
[OK] 1.576.GDB136_chr1H.fa.258750001..259250000
[OK] 1.592.GDB136_chr1H.fa.265950001..266450000
[OK] 1.586.GDB136_chr1H.fa.263250001..263750000
[OK] 1.556.GDB136_chr1H.fa.249750001..250250000
[OK] 1.597.GDB136_chr1H.fa.268200001..268700000
[OK] 1.569.GDB136_chr1H.fa.255600001..256100000
[OK] 1.562.GDB136_chr1H.fa.252450001..252950000
[OK] 1.593.GDB136_chr1H.fa.266400001..266900000
[OK] 1.577.GDB136_chr1H.fa.259200001..259700000
[OK] 1.571.GDB136_chr1H.fa.256500001..257000000
[OK] 1.536.GDB136_chr1H.fa.240750001..241250000
[OK] 1.585.GDB136_chr1H.fa.262800001..263300000
[OK] 1.574.GDB136_chr1H.fa.257850001..258350000
[OK] 1.594.GDB136_chr1H.fa.266850001..267350000
[OK] 1.579.GDB136_chr1H.fa.260100001..260600000
[OK] 1.572.GDB136_chr1H.fa.256950001..257450000
[OK] 1.590.GDB136_chr1H.fa.265050001..265550000
[OK] 1.570.GDB136_chr1H.fa.256050001..256550000
[OK] 1.595.GDB136_chr1H.fa.267300001..267800000
[OK] 1.583.GDB136_chr1H.fa.261900001..262400000
[OK] 1.584.GDB136_chr1H.fa.262350001..262850000
[OK] 1.582.GDB136_chr1H.fa.261450001..261950000
[OK] 1.599.GDB136_chr1H.fa.269100001..269600000
[OK] 1.588.GDB136_chr1H.fa.264150001..264650000
[OK] 1.581.GDB136_chr1H.fa.261000001..261500000
[OK] 1.596.GDB136_chr1H.fa.267750001..268250000
[OK] 1.607.GDB136_chr1H.fa.272700001..273200000
[OK] 1.610.GDB136_chr1H.fa.274050001..274550000
[OK] 1.611.GDB136_chr1H.fa.274500001..275000000
[OK] 1.604.GDB136_chr1H.fa.271350001..271850000
[OK] 1.628.GDB136_chr1H.fa.282150001..282650000
[OK] 1.601.GDB136_chr1H.fa.270000001..270500000
[OK] 1.605.GDB136_chr1H.fa.271800001..272300000
[OK] 1.616.GDB136_chr1H.fa.276750001..277250000
[OK] 1.600.GDB136_chr1H.fa.269550001..270050000
[OK] 1.632.GDB136_chr1H.fa.283950001..284450000
[OK] 1.608.GDB136_chr1H.fa.273150001..273650000
[OK] 1.598.GDB136_chr1H.fa.268650001..269150000
[OK] 1.634.GDB136_chr1H.fa.284850001..285350000
[OK] 1.603.GDB136_chr1H.fa.270900001..271400000
[OK] 1.631.GDB136_chr1H.fa.283500001..284000000
[OK] 1.618.GDB136_chr1H.fa.277650001..278150000
[OK] 1.606.GDB136_chr1H.fa.272250001..272750000
[OK] 1.602.GDB136_chr1H.fa.270450001..270950000
[OK] 1.623.GDB136_chr1H.fa.279900001..280400000
[OK] 1.627.GDB136_chr1H.fa.281700001..282200000
[OK] 1.624.GDB136_chr1H.fa.280350001..280850000
[OK] 1.615.GDB136_chr1H.fa.276300001..276800000
[OK] 1.609.GDB136_chr1H.fa.273600001..274100000
[OK] 1.644.GDB136_chr1H.fa.289350001..289850000
[OK] 1.635.GDB136_chr1H.fa.285300001..285800000
[OK] 1.655.GDB136_chr1H.fa.294300001..294800000
[OK] 1.638.GDB136_chr1H.fa.286650001..287150000
[OK] 1.612.GDB136_chr1H.fa.274950001..275450000
[OK] 1.614.GDB136_chr1H.fa.275850001..276350000
[OK] 1.637.GDB136_chr1H.fa.286200001..286700000
[OK] 1.646.GDB136_chr1H.fa.290250001..290750000
[OK] 1.671.GDB136_chr1H.fa.301500001..302000000
[OK] 1.613.GDB136_chr1H.fa.275400001..275900000
[OK] 1.633.GDB136_chr1H.fa.284400001..284900000
[OK] 1.642.GDB136_chr1H.fa.288450001..288950000
[OK] 1.625.GDB136_chr1H.fa.280800001..281300000
[OK] 1.648.GDB136_chr1H.fa.291150001..291650000
[OK] 1.647.GDB136_chr1H.fa.290700001..291200000
[OK] 1.649.GDB136_chr1H.fa.291600001..292100000
[OK] 1.654.GDB136_chr1H.fa.293850001..294350000
[OK] 1.659.GDB136_chr1H.fa.296100001..296600000
[OK] 1.630.GDB136_chr1H.fa.283050001..283550000
[OK] 1.643.GDB136_chr1H.fa.288900001..289400000
[OK] 1.629.GDB136_chr1H.fa.282600001..283100000
[OK] 1.674.GDB136_chr1H.fa.302850001..303350000
[OK] 1.621.GDB136_chr1H.fa.279000001..279500000
[OK] 1.657.GDB136_chr1H.fa.295200001..295700000
[OK] 1.619.GDB136_chr1H.fa.278100001..278600000
[OK] 1.650.GDB136_chr1H.fa.292050001..292550000
[OK] 1.639.GDB136_chr1H.fa.287100001..287600000
[OK] 1.677.GDB136_chr1H.fa.304200001..304700000
[OK] 1.622.GDB136_chr1H.fa.279450001..279950000
[OK] 1.652.GDB136_chr1H.fa.292950001..293450000
[OK] 1.641.GDB136_chr1H.fa.288000001..288500000
[OK] 1.664.GDB136_chr1H.fa.298350001..298850000
[OK] 1.660.GDB136_chr1H.fa.296550001..297050000
[OK] 1.645.GDB136_chr1H.fa.289800001..290300000
[OK] 1.626.GDB136_chr1H.fa.281250001..281750000
[OK] 1.679.GDB136_chr1H.fa.305100001..305600000
[OK] 1.640.GDB136_chr1H.fa.287550001..288050000
[OK] 1.668.GDB136_chr1H.fa.300150001..300650000
[OK] 1.680.GDB136_chr1H.fa.305550001..306050000
[OK] 1.656.GDB136_chr1H.fa.294750001..295250000
[OK] 1.670.GDB136_chr1H.fa.301050001..301550000
[OK] 1.658.GDB136_chr1H.fa.295650001..296150000
[OK] 1.636.GDB136_chr1H.fa.285750001..286250000
[OK] 1.653.GDB136_chr1H.fa.293400001..293900000
[OK] 1.669.GDB136_chr1H.fa.300600001..301100000
[OK] 1.662.GDB136_chr1H.fa.297450001..297950000
[OK] 1.682.GDB136_chr1H.fa.306450001..306950000
[OK] 1.620.GDB136_chr1H.fa.278550001..279050000
[OK] 1.665.GDB136_chr1H.fa.298800001..299300000
[OK] 1.675.GDB136_chr1H.fa.303300001..303800000
[OK] 1.661.GDB136_chr1H.fa.297000001..297500000
[OK] 1.673.GDB136_chr1H.fa.302400001..302900000
[OK] 1.667.GDB136_chr1H.fa.299700001..300200000
[OK] 1.666.GDB136_chr1H.fa.299250001..299750000
[OK] 1.651.GDB136_chr1H.fa.292500001..293000000
[OK] 1.617.GDB136_chr1H.fa.277200001..277700000
[OK] 1.672.GDB136_chr1H.fa.301950001..302450000
[OK] 1.685.GDB136_chr1H.fa.307800001..308300000
[OK] 1.678.GDB136_chr1H.fa.304650001..305150000
[OK] 1.694.GDB136_chr1H.fa.311850001..312350000
[OK] 1.686.GDB136_chr1H.fa.308250001..308750000
[OK] 1.683.GDB136_chr1H.fa.306900001..307400000
[OK] 1.663.GDB136_chr1H.fa.297900001..298400000
[OK] 1.684.GDB136_chr1H.fa.307350001..307850000
[OK] 1.720.GDB136_chr1H.fa.323550001..324050000
[OK] 1.705.GDB136_chr1H.fa.316800001..317300000
[OK] 1.695.GDB136_chr1H.fa.312300001..312800000
[OK] 1.699.GDB136_chr1H.fa.314100001..314600000
[OK] 1.690.GDB136_chr1H.fa.310050001..310550000
[OK] 1.693.GDB136_chr1H.fa.311400001..311900000
[OK] 1.681.GDB136_chr1H.fa.306000001..306500000
[OK] 1.698.GDB136_chr1H.fa.313650001..314150000
[OK] 1.714.GDB136_chr1H.fa.320850001..321350000
[OK] 1.730.GDB136_chr1H.fa.328050001..328550000
[OK] 1.696.GDB136_chr1H.fa.312750001..313250000
[OK] 1.700.GDB136_chr1H.fa.314550001..315050000
[OK] 1.702.GDB136_chr1H.fa.315450001..315950000
[OK] 1.717.GDB136_chr1H.fa.322200001..322700000
[OK] 1.704.GDB136_chr1H.fa.316350001..316850000
[OK] 1.687.GDB136_chr1H.fa.308700001..309200000
[OK] 1.692.GDB136_chr1H.fa.310950001..311450000
[OK] 1.737.GDB136_chr1H.fa.331200001..331700000
[OK] 1.689.GDB136_chr1H.fa.309600001..310100000
[OK] 1.691.GDB136_chr1H.fa.310500001..311000000
[OK] 1.703.GDB136_chr1H.fa.315900001..316400000
[OK] 1.710.GDB136_chr1H.fa.319050001..319550000
[OK] 1.727.GDB136_chr1H.fa.326700001..327200000
[OK] 1.733.GDB136_chr1H.fa.329400001..329900000
[OK] 1.701.GDB136_chr1H.fa.315000001..315500000
[OK] 1.707.GDB136_chr1H.fa.317700001..318200000
[OK] 1.716.GDB136_chr1H.fa.321750001..322250000
[OK] 1.706.GDB136_chr1H.fa.317250001..317750000
[OK] 1.729.GDB136_chr1H.fa.327600001..328100000
[OK] 1.726.GDB136_chr1H.fa.326250001..326750000
[OK] 1.688.GDB136_chr1H.fa.309150001..309650000
[OK] 1.751.GDB136_chr1H.fa.337500001..338000000
[OK] 1.740.GDB136_chr1H.fa.332550001..333050000
[OK] 1.728.GDB136_chr1H.fa.327150001..327650000
[OK] 1.732.GDB136_chr1H.fa.328950001..329450000
[OK] 1.676.GDB136_chr1H.fa.303750001..304250000
[OK] 1.715.GDB136_chr1H.fa.321300001..321800000
[OK] 1.697.GDB136_chr1H.fa.313200001..313700000
[OK] 1.750.GDB136_chr1H.fa.337050001..337550000
[OK] 1.711.GDB136_chr1H.fa.319500001..320000000
[OK] 1.735.GDB136_chr1H.fa.330300001..330800000
[OK] 1.760.GDB136_chr1H.fa.341550001..342050000
[OK] 1.725.GDB136_chr1H.fa.325800001..326300000
[OK] 1.708.GDB136_chr1H.fa.318150001..318650000
[OK] 1.712.GDB136_chr1H.fa.319950001..320450000
[OK] 1.768.GDB136_chr1H.fa.345150001..345650000
[OK] 1.709.GDB136_chr1H.fa.318600001..319100000
[OK] 1.746.GDB136_chr1H.fa.335250001..335750000
[OK] 1.759.GDB136_chr1H.fa.341100001..341600000
[OK] 1.724.GDB136_chr1H.fa.325350001..325850000
[OK] 1.731.GDB136_chr1H.fa.328500001..329000000
[OK] 1.744.GDB136_chr1H.fa.334350001..334850000
[OK] 1.741.GDB136_chr1H.fa.333000001..333500000
[OK] 1.722.GDB136_chr1H.fa.324450001..324950000
[OK] 1.739.GDB136_chr1H.fa.332100001..332600000
[OK] 1.719.GDB136_chr1H.fa.323100001..323600000
[OK] 1.723.GDB136_chr1H.fa.324900001..325400000
[OK] 1.753.GDB136_chr1H.fa.338400001..338900000
[OK] 1.745.GDB136_chr1H.fa.334800001..335300000
[OK] 1.756.GDB136_chr1H.fa.339750001..340250000
[OK] 1.721.GDB136_chr1H.fa.324000001..324500000
[OK] 1.738.GDB136_chr1H.fa.331650001..332150000
[OK] 1.743.GDB136_chr1H.fa.333900001..334400000
[OK] 1.734.GDB136_chr1H.fa.329850001..330350000
[OK] 1.764.GDB136_chr1H.fa.343350001..343850000
[OK] 1.718.GDB136_chr1H.fa.322650001..323150000
[OK] 1.770.GDB136_chr1H.fa.346050001..346550000
[OK] 1.769.GDB136_chr1H.fa.345600001..346100000
[OK] 1.754.GDB136_chr1H.fa.338850001..339350000
[OK] 1.763.GDB136_chr1H.fa.342900001..343400000
[OK] 1.766.GDB136_chr1H.fa.344250001..344750000
[OK] 1.742.GDB136_chr1H.fa.333450001..333950000
[OK] 1.758.GDB136_chr1H.fa.340650001..341150000
[OK] 1.736.GDB136_chr1H.fa.330750001..331250000
[OK] 1.713.GDB136_chr1H.fa.320400001..320900000
[OK] 1.772.GDB136_chr1H.fa.346950001..347450000
[OK] 1.767.GDB136_chr1H.fa.344700001..345200000
[OK] 1.749.GDB136_chr1H.fa.336600001..337100000
[OK] 1.765.GDB136_chr1H.fa.343800001..344300000
[OK] 1.752.GDB136_chr1H.fa.337950001..338450000
[OK] 1.757.GDB136_chr1H.fa.340200001..340700000
[OK] 1.775.GDB136_chr1H.fa.348300001..348800000
[OK] 1.771.GDB136_chr1H.fa.346500001..347000000
[OK] 1.761.GDB136_chr1H.fa.342000001..342500000
[OK] 1.747.GDB136_chr1H.fa.335700001..336200000
[OK] 1.762.GDB136_chr1H.fa.342450001..342950000
[OK] 1.755.GDB136_chr1H.fa.339300001..339800000
[OK] 1.777.GDB136_chr1H.fa.349200001..349700000
[OK] 1.778.GDB136_chr1H.fa.349650001..350150000
[OK] 1.774.GDB136_chr1H.fa.347850001..348350000
[OK] 1.802.GDB136_chr1H.fa.360450001..360950000
[OK] 1.773.GDB136_chr1H.fa.347400001..347900000
[OK] 1.782.GDB136_chr1H.fa.351450001..351950000
[OK] 1.790.GDB136_chr1H.fa.355050001..355550000
[OK] 1.780.GDB136_chr1H.fa.350550001..351050000
[OK] 1.784.GDB136_chr1H.fa.352350001..352850000
[OK] 1.781.GDB136_chr1H.fa.351000001..351500000
[OK] 1.776.GDB136_chr1H.fa.348750001..349250000
[OK] 1.795.GDB136_chr1H.fa.357300001..357800000
[OK] 1.748.GDB136_chr1H.fa.336150001..336650000
[OK] 1.779.GDB136_chr1H.fa.350100001..350600000
[OK] 1.786.GDB136_chr1H.fa.353250001..353750000
[OK] 1.806.GDB136_chr1H.fa.362250001..362750000
[OK] 1.788.GDB136_chr1H.fa.354150001..354650000
[OK] 1.783.GDB136_chr1H.fa.351900001..352400000
[OK] 1.785.GDB136_chr1H.fa.352800001..353300000
[OK] 1.812.GDB136_chr1H.fa.364950001..365450000
[OK] 1.789.GDB136_chr1H.fa.354600001..355100000
[OK] 1.787.GDB136_chr1H.fa.353700001..354200000
[OK] 1.794.GDB136_chr1H.fa.356850001..357350000
[OK] 1.835.GDB136_chr1H.fa.375300001..375800000
[OK] 1.791.GDB136_chr1H.fa.355500001..356000000
[OK] 1.798.GDB136_chr1H.fa.358650001..359150000
[OK] 1.799.GDB136_chr1H.fa.359100001..359600000
[OK] 1.800.GDB136_chr1H.fa.359550001..360050000
[OK] 1.823.GDB136_chr1H.fa.369900001..370400000
[OK] 1.796.GDB136_chr1H.fa.357750001..358250000
[OK] 1.818.GDB136_chr1H.fa.367650001..368150000
[OK] 1.805.GDB136_chr1H.fa.361800001..362300000
[OK] 1.813.GDB136_chr1H.fa.365400001..365900000
[OK] 1.822.GDB136_chr1H.fa.369450001..369950000
[OK] 1.792.GDB136_chr1H.fa.355950001..356450000
[OK] 1.819.GDB136_chr1H.fa.368100001..368600000
[OK] 1.837.GDB136_chr1H.fa.376200001..376700000
[OK] 1.808.GDB136_chr1H.fa.363150001..363650000
[OK] 1.801.GDB136_chr1H.fa.360000001..360500000
[OK] 1.826.GDB136_chr1H.fa.371250001..371750000
[OK] 1.810.GDB136_chr1H.fa.364050001..364550000
[OK] 1.793.GDB136_chr1H.fa.356400001..356900000
[OK] 1.797.GDB136_chr1H.fa.358200001..358700000
[OK] 1.821.GDB136_chr1H.fa.369000001..369500000
[OK] 1.803.GDB136_chr1H.fa.360900001..361400000
[OK] 1.842.GDB136_chr1H.fa.378450001..378950000
[OK] 1.846.GDB136_chr1H.fa.380250001..380750000
[OK] 1.824.GDB136_chr1H.fa.370350001..370850000
[OK] 1.811.GDB136_chr1H.fa.364500001..365000000
[OK] 1.809.GDB136_chr1H.fa.363600001..364100000
[OK] 1.836.GDB136_chr1H.fa.375750001..376250000
[OK] 1.828.GDB136_chr1H.fa.372150001..372650000
[OK] 1.850.GDB136_chr1H.fa.382050001..382550000
[OK] 1.817.GDB136_chr1H.fa.367200001..367700000
[OK] 1.820.GDB136_chr1H.fa.368550001..369050000
[OK] 1.815.GDB136_chr1H.fa.366300001..366800000
[OK] 1.839.GDB136_chr1H.fa.377100001..377600000
[OK] 1.807.GDB136_chr1H.fa.362700001..363200000
[OK] 1.847.GDB136_chr1H.fa.380700001..381200000
[OK] 1.827.GDB136_chr1H.fa.371700001..372200000
[OK] 1.814.GDB136_chr1H.fa.365850001..366350000
[OK] 1.829.GDB136_chr1H.fa.372600001..373100000
[OK] 1.841.GDB136_chr1H.fa.378000001..378500000
[OK] 1.845.GDB136_chr1H.fa.379800001..380300000
[OK] 1.831.GDB136_chr1H.fa.373500001..374000000
[OK] 1.838.GDB136_chr1H.fa.376650001..377150000
[OK] 1.816.GDB136_chr1H.fa.366750001..367250000
[OK] 1.804.GDB136_chr1H.fa.361350001..361850000
[OK] 1.825.GDB136_chr1H.fa.370800001..371300000
[OK] 1.832.GDB136_chr1H.fa.373950001..374450000
[OK] 1.859.GDB136_chr1H.fa.386100001..386600000
[OK] 1.852.GDB136_chr1H.fa.382950001..383450000
[OK] 1.840.GDB136_chr1H.fa.377550001..378050000
[OK] 1.834.GDB136_chr1H.fa.374850001..375350000
[OK] 1.833.GDB136_chr1H.fa.374400001..374900000
[OK] 1.854.GDB136_chr1H.fa.383850001..384350000
[OK] 1.851.GDB136_chr1H.fa.382500001..383000000
[OK] 1.858.GDB136_chr1H.fa.385650001..386150000
[OK] 1.830.GDB136_chr1H.fa.373050001..373550000
[OK] 1.844.GDB136_chr1H.fa.379350001..379850000
[OK] 1.865.GDB136_chr1H.fa.388800001..389300000
[OK] 1.860.GDB136_chr1H.fa.386550001..387050000
[OK] 1.856.GDB136_chr1H.fa.384750001..385250000
[OK] 1.857.GDB136_chr1H.fa.385200001..385700000
[OK] 1.862.GDB136_chr1H.fa.387450001..387950000
[OK] 1.853.GDB136_chr1H.fa.383400001..383900000
[OK] 1.867.GDB136_chr1H.fa.389700001..390200000
[OK] 1.868.GDB136_chr1H.fa.390150001..390650000
[OK] 1.848.GDB136_chr1H.fa.381150001..381650000
[OK] 1.878.GDB136_chr1H.fa.394650001..395150000
[OK] 1.843.GDB136_chr1H.fa.378900001..379400000
[OK] 1.855.GDB136_chr1H.fa.384300001..384800000
[OK] 1.877.GDB136_chr1H.fa.394200001..394700000
[OK] 1.884.GDB136_chr1H.fa.397350001..397850000
[OK] 1.871.GDB136_chr1H.fa.391500001..392000000
[OK] 1.870.GDB136_chr1H.fa.391050001..391550000
[OK] 1.864.GDB136_chr1H.fa.388350001..388850000
[OK] 1.872.GDB136_chr1H.fa.391950001..392450000
[OK] 1.882.GDB136_chr1H.fa.396450001..396950000
[OK] 1.879.GDB136_chr1H.fa.395100001..395600000
[OK] 1.874.GDB136_chr1H.fa.392850001..393350000
[OK] 1.869.GDB136_chr1H.fa.390600001..391100000
[OK] 1.876.GDB136_chr1H.fa.393750001..394250000
[OK] 1.863.GDB136_chr1H.fa.387900001..388400000
[OK] 1.892.GDB136_chr1H.fa.400950001..401450000
[OK] 1.890.GDB136_chr1H.fa.400050001..400550000
[OK] 1.849.GDB136_chr1H.fa.381600001..382100000
[OK] 1.897.GDB136_chr1H.fa.403200001..403700000
[OK] 1.901.GDB136_chr1H.fa.405000001..405500000
[OK] 1.894.GDB136_chr1H.fa.401850001..402350000
[OK] 1.891.GDB136_chr1H.fa.400500001..401000000
[OK] 1.880.GDB136_chr1H.fa.395550001..396050000
[OK] 1.861.GDB136_chr1H.fa.387000001..387500000
[OK] 1.885.GDB136_chr1H.fa.397800001..398300000
[OK] 1.923.GDB136_chr1H.fa.414900001..415400000
[OK] 1.866.GDB136_chr1H.fa.389250001..389750000
[OK] 1.896.GDB136_chr1H.fa.402750001..403250000
[OK] 1.873.GDB136_chr1H.fa.392400001..392900000
[OK] 1.881.GDB136_chr1H.fa.396000001..396500000
[OK] 1.908.GDB136_chr1H.fa.408150001..408650000
[OK] 1.889.GDB136_chr1H.fa.399600001..400100000
[OK] 1.910.GDB136_chr1H.fa.409050001..409550000
[OK] 1.899.GDB136_chr1H.fa.404100001..404600000
[OK] 1.903.GDB136_chr1H.fa.405900001..406400000
[OK] 1.893.GDB136_chr1H.fa.401400001..401900000
[OK] 1.920.GDB136_chr1H.fa.413550001..414050000
[OK] 1.886.GDB136_chr1H.fa.398250001..398750000
[OK] 1.914.GDB136_chr1H.fa.410850001..411350000
[OK] 1.925.GDB136_chr1H.fa.415800001..416300000
[OK] 1.883.GDB136_chr1H.fa.396900001..397400000
[OK] 1.911.GDB136_chr1H.fa.409500001..410000000
[OK] 1.924.GDB136_chr1H.fa.415350001..415850000
[OK] 1.930.GDB136_chr1H.fa.418050001..418550000
[OK] 1.900.GDB136_chr1H.fa.404550001..405050000
[OK] 1.915.GDB136_chr1H.fa.411300001..411800000
[OK] 1.902.GDB136_chr1H.fa.405450001..405950000
[OK] 1.895.GDB136_chr1H.fa.402300001..402800000
[OK] 1.938.GDB136_chr1H.fa.421650001..422150000
[OK] 1.922.GDB136_chr1H.fa.414450001..414950000
[OK] 1.944.GDB136_chr1H.fa.424350001..424850000
[OK] 1.875.GDB136_chr1H.fa.393300001..393800000
[OK] 1.917.GDB136_chr1H.fa.412200001..412700000
[OK] 1.935.GDB136_chr1H.fa.420300001..420800000
[OK] 1.927.GDB136_chr1H.fa.416700001..417200000
[OK] 1.931.GDB136_chr1H.fa.418500001..419000000
[OK] 1.912.GDB136_chr1H.fa.409950001..410450000
[OK] 1.904.GDB136_chr1H.fa.406350001..406850000
[OK] 1.942.GDB136_chr1H.fa.423450001..423950000
[OK] 1.919.GDB136_chr1H.fa.413100001..413600000
[OK] 1.921.GDB136_chr1H.fa.414000001..414500000
[OK] 1.905.GDB136_chr1H.fa.406800001..407300000
[OK] 1.945.GDB136_chr1H.fa.424800001..425300000
[OK] 1.950.GDB136_chr1H.fa.427050001..427550000
[OK] 1.909.GDB136_chr1H.fa.408600001..409100000
[OK] 1.951.GDB136_chr1H.fa.427500001..428000000
[OK] 1.916.GDB136_chr1H.fa.411750001..412250000
[OK] 1.936.GDB136_chr1H.fa.420750001..421250000
[OK] 1.941.GDB136_chr1H.fa.423000001..423500000
[OK] 1.907.GDB136_chr1H.fa.407700001..408200000
[OK] 1.937.GDB136_chr1H.fa.421200001..421700000
[OK] 1.926.GDB136_chr1H.fa.416250001..416750000
[OK] 1.940.GDB136_chr1H.fa.422550001..423050000
[OK] 1.934.GDB136_chr1H.fa.419850001..420350000
[OK] 1.918.GDB136_chr1H.fa.412650001..413150000
[OK] 1.943.GDB136_chr1H.fa.423900001..424400000
[OK] 1.932.GDB136_chr1H.fa.418950001..419450000
[OK] 1.928.GDB136_chr1H.fa.417150001..417650000
[OK] 1.906.GDB136_chr1H.fa.407250001..407750000
[OK] 1.954.GDB136_chr1H.fa.428850001..429350000
[OK] 1.887.GDB136_chr1H.fa.398700001..399200000
[OK] 1.898.GDB136_chr1H.fa.403650001..404150000
[OK] 1.929.GDB136_chr1H.fa.417600001..418100000
[OK] 1.939.GDB136_chr1H.fa.422100001..422600000
[OK] 1.949.GDB136_chr1H.fa.426600001..427100000
[OK] 1.948.GDB136_chr1H.fa.426150001..426650000
[OK] 1.888.GDB136_chr1H.fa.399150001..399650000
[OK] 1.953.GDB136_chr1H.fa.428400001..428900000
[OK] 1.961.GDB136_chr1H.fa.432000001..432500000
[OK] 1.947.GDB136_chr1H.fa.425700001..426200000
[OK] 1.913.GDB136_chr1H.fa.410400001..410900000
[OK] 1.946.GDB136_chr1H.fa.425250001..425750000
[OK] 1.933.GDB136_chr1H.fa.419400001..419900000
[OK] 1.958.GDB136_chr1H.fa.430650001..431150000
[OK] 1.965.GDB136_chr1H.fa.433800001..434300000
[OK] 1.959.GDB136_chr1H.fa.431100001..431600000
[OK] 1.955.GDB136_chr1H.fa.429300001..429800000
[OK] 1.957.GDB136_chr1H.fa.430200001..430700000
[OK] 1.960.GDB136_chr1H.fa.431550001..432050000
[OK] 1.982.GDB136_chr1H.fa.441450001..441950000
[OK] 1.952.GDB136_chr1H.fa.427950001..428450000
[OK] 1.962.GDB136_chr1H.fa.432450001..432950000
[OK] 1.967.GDB136_chr1H.fa.434700001..435200000
[OK] 1.971.GDB136_chr1H.fa.436500001..437000000
[OK] 1.963.GDB136_chr1H.fa.432900001..433400000
[OK] 1.983.GDB136_chr1H.fa.441900001..442400000
[OK] 1.966.GDB136_chr1H.fa.434250001..434750000
[OK] 1.979.GDB136_chr1H.fa.440100001..440600000
[OK] 1.969.GDB136_chr1H.fa.435600001..436100000
[OK] 1.973.GDB136_chr1H.fa.437400001..437900000
[OK] 1.970.GDB136_chr1H.fa.436050001..436550000
[OK] 1.956.GDB136_chr1H.fa.429750001..430250000
[OK] 1.968.GDB136_chr1H.fa.435150001..435650000
[OK] 1.985.GDB136_chr1H.fa.442800001..443300000
[OK] 1.988.GDB136_chr1H.fa.444150001..444650000
[OK] 1.1003.GDB136_chr1H.fa.450900001..451400000
[OK] 1.981.GDB136_chr1H.fa.441000001..441500000
[OK] 1.987.GDB136_chr1H.fa.443700001..444200000
[OK] 1.964.GDB136_chr1H.fa.433350001..433850000
[OK] 1.1014.GDB136_chr1H.fa.455850001..456350000
[OK] 1.980.GDB136_chr1H.fa.440550001..441050000
[OK] 1.989.GDB136_chr1H.fa.444600001..445100000
[OK] 1.993.GDB136_chr1H.fa.446400001..446900000
[OK] 1.984.GDB136_chr1H.fa.442350001..442850000
[OK] 1.978.GDB136_chr1H.fa.439650001..440150000
[OK] 1.1020.GDB136_chr1H.fa.458550001..459050000
[OK] 1.974.GDB136_chr1H.fa.437850001..438350000
[OK] 1.990.GDB136_chr1H.fa.445050001..445550000
[OK] 1.998.GDB136_chr1H.fa.448650001..449150000
[OK] 1.1006.GDB136_chr1H.fa.452250001..452750000
[OK] 1.999.GDB136_chr1H.fa.449100001..449600000
[OK] 1.997.GDB136_chr1H.fa.448200001..448700000
[OK] 1.986.GDB136_chr1H.fa.443250001..443750000
[OK] 1.1000.GDB136_chr1H.fa.449550001..450050000
[OK] 1.992.GDB136_chr1H.fa.445950001..446450000
[OK] 1.1015.GDB136_chr1H.fa.456300001..456800000
[OK] 1.1018.GDB136_chr1H.fa.457650001..458150000
[OK] 1.996.GDB136_chr1H.fa.447750001..448250000
[OK] 1.976.GDB136_chr1H.fa.438750001..439250000
[OK] 1.1008.GDB136_chr1H.fa.453150001..453650000
[OK] 1.991.GDB136_chr1H.fa.445500001..446000000
[OK] 1.975.GDB136_chr1H.fa.438300001..438800000
[OK] 1.1038.GDB136_chr1H.fa.466650001..467150000
[OK] 1.1033.GDB136_chr1H.fa.464400001..464900000
[OK] 1.994.GDB136_chr1H.fa.446850001..447350000
[OK] 1.1012.GDB136_chr1H.fa.454950001..455450000
[OK] 1.972.GDB136_chr1H.fa.436950001..437450000
[OK] 1.1001.GDB136_chr1H.fa.450000001..450500000
[OK] 1.1010.GDB136_chr1H.fa.454050001..454550000
[OK] 1.1032.GDB136_chr1H.fa.463950001..464450000
[OK] 1.1005.GDB136_chr1H.fa.451800001..452300000
[OK] 1.1009.GDB136_chr1H.fa.453600001..454100000
[OK] 1.1019.GDB136_chr1H.fa.458100001..458600000
[OK] 1.977.GDB136_chr1H.fa.439200001..439700000
[OK] 1.1011.GDB136_chr1H.fa.454500001..455000000
[OK] 1.1036.GDB136_chr1H.fa.465750001..466250000
[OK] 1.1007.GDB136_chr1H.fa.452700001..453200000
[OK] 1.1029.GDB136_chr1H.fa.462600001..463100000
[OK] 1.1017.GDB136_chr1H.fa.457200001..457700000
[OK] 1.1021.GDB136_chr1H.fa.459000001..459500000
[OK] 1.1002.GDB136_chr1H.fa.450450001..450950000
[OK] 1.1037.GDB136_chr1H.fa.466200001..466700000
[OK] 1.1024.GDB136_chr1H.fa.460350001..460850000
[OK] 1.1042.GDB136_chr1H.fa.468450001..468950000
[OK] 1.1016.GDB136_chr1H.fa.456750001..457250000
[OK] 1.1028.GDB136_chr1H.fa.462150001..462650000
[OK] 1.1034.GDB136_chr1H.fa.464850001..465350000
[OK] 1.1035.GDB136_chr1H.fa.465300001..465800000
[OK] 1.1013.GDB136_chr1H.fa.455400001..455900000
[OK] 1.1046.GDB136_chr1H.fa.470250001..470750000
[OK] 1.1039.GDB136_chr1H.fa.467100001..467600000
[OK] 1.1026.GDB136_chr1H.fa.461250001..461750000
[OK] 1.1040.GDB136_chr1H.fa.467550001..468050000
[OK] 1.1043.GDB136_chr1H.fa.468900001..469400000
[OK] 1.1047.GDB136_chr1H.fa.470700001..471200000
[OK] 1.1030.GDB136_chr1H.fa.463050001..463550000
[OK] 1.1022.GDB136_chr1H.fa.459450001..459950000
[OK] 1.1048.GDB136_chr1H.fa.471150001..471650000
[OK] 1.1054.GDB136_chr1H.fa.473850001..474350000
[OK] 1.1052.GDB136_chr1H.fa.472950001..473450000
[OK] 1.1051.GDB136_chr1H.fa.472500001..473000000
[OK] 1.1050.GDB136_chr1H.fa.472050001..472550000
[OK] 1.1025.GDB136_chr1H.fa.460800001..461300000
[OK] 1.1023.GDB136_chr1H.fa.459900001..460400000
[OK] 1.1062.GDB136_chr1H.fa.477450001..477950000
[OK] 1.1041.GDB136_chr1H.fa.468000001..468500000
[OK] 1.1053.GDB136_chr1H.fa.473400001..473900000
[OK] 1.1045.GDB136_chr1H.fa.469800001..470300000
[OK] 1.1060.GDB136_chr1H.fa.476550001..477050000
[OK] 1.1055.GDB136_chr1H.fa.474300001..474800000
[OK] 1.1044.GDB136_chr1H.fa.469350001..469850000
[OK] 1.1061.GDB136_chr1H.fa.477000001..477500000
[OK] 1.1031.GDB136_chr1H.fa.463500001..464000000
[OK] 1.1067.GDB136_chr1H.fa.479700001..480200000
[OK] 1.1064.GDB136_chr1H.fa.478350001..478850000
[OK] 1.1080.GDB136_chr1H.fa.485550001..486050000
[OK] 1.1082.GDB136_chr1H.fa.486450001..486950000
[OK] 1.1004.GDB136_chr1H.fa.451350001..451850000
[OK] 1.1049.GDB136_chr1H.fa.471600001..472100000
[OK] 1.1086.GDB136_chr1H.fa.488250001..488750000
[OK] 1.1063.GDB136_chr1H.fa.477900001..478400000
[OK] 1.1058.GDB136_chr1H.fa.475650001..476150000
[OK] 1.1056.GDB136_chr1H.fa.474750001..475250000
[OK] 1.1108.GDB136_chr1H.fa.498150001..498650000
[OK] 1.1065.GDB136_chr1H.fa.478800001..479300000
[OK] 1.1027.GDB136_chr1H.fa.461700001..462200000
[OK] 1.1079.GDB136_chr1H.fa.485100001..485600000
[OK] 1.1098.GDB136_chr1H.fa.493650001..494150000
[OK] 1.1059.GDB136_chr1H.fa.476100001..476600000
[OK] 1.1081.GDB136_chr1H.fa.486000001..486500000
[OK] 1.995.GDB136_chr1H.fa.447300001..447800000
[OK] 1.1070.GDB136_chr1H.fa.481050001..481550000
[OK] 1.1069.GDB136_chr1H.fa.480600001..481100000
[OK] 1.1068.GDB136_chr1H.fa.480150001..480650000
[OK] 1.1066.GDB136_chr1H.fa.479250001..479750000
[OK] 1.1107.GDB136_chr1H.fa.497700001..498200000
[OK] 1.1099.GDB136_chr1H.fa.494100001..494600000
[OK] 1.1083.GDB136_chr1H.fa.486900001..487400000
[OK] 1.1075.GDB136_chr1H.fa.483300001..483800000
[OK] 1.1074.GDB136_chr1H.fa.482850001..483350000
[OK] 1.1088.GDB136_chr1H.fa.489150001..489650000
[OK] 1.1085.GDB136_chr1H.fa.487800001..488300000
[OK] 1.1072.GDB136_chr1H.fa.481950001..482450000
[OK] 1.1077.GDB136_chr1H.fa.484200001..484700000
[OK] 1.1084.GDB136_chr1H.fa.487350001..487850000
[OK] 1.1071.GDB136_chr1H.fa.481500001..482000000
[OK] 1.1093.GDB136_chr1H.fa.491400001..491900000
[OK] 1.1121.GDB136_chr1H.fa.504000001..504500000
[OK] 1.1092.GDB136_chr1H.fa.490950001..491450000
[OK] 1.1102.GDB136_chr1H.fa.495450001..495950000
[OK] 1.1073.GDB136_chr1H.fa.482400001..482900000
[OK] 1.1078.GDB136_chr1H.fa.484650001..485150000
[OK] 1.1119.GDB136_chr1H.fa.503100001..503600000
[OK] 1.1090.GDB136_chr1H.fa.490050001..490550000
[OK] 1.1115.GDB136_chr1H.fa.501300001..501800000
[OK] 1.1097.GDB136_chr1H.fa.493200001..493700000
[OK] 1.1076.GDB136_chr1H.fa.483750001..484250000
[OK] 1.1129.GDB136_chr1H.fa.507600001..508100000
[OK] 1.1057.GDB136_chr1H.fa.475200001..475700000
[OK] 1.1112.GDB136_chr1H.fa.499950001..500450000
[OK] 1.1136.GDB136_chr1H.fa.510750001..511250000
[OK] 1.1128.GDB136_chr1H.fa.507150001..507650000
[OK] 1.1133.GDB136_chr1H.fa.509400001..509900000
[OK] 1.1091.GDB136_chr1H.fa.490500001..491000000
[OK] 1.1130.GDB136_chr1H.fa.508050001..508550000
[OK] 1.1118.GDB136_chr1H.fa.502650001..503150000
[OK] 1.1106.GDB136_chr1H.fa.497250001..497750000
[OK] 1.1135.GDB136_chr1H.fa.510300001..510800000
[OK] 1.1114.GDB136_chr1H.fa.500850001..501350000
[OK] 1.1111.GDB136_chr1H.fa.499500001..500000000
[OK] 1.1138.GDB136_chr1H.fa.511650001..512150000
[OK] 1.1096.GDB136_chr1H.fa.492750001..493250000
[OK] 1.1123.GDB136_chr1H.fa.504900001..505400000
[OK] 1.1104.GDB136_chr1H.fa.496350001..496850000
[OK] 1.1095.GDB136_chr1H.fa.492300001..492800000
[OK] 1.1122.GDB136_chr1H.fa.504450001..504950000
[OK] 1.1131.GDB136_chr1H.fa.508500001..509000000
[OK] 1.1100.GDB136_chr1H.fa.494550001..495050000
[OK] 1.1116.GDB136_chr1H.fa.501750001..502250000
[OK] 1.1144.GDB136_chr1H.fa.514350001..514850000
[OK] 1.1143.GDB136_chr1H.fa.513900001..514400000
[OK] 1.1110.GDB136_chr1H.fa.499050001..499550000
[OK] 1.1142.GDB136_chr1H.fa.513450001..513950000
[OK] 1.1139.GDB136_chr1H.fa.512100001..512600000
[OK] 1.1103.GDB136_chr1H.fa.495900001..496400000
[OK] 1.1137.GDB136_chr1H.fa.511200001..511700000
[OK] 1.1105.GDB136_chr1H.fa.496800001..497300000
[OK] 1.1125.GDB136_chr1H.fa.505800001..506300000
[OK] 1.1155.GDB136_chr1H.fa.519300001..519625400
[OK] 1.1127.GDB136_chr1H.fa.506700001..507200000
[OK] 1.1113.GDB136_chr1H.fa.500400001..500900000
[OK] 1.1089.GDB136_chr1H.fa.489600001..490100000
[OK] 1.1134.GDB136_chr1H.fa.509850001..510350000
[OK] 1.1109.GDB136_chr1H.fa.498600001..499100000
[OK] 1.1140.GDB136_chr1H.fa.512550001..513050000
[OK] 1.1120.GDB136_chr1H.fa.503550001..504050000
[OK] 1.1147.GDB136_chr1H.fa.515700001..516200000
[OK] 1.1094.GDB136_chr1H.fa.491850001..492350000
[OK] 1.1117.GDB136_chr1H.fa.502200001..502700000
[OK] 1.1150.GDB136_chr1H.fa.517050001..517550000
[OK] 1.1153.GDB136_chr1H.fa.518400001..518900000
[OK] 1.1101.GDB136_chr1H.fa.495000001..495500000
[OK] 1.1141.GDB136_chr1H.fa.513000001..513500000
[OK] 1.1146.GDB136_chr1H.fa.515250001..515750000
[OK] 1.1126.GDB136_chr1H.fa.506250001..506750000
[OK] 1.1145.GDB136_chr1H.fa.514800001..515300000
[OK] 2.012.GDB136_chr2H.fa.4950001..5450000
[OK] 1.1124.GDB136_chr1H.fa.505350001..505850000
[OK] 1.1087.GDB136_chr1H.fa.488700001..489200000
[OK] 2.011.GDB136_chr2H.fa.4500001..5000000
[OK] 1.1132.GDB136_chr1H.fa.508950001..509450000
[OK] 1.1151.GDB136_chr1H.fa.517500001..518000000
[OK] 2.004.GDB136_chr2H.fa.1350001..1850000
[OK] 1.1154.GDB136_chr1H.fa.518850001..519350000
[OK] 1.1149.GDB136_chr1H.fa.516600001..517100000
[OK] 2.010.GDB136_chr2H.fa.4050001..4550000
[OK] 2.018.GDB136_chr2H.fa.7650001..8150000
[OK] 1.1148.GDB136_chr1H.fa.516150001..516650000
[OK] 2.022.GDB136_chr2H.fa.9450001..9950000
[OK] 2.013.GDB136_chr2H.fa.5400001..5900000
[OK] 2.016.GDB136_chr2H.fa.6750001..7250000
[OK] 2.020.GDB136_chr2H.fa.8550001..9050000
[OK] 2.007.GDB136_chr2H.fa.2700001..3200000
[OK] 2.017.GDB136_chr2H.fa.7200001..7700000
[OK] 2.024.GDB136_chr2H.fa.10350001..10850000
[OK] 2.021.GDB136_chr2H.fa.9000001..9500000
[OK] 2.041.GDB136_chr2H.fa.18000001..18500000
[OK] 2.026.GDB136_chr2H.fa.11250001..11750000
[OK] 2.002.GDB136_chr2H.fa.450001..950000
[OK] 2.025.GDB136_chr2H.fa.10800001..11300000
[OK] 2.027.GDB136_chr2H.fa.11700001..12200000
[OK] 2.035.GDB136_chr2H.fa.15300001..15800000
[OK] 2.019.GDB136_chr2H.fa.8100001..8600000
[OK] 1.1152.GDB136_chr1H.fa.517950001..518450000
[OK] 2.009.GDB136_chr2H.fa.3600001..4100000
[OK] 2.015.GDB136_chr2H.fa.6300001..6800000
[OK] 2.054.GDB136_chr2H.fa.23850001..24350000
[OK] 2.049.GDB136_chr2H.fa.21600001..22100000
[OK] 2.046.GDB136_chr2H.fa.20250001..20750000
[OK] 2.040.GDB136_chr2H.fa.17550001..18050000
[OK] 2.059.GDB136_chr2H.fa.26100001..26600000
[OK] 2.060.GDB136_chr2H.fa.26550001..27050000
[OK] 2.037.GDB136_chr2H.fa.16200001..16700000
[OK] 2.032.GDB136_chr2H.fa.13950001..14450000
[OK] 2.073.GDB136_chr2H.fa.32400001..32900000
[OK] 2.031.GDB136_chr2H.fa.13500001..14000000
[OK] 2.033.GDB136_chr2H.fa.14400001..14900000
[OK] 2.034.GDB136_chr2H.fa.14850001..15350000
[OK] 2.003.GDB136_chr2H.fa.900001..1400000
[OK] 2.055.GDB136_chr2H.fa.24300001..24800000
[OK] 2.077.GDB136_chr2H.fa.34200001..34700000
[OK] 2.050.GDB136_chr2H.fa.22050001..22550000
[OK] 2.001.GDB136_chr2H.fa.1..500000
[OK] 2.043.GDB136_chr2H.fa.18900001..19400000
[OK] 2.048.GDB136_chr2H.fa.21150001..21650000
[OK] 2.062.GDB136_chr2H.fa.27450001..27950000
[OK] 2.039.GDB136_chr2H.fa.17100001..17600000
[OK] 2.069.GDB136_chr2H.fa.30600001..31100000
[OK] 2.061.GDB136_chr2H.fa.27000001..27500000
[OK] 2.063.GDB136_chr2H.fa.27900001..28400000
[OK] 2.089.GDB136_chr2H.fa.39600001..40100000
[OK] 2.038.GDB136_chr2H.fa.16650001..17150000
[OK] 2.053.GDB136_chr2H.fa.23400001..23900000
[OK] 2.051.GDB136_chr2H.fa.22500001..23000000
[OK] 2.036.GDB136_chr2H.fa.15750001..16250000
[OK] 2.028.GDB136_chr2H.fa.12150001..12650000
[OK] 2.071.GDB136_chr2H.fa.31500001..32000000
[OK] 2.075.GDB136_chr2H.fa.33300001..33800000
[OK] 2.023.GDB136_chr2H.fa.9900001..10400000
[OK] 2.066.GDB136_chr2H.fa.29250001..29750000
[OK] 2.076.GDB136_chr2H.fa.33750001..34250000
[OK] 2.067.GDB136_chr2H.fa.29700001..30200000
[OK] 2.064.GDB136_chr2H.fa.28350001..28850000
[OK] 2.045.GDB136_chr2H.fa.19800001..20300000
[OK] 2.056.GDB136_chr2H.fa.24750001..25250000
[OK] 2.078.GDB136_chr2H.fa.34650001..35150000
[OK] 2.058.GDB136_chr2H.fa.25650001..26150000
[OK] 2.008.GDB136_chr2H.fa.3150001..3650000
[OK] 2.006.GDB136_chr2H.fa.2250001..2750000
[OK] 2.065.GDB136_chr2H.fa.28800001..29300000
[OK] 2.081.GDB136_chr2H.fa.36000001..36500000
[OK] 2.052.GDB136_chr2H.fa.22950001..23450000
[OK] 2.029.GDB136_chr2H.fa.12600001..13100000
[OK] 2.087.GDB136_chr2H.fa.38700001..39200000
[OK] 2.086.GDB136_chr2H.fa.38250001..38750000
[OK] 2.080.GDB136_chr2H.fa.35550001..36050000
[OK] 2.083.GDB136_chr2H.fa.36900001..37400000
[OK] 2.092.GDB136_chr2H.fa.40950001..41450000
[OK] 2.079.GDB136_chr2H.fa.35100001..35600000
[OK] 2.044.GDB136_chr2H.fa.19350001..19850000
[OK] 2.104.GDB136_chr2H.fa.46350001..46850000
[OK] 2.074.GDB136_chr2H.fa.32850001..33350000
[OK] 2.005.GDB136_chr2H.fa.1800001..2300000
[OK] 2.057.GDB136_chr2H.fa.25200001..25700000
[OK] 2.042.GDB136_chr2H.fa.18450001..18950000
[OK] 2.070.GDB136_chr2H.fa.31050001..31550000
[OK] 2.082.GDB136_chr2H.fa.36450001..36950000
[OK] 2.090.GDB136_chr2H.fa.40050001..40550000
[OK] 2.093.GDB136_chr2H.fa.41400001..41900000
[OK] 2.103.GDB136_chr2H.fa.45900001..46400000
[OK] 2.091.GDB136_chr2H.fa.40500001..41000000
[OK] 2.030.GDB136_chr2H.fa.13050001..13550000
[OK] 2.084.GDB136_chr2H.fa.37350001..37850000
[OK] 2.118.GDB136_chr2H.fa.52650001..53150000
[OK] 2.085.GDB136_chr2H.fa.37800001..38300000
[OK] 2.097.GDB136_chr2H.fa.43200001..43700000
[OK] 2.102.GDB136_chr2H.fa.45450001..45950000
[OK] 2.088.GDB136_chr2H.fa.39150001..39650000
[OK] 2.094.GDB136_chr2H.fa.41850001..42350000
[OK] 2.098.GDB136_chr2H.fa.43650001..44150000
[OK] 2.096.GDB136_chr2H.fa.42750001..43250000
[OK] 2.106.GDB136_chr2H.fa.47250001..47750000
[OK] 2.105.GDB136_chr2H.fa.46800001..47300000
[OK] 2.072.GDB136_chr2H.fa.31950001..32450000
[OK] 2.014.GDB136_chr2H.fa.5850001..6350000
[OK] 2.112.GDB136_chr2H.fa.49950001..50450000
[OK] 2.099.GDB136_chr2H.fa.44100001..44600000
[OK] 2.111.GDB136_chr2H.fa.49500001..50000000
[OK] 2.126.GDB136_chr2H.fa.56250001..56750000
[OK] 2.116.GDB136_chr2H.fa.51750001..52250000
[OK] 2.124.GDB136_chr2H.fa.55350001..55850000
[OK] 2.100.GDB136_chr2H.fa.44550001..45050000
[OK] 2.047.GDB136_chr2H.fa.20700001..21200000
[OK] 2.110.GDB136_chr2H.fa.49050001..49550000
[OK] 2.113.GDB136_chr2H.fa.50400001..50900000
[OK] 2.153.GDB136_chr2H.fa.68400001..68900000
[OK] 2.143.GDB136_chr2H.fa.63900001..64400000
[OK] 2.101.GDB136_chr2H.fa.45000001..45500000
[OK] 2.122.GDB136_chr2H.fa.54450001..54950000
[OK] 2.127.GDB136_chr2H.fa.56700001..57200000
[OK] 2.095.GDB136_chr2H.fa.42300001..42800000
[OK] 2.132.GDB136_chr2H.fa.58950001..59450000
[OK] 2.120.GDB136_chr2H.fa.53550001..54050000
[OK] 2.115.GDB136_chr2H.fa.51300001..51800000
[OK] 2.157.GDB136_chr2H.fa.70200001..70700000
[OK] 2.114.GDB136_chr2H.fa.50850001..51350000
[OK] 2.125.GDB136_chr2H.fa.55800001..56300000
[OK] 2.129.GDB136_chr2H.fa.57600001..58100000
[OK] 2.134.GDB136_chr2H.fa.59850001..60350000
[OK] 2.117.GDB136_chr2H.fa.52200001..52700000
[OK] 2.123.GDB136_chr2H.fa.54900001..55400000
[OK] 2.128.GDB136_chr2H.fa.57150001..57650000
[OK] 2.135.GDB136_chr2H.fa.60300001..60800000
[OK] 2.109.GDB136_chr2H.fa.48600001..49100000
[OK] 2.131.GDB136_chr2H.fa.58500001..59000000
[OK] 2.152.GDB136_chr2H.fa.67950001..68450000
[OK] 2.068.GDB136_chr2H.fa.30150001..30650000
[OK] 2.165.GDB136_chr2H.fa.73800001..74300000
[OK] 2.137.GDB136_chr2H.fa.61200001..61700000
[OK] 2.167.GDB136_chr2H.fa.74700001..75200000
[OK] 2.156.GDB136_chr2H.fa.69750001..70250000
[OK] 2.130.GDB136_chr2H.fa.58050001..58550000
[OK] 2.159.GDB136_chr2H.fa.71100001..71600000
[OK] 2.151.GDB136_chr2H.fa.67500001..68000000
[OK] 2.119.GDB136_chr2H.fa.53100001..53600000
[OK] 2.168.GDB136_chr2H.fa.75150001..75650000
[OK] 2.154.GDB136_chr2H.fa.68850001..69350000
[OK] 2.108.GDB136_chr2H.fa.48150001..48650000
[OK] 2.142.GDB136_chr2H.fa.63450001..63950000
[OK] 2.107.GDB136_chr2H.fa.47700001..48200000
[OK] 2.148.GDB136_chr2H.fa.66150001..66650000
[OK] 2.150.GDB136_chr2H.fa.67050001..67550000
[OK] 2.158.GDB136_chr2H.fa.70650001..71150000
[OK] 2.136.GDB136_chr2H.fa.60750001..61250000
[OK] 2.146.GDB136_chr2H.fa.65250001..65750000
[OK] 2.178.GDB136_chr2H.fa.79650001..80150000
[OK] 2.173.GDB136_chr2H.fa.77400001..77900000
[OK] 2.147.GDB136_chr2H.fa.65700001..66200000
[OK] 2.141.GDB136_chr2H.fa.63000001..63500000
[OK] 2.133.GDB136_chr2H.fa.59400001..59900000
[OK] 2.171.GDB136_chr2H.fa.76500001..77000000
[OK] 2.149.GDB136_chr2H.fa.66600001..67100000
[OK] 2.162.GDB136_chr2H.fa.72450001..72950000
[OK] 2.155.GDB136_chr2H.fa.69300001..69800000
[OK] 2.161.GDB136_chr2H.fa.72000001..72500000
[OK] 2.140.GDB136_chr2H.fa.62550001..63050000
[OK] 2.169.GDB136_chr2H.fa.75600001..76100000
[OK] 2.175.GDB136_chr2H.fa.78300001..78800000
[OK] 2.170.GDB136_chr2H.fa.76050001..76550000
[OK] 2.144.GDB136_chr2H.fa.64350001..64850000
[OK] 2.172.GDB136_chr2H.fa.76950001..77450000
[OK] 2.163.GDB136_chr2H.fa.72900001..73400000
[OK] 2.138.GDB136_chr2H.fa.61650001..62150000
[OK] 2.164.GDB136_chr2H.fa.73350001..73850000
[OK] 2.139.GDB136_chr2H.fa.62100001..62600000
[OK] 2.121.GDB136_chr2H.fa.54000001..54500000
[OK] 2.182.GDB136_chr2H.fa.81450001..81950000
[OK] 2.179.GDB136_chr2H.fa.80100001..80600000
[OK] 2.145.GDB136_chr2H.fa.64800001..65300000
[OK] 2.160.GDB136_chr2H.fa.71550001..72050000
[OK] 2.166.GDB136_chr2H.fa.74250001..74750000
[OK] 2.174.GDB136_chr2H.fa.77850001..78350000
[OK] 2.176.GDB136_chr2H.fa.78750001..79250000
[OK] 2.191.GDB136_chr2H.fa.85500001..86000000
[OK] 2.190.GDB136_chr2H.fa.85050001..85550000
[OK] 2.183.GDB136_chr2H.fa.81900001..82400000
[OK] 2.181.GDB136_chr2H.fa.81000001..81500000
[OK] 2.185.GDB136_chr2H.fa.82800001..83300000
[OK] 2.177.GDB136_chr2H.fa.79200001..79700000
[OK] 2.184.GDB136_chr2H.fa.82350001..82850000
[OK] 2.180.GDB136_chr2H.fa.80550001..81050000
[OK] 2.203.GDB136_chr2H.fa.90900001..91400000
[OK] 2.189.GDB136_chr2H.fa.84600001..85100000
[OK] 2.195.GDB136_chr2H.fa.87300001..87800000
[OK] 2.192.GDB136_chr2H.fa.85950001..86450000
[OK] 2.200.GDB136_chr2H.fa.89550001..90050000
[OK] 2.199.GDB136_chr2H.fa.89100001..89600000
[OK] 2.187.GDB136_chr2H.fa.83700001..84200000
[OK] 2.186.GDB136_chr2H.fa.83250001..83750000
[OK] 2.209.GDB136_chr2H.fa.93600001..94100000
[OK] 2.188.GDB136_chr2H.fa.84150001..84650000
[OK] 2.193.GDB136_chr2H.fa.86400001..86900000
[OK] 2.224.GDB136_chr2H.fa.100350001..100850000
[OK] 2.205.GDB136_chr2H.fa.91800001..92300000
[OK] 2.194.GDB136_chr2H.fa.86850001..87350000
[OK] 2.223.GDB136_chr2H.fa.99900001..100400000
[OK] 2.197.GDB136_chr2H.fa.88200001..88700000
[OK] 2.218.GDB136_chr2H.fa.97650001..98150000
[OK] 2.202.GDB136_chr2H.fa.90450001..90950000
[OK] 2.231.GDB136_chr2H.fa.103500001..104000000
[OK] 2.196.GDB136_chr2H.fa.87750001..88250000
[OK] 2.228.GDB136_chr2H.fa.102150001..102650000
[OK] 2.222.GDB136_chr2H.fa.99450001..99950000
[OK] 2.213.GDB136_chr2H.fa.95400001..95900000
[OK] 2.230.GDB136_chr2H.fa.103050001..103550000
[OK] 2.217.GDB136_chr2H.fa.97200001..97700000
[OK] 2.204.GDB136_chr2H.fa.91350001..91850000
[OK] 2.210.GDB136_chr2H.fa.94050001..94550000
[OK] 2.198.GDB136_chr2H.fa.88650001..89150000
[OK] 2.212.GDB136_chr2H.fa.94950001..95450000
[OK] 2.207.GDB136_chr2H.fa.92700001..93200000
[OK] 2.208.GDB136_chr2H.fa.93150001..93650000
[OK] 2.238.GDB136_chr2H.fa.106650001..107150000
[OK] 2.229.GDB136_chr2H.fa.102600001..103100000
[OK] 2.206.GDB136_chr2H.fa.92250001..92750000
[OK] 2.215.GDB136_chr2H.fa.96300001..96800000
[OK] 2.220.GDB136_chr2H.fa.98550001..99050000
[OK] 2.214.GDB136_chr2H.fa.95850001..96350000
[OK] 2.239.GDB136_chr2H.fa.107100001..107600000
[OK] 2.236.GDB136_chr2H.fa.105750001..106250000
[OK] 2.216.GDB136_chr2H.fa.96750001..97250000
[OK] 2.201.GDB136_chr2H.fa.90000001..90500000
[OK] 2.233.GDB136_chr2H.fa.104400001..104900000
[OK] 2.221.GDB136_chr2H.fa.99000001..99500000
[OK] 2.237.GDB136_chr2H.fa.106200001..106700000
[OK] 2.235.GDB136_chr2H.fa.105300001..105800000
[OK] 2.240.GDB136_chr2H.fa.107550001..108050000
[OK] 2.226.GDB136_chr2H.fa.101250001..101750000
[OK] 2.251.GDB136_chr2H.fa.112500001..113000000
[OK] 2.257.GDB136_chr2H.fa.115200001..115700000
[OK] 2.258.GDB136_chr2H.fa.115650001..116150000
[OK] 2.259.GDB136_chr2H.fa.116100001..116600000
[OK] 2.234.GDB136_chr2H.fa.104850001..105350000
[OK] 2.243.GDB136_chr2H.fa.108900001..109400000
[OK] 2.252.GDB136_chr2H.fa.112950001..113450000
[OK] 2.232.GDB136_chr2H.fa.103950001..104450000
[OK] 2.253.GDB136_chr2H.fa.113400001..113900000
[OK] 2.219.GDB136_chr2H.fa.98100001..98600000
[OK] 2.241.GDB136_chr2H.fa.108000001..108500000
[OK] 2.250.GDB136_chr2H.fa.112050001..112550000
[OK] 2.245.GDB136_chr2H.fa.109800001..110300000
[OK] 2.271.GDB136_chr2H.fa.121500001..122000000
[OK] 2.247.GDB136_chr2H.fa.110700001..111200000
[OK] 2.274.GDB136_chr2H.fa.122850001..123350000
[OK] 2.263.GDB136_chr2H.fa.117900001..118400000
[OK] 2.248.GDB136_chr2H.fa.111150001..111650000
[OK] 2.265.GDB136_chr2H.fa.118800001..119300000
[OK] 2.256.GDB136_chr2H.fa.114750001..115250000
[OK] 2.244.GDB136_chr2H.fa.109350001..109850000
[OK] 2.249.GDB136_chr2H.fa.111600001..112100000
[OK] 2.225.GDB136_chr2H.fa.100800001..101300000
[OK] 2.211.GDB136_chr2H.fa.94500001..95000000
[OK] 2.262.GDB136_chr2H.fa.117450001..117950000
[OK] 2.254.GDB136_chr2H.fa.113850001..114350000
[OK] 2.264.GDB136_chr2H.fa.118350001..118850000
[OK] 2.255.GDB136_chr2H.fa.114300001..114800000
[OK] 2.261.GDB136_chr2H.fa.117000001..117500000
[OK] 2.272.GDB136_chr2H.fa.121950001..122450000
[OK] 2.276.GDB136_chr2H.fa.123750001..124250000
[OK] 2.242.GDB136_chr2H.fa.108450001..108950000
[OK] 2.284.GDB136_chr2H.fa.127350001..127850000
[OK] 2.268.GDB136_chr2H.fa.120150001..120650000
[OK] 2.269.GDB136_chr2H.fa.120600001..121100000
[OK] 2.260.GDB136_chr2H.fa.116550001..117050000
[OK] 2.278.GDB136_chr2H.fa.124650001..125150000
[OK] 2.273.GDB136_chr2H.fa.122400001..122900000
[OK] 2.285.GDB136_chr2H.fa.127800001..128300000
[OK] 2.227.GDB136_chr2H.fa.101700001..102200000
[OK] 2.267.GDB136_chr2H.fa.119700001..120200000
[OK] 2.266.GDB136_chr2H.fa.119250001..119750000
[OK] 2.286.GDB136_chr2H.fa.128250001..128750000
[OK] 2.281.GDB136_chr2H.fa.126000001..126500000
[OK] 2.280.GDB136_chr2H.fa.125550001..126050000
[OK] 2.279.GDB136_chr2H.fa.125100001..125600000
[OK] 2.304.GDB136_chr2H.fa.136350001..136850000
[OK] 2.270.GDB136_chr2H.fa.121050001..121550000
[OK] 2.293.GDB136_chr2H.fa.131400001..131900000
[OK] 2.277.GDB136_chr2H.fa.124200001..124700000
[OK] 2.295.GDB136_chr2H.fa.132300001..132800000
[OK] 2.291.GDB136_chr2H.fa.130500001..131000000
[OK] 2.283.GDB136_chr2H.fa.126900001..127400000
[OK] 2.296.GDB136_chr2H.fa.132750001..133250000
[OK] 2.292.GDB136_chr2H.fa.130950001..131450000
[OK] 2.282.GDB136_chr2H.fa.126450001..126950000
[OK] 2.289.GDB136_chr2H.fa.129600001..130100000
[OK] 2.290.GDB136_chr2H.fa.130050001..130550000
[OK] 2.294.GDB136_chr2H.fa.131850001..132350000
[OK] 2.322.GDB136_chr2H.fa.144450001..144950000
[OK] 2.303.GDB136_chr2H.fa.135900001..136400000
[OK] 2.333.GDB136_chr2H.fa.149400001..149900000
[OK] 2.287.GDB136_chr2H.fa.128700001..129200000
[OK] 2.275.GDB136_chr2H.fa.123300001..123800000
[OK] 2.310.GDB136_chr2H.fa.139050001..139550000
[OK] 2.288.GDB136_chr2H.fa.129150001..129650000
[OK] 2.321.GDB136_chr2H.fa.144000001..144500000
[OK] 2.297.GDB136_chr2H.fa.133200001..133700000
[OK] 2.305.GDB136_chr2H.fa.136800001..137300000
[OK] 2.246.GDB136_chr2H.fa.110250001..110750000
[OK] 2.301.GDB136_chr2H.fa.135000001..135500000
[OK] 2.302.GDB136_chr2H.fa.135450001..135950000
[OK] 2.313.GDB136_chr2H.fa.140400001..140900000
[OK] 2.347.GDB136_chr2H.fa.155700001..156200000
[OK] 2.311.GDB136_chr2H.fa.139500001..140000000
[OK] 2.323.GDB136_chr2H.fa.144900001..145400000
[OK] 2.325.GDB136_chr2H.fa.145800001..146300000
[OK] 2.307.GDB136_chr2H.fa.137700001..138200000
[OK] 2.299.GDB136_chr2H.fa.134100001..134600000
[OK] 2.349.GDB136_chr2H.fa.156600001..157100000
[OK] 2.331.GDB136_chr2H.fa.148500001..149000000
[OK] 2.300.GDB136_chr2H.fa.134550001..135050000
[OK] 2.308.GDB136_chr2H.fa.138150001..138650000
[OK] 2.298.GDB136_chr2H.fa.133650001..134150000
[OK] 2.328.GDB136_chr2H.fa.147150001..147650000
[OK] 2.332.GDB136_chr2H.fa.148950001..149450000
[OK] 2.319.GDB136_chr2H.fa.143100001..143600000
[OK] 2.318.GDB136_chr2H.fa.142650001..143150000
[OK] 2.320.GDB136_chr2H.fa.143550001..144050000
[OK] 2.339.GDB136_chr2H.fa.152100001..152600000
[OK] 2.330.GDB136_chr2H.fa.148050001..148550000
[OK] 2.316.GDB136_chr2H.fa.141750001..142250000
[OK] 2.314.GDB136_chr2H.fa.140850001..141350000
[OK] 2.329.GDB136_chr2H.fa.147600001..148100000
[OK] 2.327.GDB136_chr2H.fa.146700001..147200000
[OK] 2.306.GDB136_chr2H.fa.137250001..137750000
[OK] 2.324.GDB136_chr2H.fa.145350001..145850000
[OK] 2.309.GDB136_chr2H.fa.138600001..139100000
[OK] 2.338.GDB136_chr2H.fa.151650001..152150000
[OK] 2.351.GDB136_chr2H.fa.157500001..158000000
[OK] 2.315.GDB136_chr2H.fa.141300001..141800000
[OK] 2.341.GDB136_chr2H.fa.153000001..153500000
[OK] 2.317.GDB136_chr2H.fa.142200001..142700000
[OK] 2.334.GDB136_chr2H.fa.149850001..150350000
[OK] 2.337.GDB136_chr2H.fa.151200001..151700000
[OK] 2.346.GDB136_chr2H.fa.155250001..155750000
[OK] 2.363.GDB136_chr2H.fa.162900001..163400000
[OK] 2.345.GDB136_chr2H.fa.154800001..155300000
[OK] 2.312.GDB136_chr2H.fa.139950001..140450000
[OK] 2.350.GDB136_chr2H.fa.157050001..157550000
[OK] 2.359.GDB136_chr2H.fa.161100001..161600000
[OK] 2.364.GDB136_chr2H.fa.163350001..163850000
[OK] 2.340.GDB136_chr2H.fa.152550001..153050000
[OK] 2.342.GDB136_chr2H.fa.153450001..153950000
[OK] 2.358.GDB136_chr2H.fa.160650001..161150000
[OK] 2.343.GDB136_chr2H.fa.153900001..154400000
[OK] 2.357.GDB136_chr2H.fa.160200001..160700000
[OK] 2.336.GDB136_chr2H.fa.150750001..151250000
[OK] 2.326.GDB136_chr2H.fa.146250001..146750000
[OK] 2.372.GDB136_chr2H.fa.166950001..167450000
[OK] 2.355.GDB136_chr2H.fa.159300001..159800000
[OK] 2.354.GDB136_chr2H.fa.158850001..159350000
[OK] 2.353.GDB136_chr2H.fa.158400001..158900000
[OK] 2.344.GDB136_chr2H.fa.154350001..154850000
[OK] 2.356.GDB136_chr2H.fa.159750001..160250000
[OK] 2.352.GDB136_chr2H.fa.157950001..158450000
[OK] 2.360.GDB136_chr2H.fa.161550001..162050000
[OK] 2.368.GDB136_chr2H.fa.165150001..165650000
[OK] 2.335.GDB136_chr2H.fa.150300001..150800000
[OK] 2.378.GDB136_chr2H.fa.169650001..170150000
[OK] 2.369.GDB136_chr2H.fa.165600001..166100000
[OK] 2.348.GDB136_chr2H.fa.156150001..156650000
[OK] 2.366.GDB136_chr2H.fa.164250001..164750000
[OK] 2.376.GDB136_chr2H.fa.168750001..169250000
[OK] 2.370.GDB136_chr2H.fa.166050001..166550000
[OK] 2.362.GDB136_chr2H.fa.162450001..162950000
[OK] 2.377.GDB136_chr2H.fa.169200001..169700000
[OK] 2.371.GDB136_chr2H.fa.166500001..167000000
[OK] 2.367.GDB136_chr2H.fa.164700001..165200000
[OK] 2.365.GDB136_chr2H.fa.163800001..164300000
[OK] 2.392.GDB136_chr2H.fa.175950001..176450000
[OK] 2.394.GDB136_chr2H.fa.176850001..177350000
[OK] 2.426.GDB136_chr2H.fa.191250001..191750000
[OK] 2.374.GDB136_chr2H.fa.167850001..168350000
[OK] 2.375.GDB136_chr2H.fa.168300001..168800000
[OK] 2.379.GDB136_chr2H.fa.170100001..170600000
[OK] 2.386.GDB136_chr2H.fa.173250001..173750000
[OK] 2.400.GDB136_chr2H.fa.179550001..180050000
[OK] 2.380.GDB136_chr2H.fa.170550001..171050000
[OK] 2.420.GDB136_chr2H.fa.188550001..189050000
[OK] 2.399.GDB136_chr2H.fa.179100001..179600000
[OK] 2.384.GDB136_chr2H.fa.172350001..172850000
[OK] 2.383.GDB136_chr2H.fa.171900001..172400000
[OK] 2.381.GDB136_chr2H.fa.171000001..171500000
[OK] 2.398.GDB136_chr2H.fa.178650001..179150000
[OK] 2.387.GDB136_chr2H.fa.173700001..174200000
[OK] 2.390.GDB136_chr2H.fa.175050001..175550000
[OK] 2.389.GDB136_chr2H.fa.174600001..175100000
[OK] 2.395.GDB136_chr2H.fa.177300001..177800000
[OK] 2.373.GDB136_chr2H.fa.167400001..167900000
[OK] 2.393.GDB136_chr2H.fa.176400001..176900000
[OK] 2.382.GDB136_chr2H.fa.171450001..171950000
[OK] 2.418.GDB136_chr2H.fa.187650001..188150000
[OK] 2.402.GDB136_chr2H.fa.180450001..180950000
[OK] 2.412.GDB136_chr2H.fa.184950001..185450000
[OK] 2.407.GDB136_chr2H.fa.182700001..183200000
[OK] 2.397.GDB136_chr2H.fa.178200001..178700000
[OK] 2.415.GDB136_chr2H.fa.186300001..186800000
[OK] 2.385.GDB136_chr2H.fa.172800001..173300000
[OK] 2.388.GDB136_chr2H.fa.174150001..174650000
[OK] 2.391.GDB136_chr2H.fa.175500001..176000000
[OK] 2.431.GDB136_chr2H.fa.193500001..194000000
[OK] 2.408.GDB136_chr2H.fa.183150001..183650000
[OK] 2.413.GDB136_chr2H.fa.185400001..185900000
[OK] 2.440.GDB136_chr2H.fa.197550001..198050000
[OK] 2.406.GDB136_chr2H.fa.182250001..182750000
[OK] 2.410.GDB136_chr2H.fa.184050001..184550000
[OK] 2.401.GDB136_chr2H.fa.180000001..180500000
[OK] 2.409.GDB136_chr2H.fa.183600001..184100000
[OK] 2.439.GDB136_chr2H.fa.197100001..197600000
[OK] 2.432.GDB136_chr2H.fa.193950001..194450000
[OK] 2.396.GDB136_chr2H.fa.177750001..178250000
[OK] 2.445.GDB136_chr2H.fa.199800001..200300000
[OK] 2.419.GDB136_chr2H.fa.188100001..188600000
[OK] 2.425.GDB136_chr2H.fa.190800001..191300000
[OK] 2.422.GDB136_chr2H.fa.189450001..189950000
[OK] 2.403.GDB136_chr2H.fa.180900001..181400000
[OK] 2.404.GDB136_chr2H.fa.181350001..181850000
[OK] 2.405.GDB136_chr2H.fa.181800001..182300000
[OK] 2.414.GDB136_chr2H.fa.185850001..186350000
[OK] 2.456.GDB136_chr2H.fa.204750001..205250000
[OK] 2.433.GDB136_chr2H.fa.194400001..194900000
[OK] 2.421.GDB136_chr2H.fa.189000001..189500000
[OK] 2.424.GDB136_chr2H.fa.190350001..190850000
[OK] 2.429.GDB136_chr2H.fa.192600001..193100000
[OK] 2.453.GDB136_chr2H.fa.203400001..203900000
[OK] 2.361.GDB136_chr2H.fa.162000001..162500000
[OK] 2.438.GDB136_chr2H.fa.196650001..197150000
[OK] 2.436.GDB136_chr2H.fa.195750001..196250000
[OK] 2.428.GDB136_chr2H.fa.192150001..192650000
[OK] 2.442.GDB136_chr2H.fa.198450001..198950000
[OK] 2.427.GDB136_chr2H.fa.191700001..192200000
[OK] 2.430.GDB136_chr2H.fa.193050001..193550000
[OK] 2.416.GDB136_chr2H.fa.186750001..187250000
[OK] 2.411.GDB136_chr2H.fa.184500001..185000000
[OK] 2.451.GDB136_chr2H.fa.202500001..203000000
[OK] 2.449.GDB136_chr2H.fa.201600001..202100000
[OK] 2.457.GDB136_chr2H.fa.205200001..205700000
[OK] 2.462.GDB136_chr2H.fa.207450001..207950000
[OK] 2.423.GDB136_chr2H.fa.189900001..190400000
[OK] 2.441.GDB136_chr2H.fa.198000001..198500000
[OK] 2.452.GDB136_chr2H.fa.202950001..203450000
[OK] 2.471.GDB136_chr2H.fa.211500001..212000000
[OK] 2.443.GDB136_chr2H.fa.198900001..199400000
[OK] 2.459.GDB136_chr2H.fa.206100001..206600000
[OK] 2.450.GDB136_chr2H.fa.202050001..202550000
[OK] 2.444.GDB136_chr2H.fa.199350001..199850000
[OK] 2.461.GDB136_chr2H.fa.207000001..207500000
[OK] 2.463.GDB136_chr2H.fa.207900001..208400000
[OK] 2.454.GDB136_chr2H.fa.203850001..204350000
[OK] 2.458.GDB136_chr2H.fa.205650001..206150000
[OK] 2.434.GDB136_chr2H.fa.194850001..195350000
[OK] 2.417.GDB136_chr2H.fa.187200001..187700000
[OK] 2.435.GDB136_chr2H.fa.195300001..195800000
[OK] 2.448.GDB136_chr2H.fa.201150001..201650000
[OK] 2.466.GDB136_chr2H.fa.209250001..209750000
[OK] 2.460.GDB136_chr2H.fa.206550001..207050000
[OK] 2.455.GDB136_chr2H.fa.204300001..204800000
[OK] 2.437.GDB136_chr2H.fa.196200001..196700000
[OK] 2.464.GDB136_chr2H.fa.208350001..208850000
[OK] 2.486.GDB136_chr2H.fa.218250001..218750000
[OK] 2.467.GDB136_chr2H.fa.209700001..210200000
[OK] 2.468.GDB136_chr2H.fa.210150001..210650000
[OK] 2.446.GDB136_chr2H.fa.200250001..200750000
[OK] 2.504.GDB136_chr2H.fa.226350001..226850000
[OK] 2.469.GDB136_chr2H.fa.210600001..211100000
[OK] 2.488.GDB136_chr2H.fa.219150001..219650000
[OK] 2.470.GDB136_chr2H.fa.211050001..211550000
[OK] 2.489.GDB136_chr2H.fa.219600001..220100000
[OK] 2.499.GDB136_chr2H.fa.224100001..224600000
[OK] 2.501.GDB136_chr2H.fa.225000001..225500000
[OK] 2.480.GDB136_chr2H.fa.215550001..216050000
[OK] 2.465.GDB136_chr2H.fa.208800001..209300000
[OK] 2.477.GDB136_chr2H.fa.214200001..214700000
[OK] 2.476.GDB136_chr2H.fa.213750001..214250000
[OK] 2.479.GDB136_chr2H.fa.215100001..215600000
[OK] 2.485.GDB136_chr2H.fa.217800001..218300000
[OK] 2.473.GDB136_chr2H.fa.212400001..212900000
[OK] 2.481.GDB136_chr2H.fa.216000001..216500000
[OK] 2.474.GDB136_chr2H.fa.212850001..213350000
[OK] 2.508.GDB136_chr2H.fa.228150001..228650000
[OK] 2.472.GDB136_chr2H.fa.211950001..212450000
[OK] 2.478.GDB136_chr2H.fa.214650001..215150000
[OK] 2.495.GDB136_chr2H.fa.222300001..222800000
[OK] 2.497.GDB136_chr2H.fa.223200001..223700000
[OK] 2.487.GDB136_chr2H.fa.218700001..219200000
[OK] 2.498.GDB136_chr2H.fa.223650001..224150000
[OK] 2.447.GDB136_chr2H.fa.200700001..201200000
[OK] 2.509.GDB136_chr2H.fa.228600001..229100000
[OK] 2.493.GDB136_chr2H.fa.221400001..221900000
[OK] 2.492.GDB136_chr2H.fa.220950001..221450000
[OK] 2.484.GDB136_chr2H.fa.217350001..217850000
[OK] 2.490.GDB136_chr2H.fa.220050001..220550000
[OK] 2.514.GDB136_chr2H.fa.230850001..231350000
[OK] 2.505.GDB136_chr2H.fa.226800001..227300000
[OK] 2.519.GDB136_chr2H.fa.233100001..233600000
[OK] 2.510.GDB136_chr2H.fa.229050001..229550000
[OK] 2.496.GDB136_chr2H.fa.222750001..223250000
[OK] 2.491.GDB136_chr2H.fa.220500001..221000000
[OK] 2.500.GDB136_chr2H.fa.224550001..225050000
[OK] 2.517.GDB136_chr2H.fa.232200001..232700000
[OK] 2.482.GDB136_chr2H.fa.216450001..216950000
[OK] 2.535.GDB136_chr2H.fa.240300001..240800000
[OK] 2.506.GDB136_chr2H.fa.227250001..227750000
[OK] 2.512.GDB136_chr2H.fa.229950001..230450000
[OK] 2.507.GDB136_chr2H.fa.227700001..228200000
[OK] 2.523.GDB136_chr2H.fa.234900001..235400000
[OK] 2.541.GDB136_chr2H.fa.243000001..243500000
[OK] 2.503.GDB136_chr2H.fa.225900001..226400000
[OK] 2.502.GDB136_chr2H.fa.225450001..225950000
[OK] 2.528.GDB136_chr2H.fa.237150001..237650000
[OK] 2.494.GDB136_chr2H.fa.221850001..222350000
[OK] 2.522.GDB136_chr2H.fa.234450001..234950000
[OK] 2.533.GDB136_chr2H.fa.239400001..239900000
[OK] 2.511.GDB136_chr2H.fa.229500001..230000000
[OK] 2.543.GDB136_chr2H.fa.243900001..244400000
[OK] 2.529.GDB136_chr2H.fa.237600001..238100000
[OK] 2.526.GDB136_chr2H.fa.236250001..236750000
[OK] 2.537.GDB136_chr2H.fa.241200001..241700000
[OK] 2.520.GDB136_chr2H.fa.233550001..234050000
[OK] 2.534.GDB136_chr2H.fa.239850001..240350000
[OK] 2.527.GDB136_chr2H.fa.236700001..237200000
[OK] 2.530.GDB136_chr2H.fa.238050001..238550000
[OK] 2.516.GDB136_chr2H.fa.231750001..232250000
[OK] 2.521.GDB136_chr2H.fa.234000001..234500000
[OK] 2.524.GDB136_chr2H.fa.235350001..235850000
[OK] 2.515.GDB136_chr2H.fa.231300001..231800000
[OK] 2.539.GDB136_chr2H.fa.242100001..242600000
[OK] 2.475.GDB136_chr2H.fa.213300001..213800000
[OK] 2.538.GDB136_chr2H.fa.241650001..242150000
[OK] 2.546.GDB136_chr2H.fa.245250001..245750000
[OK] 2.525.GDB136_chr2H.fa.235800001..236300000
[OK] 2.551.GDB136_chr2H.fa.247500001..248000000
[OK] 2.483.GDB136_chr2H.fa.216900001..217400000
[OK] 2.531.GDB136_chr2H.fa.238500001..239000000
[OK] 2.532.GDB136_chr2H.fa.238950001..239450000
[OK] 2.518.GDB136_chr2H.fa.232650001..233150000
[OK] 2.545.GDB136_chr2H.fa.244800001..245300000
[OK] 2.549.GDB136_chr2H.fa.246600001..247100000
[OK] 2.536.GDB136_chr2H.fa.240750001..241250000
[OK] 2.542.GDB136_chr2H.fa.243450001..243950000
[OK] 2.548.GDB136_chr2H.fa.246150001..246650000
[OK] 2.554.GDB136_chr2H.fa.248850001..249350000
[OK] 2.513.GDB136_chr2H.fa.230400001..230900000
[OK] 2.561.GDB136_chr2H.fa.252000001..252500000
[OK] 2.553.GDB136_chr2H.fa.248400001..248900000
[OK] 2.560.GDB136_chr2H.fa.251550001..252050000
[OK] 2.557.GDB136_chr2H.fa.250200001..250700000
[OK] 2.571.GDB136_chr2H.fa.256500001..257000000
[OK] 2.540.GDB136_chr2H.fa.242550001..243050000
[OK] 2.550.GDB136_chr2H.fa.247050001..247550000
[OK] 2.552.GDB136_chr2H.fa.247950001..248450000
[OK] 2.544.GDB136_chr2H.fa.244350001..244850000
[OK] 2.572.GDB136_chr2H.fa.256950001..257450000
[OK] 2.556.GDB136_chr2H.fa.249750001..250250000
[OK] 2.563.GDB136_chr2H.fa.252900001..253400000
[OK] 2.566.GDB136_chr2H.fa.254250001..254750000
[OK] 2.583.GDB136_chr2H.fa.261900001..262400000
[OK] 2.547.GDB136_chr2H.fa.245700001..246200000
[OK] 2.555.GDB136_chr2H.fa.249300001..249800000
[OK] 2.575.GDB136_chr2H.fa.258300001..258800000
[OK] 2.573.GDB136_chr2H.fa.257400001..257900000
[OK] 2.595.GDB136_chr2H.fa.267300001..267800000
[OK] 2.579.GDB136_chr2H.fa.260100001..260600000
[OK] 2.587.GDB136_chr2H.fa.263700001..264200000
[OK] 2.564.GDB136_chr2H.fa.253350001..253850000
[OK] 2.562.GDB136_chr2H.fa.252450001..252950000
[OK] 2.581.GDB136_chr2H.fa.261000001..261500000
[OK] 2.574.GDB136_chr2H.fa.257850001..258350000
[OK] 2.568.GDB136_chr2H.fa.255150001..255650000
[OK] 2.559.GDB136_chr2H.fa.251100001..251600000
[OK] 2.578.GDB136_chr2H.fa.259650001..260150000
[OK] 2.569.GDB136_chr2H.fa.255600001..256100000
[OK] 2.586.GDB136_chr2H.fa.263250001..263750000
[OK] 2.588.GDB136_chr2H.fa.264150001..264650000
[OK] 2.596.GDB136_chr2H.fa.267750001..268250000
[OK] 2.606.GDB136_chr2H.fa.272250001..272750000
[OK] 2.558.GDB136_chr2H.fa.250650001..251150000
[OK] 2.570.GDB136_chr2H.fa.256050001..256550000
[OK] 2.592.GDB136_chr2H.fa.265950001..266450000
[OK] 2.610.GDB136_chr2H.fa.274050001..274550000
[OK] 2.576.GDB136_chr2H.fa.258750001..259250000
[OK] 2.601.GDB136_chr2H.fa.270000001..270500000
[OK] 2.594.GDB136_chr2H.fa.266850001..267350000
[OK] 2.577.GDB136_chr2H.fa.259200001..259700000
[OK] 2.591.GDB136_chr2H.fa.265500001..266000000
[OK] 2.605.GDB136_chr2H.fa.271800001..272300000
[OK] 2.598.GDB136_chr2H.fa.268650001..269150000
[OK] 2.603.GDB136_chr2H.fa.270900001..271400000
[OK] 2.611.GDB136_chr2H.fa.274500001..275000000
[OK] 2.599.GDB136_chr2H.fa.269100001..269600000
[OK] 2.602.GDB136_chr2H.fa.270450001..270950000
[OK] 2.617.GDB136_chr2H.fa.277200001..277700000
[OK] 2.623.GDB136_chr2H.fa.279900001..280400000
[OK] 2.615.GDB136_chr2H.fa.276300001..276800000
[OK] 2.593.GDB136_chr2H.fa.266400001..266900000
[OK] 2.614.GDB136_chr2H.fa.275850001..276350000
[OK] 2.600.GDB136_chr2H.fa.269550001..270050000
[OK] 2.590.GDB136_chr2H.fa.265050001..265550000
[OK] 2.589.GDB136_chr2H.fa.264600001..265100000
[OK] 2.597.GDB136_chr2H.fa.268200001..268700000
[OK] 2.584.GDB136_chr2H.fa.262350001..262850000
[OK] 2.580.GDB136_chr2H.fa.260550001..261050000
[OK] 2.613.GDB136_chr2H.fa.275400001..275900000
[OK] 2.618.GDB136_chr2H.fa.277650001..278150000
[OK] 2.604.GDB136_chr2H.fa.271350001..271850000
[OK] 2.565.GDB136_chr2H.fa.253800001..254300000
[OK] 2.585.GDB136_chr2H.fa.262800001..263300000
[OK] 2.608.GDB136_chr2H.fa.273150001..273650000
[OK] 2.631.GDB136_chr2H.fa.283500001..284000000
[OK] 2.582.GDB136_chr2H.fa.261450001..261950000
[OK] 2.622.GDB136_chr2H.fa.279450001..279950000
[OK] 2.619.GDB136_chr2H.fa.278100001..278600000
[OK] 2.616.GDB136_chr2H.fa.276750001..277250000
[OK] 2.638.GDB136_chr2H.fa.286650001..287150000
[OK] 2.621.GDB136_chr2H.fa.279000001..279500000
[OK] 2.634.GDB136_chr2H.fa.284850001..285350000
[OK] 2.612.GDB136_chr2H.fa.274950001..275450000
[OK] 2.620.GDB136_chr2H.fa.278550001..279050000
[OK] 2.635.GDB136_chr2H.fa.285300001..285800000
[OK] 2.629.GDB136_chr2H.fa.282600001..283100000
[OK] 2.644.GDB136_chr2H.fa.289350001..289850000
[OK] 2.639.GDB136_chr2H.fa.287100001..287600000
[OK] 2.567.GDB136_chr2H.fa.254700001..255200000
[OK] 2.624.GDB136_chr2H.fa.280350001..280850000
[OK] 2.627.GDB136_chr2H.fa.281700001..282200000
[OK] 2.609.GDB136_chr2H.fa.273600001..274100000
[OK] 2.640.GDB136_chr2H.fa.287550001..288050000
[OK] 2.643.GDB136_chr2H.fa.288900001..289400000
[OK] 2.633.GDB136_chr2H.fa.284400001..284900000
[OK] 2.636.GDB136_chr2H.fa.285750001..286250000
[OK] 2.607.GDB136_chr2H.fa.272700001..273200000
[OK] 2.630.GDB136_chr2H.fa.283050001..283550000
[OK] 2.645.GDB136_chr2H.fa.289800001..290300000
[OK] 2.626.GDB136_chr2H.fa.281250001..281750000
[OK] 2.625.GDB136_chr2H.fa.280800001..281300000
[OK] 2.628.GDB136_chr2H.fa.282150001..282650000
[OK] 2.662.GDB136_chr2H.fa.297450001..297950000
[OK] 2.647.GDB136_chr2H.fa.290700001..291200000
[OK] 2.656.GDB136_chr2H.fa.294750001..295250000
[OK] 2.646.GDB136_chr2H.fa.290250001..290750000
[OK] 2.632.GDB136_chr2H.fa.283950001..284450000
[OK] 2.654.GDB136_chr2H.fa.293850001..294350000
[OK] 2.657.GDB136_chr2H.fa.295200001..295700000
[OK] 2.642.GDB136_chr2H.fa.288450001..288950000
[OK] 2.648.GDB136_chr2H.fa.291150001..291650000
[OK] 2.637.GDB136_chr2H.fa.286200001..286700000
[OK] 2.663.GDB136_chr2H.fa.297900001..298400000
[OK] 2.649.GDB136_chr2H.fa.291600001..292100000
[OK] 2.655.GDB136_chr2H.fa.294300001..294800000
[OK] 2.660.GDB136_chr2H.fa.296550001..297050000
[OK] 2.652.GDB136_chr2H.fa.292950001..293450000
[OK] 2.661.GDB136_chr2H.fa.297000001..297500000
[OK] 2.650.GDB136_chr2H.fa.292050001..292550000
[OK] 2.677.GDB136_chr2H.fa.304200001..304700000
[OK] 2.659.GDB136_chr2H.fa.296100001..296600000
[OK] 2.653.GDB136_chr2H.fa.293400001..293900000
[OK] 2.671.GDB136_chr2H.fa.301500001..302000000
[OK] 2.658.GDB136_chr2H.fa.295650001..296150000
[OK] 2.708.GDB136_chr2H.fa.318150001..318650000
[OK] 2.682.GDB136_chr2H.fa.306450001..306950000
[OK] 2.664.GDB136_chr2H.fa.298350001..298850000
[OK] 2.676.GDB136_chr2H.fa.303750001..304250000
[OK] 2.667.GDB136_chr2H.fa.299700001..300200000
[OK] 2.693.GDB136_chr2H.fa.311400001..311900000
[OK] 2.668.GDB136_chr2H.fa.300150001..300650000
[OK] 2.672.GDB136_chr2H.fa.301950001..302450000
[OK] 2.678.GDB136_chr2H.fa.304650001..305150000
[OK] 2.680.GDB136_chr2H.fa.305550001..306050000
[OK] 2.674.GDB136_chr2H.fa.302850001..303350000
[OK] 2.683.GDB136_chr2H.fa.306900001..307400000
[OK] 2.675.GDB136_chr2H.fa.303300001..303800000
[OK] 2.679.GDB136_chr2H.fa.305100001..305600000
[OK] 2.712.GDB136_chr2H.fa.319950001..320450000
[OK] 2.688.GDB136_chr2H.fa.309150001..309650000
[OK] 2.687.GDB136_chr2H.fa.308700001..309200000
[OK] 2.717.GDB136_chr2H.fa.322200001..322700000
[OK] 2.673.GDB136_chr2H.fa.302400001..302900000
[OK] 2.686.GDB136_chr2H.fa.308250001..308750000
[OK] 2.669.GDB136_chr2H.fa.300600001..301100000
[OK] 2.666.GDB136_chr2H.fa.299250001..299750000
[OK] 2.691.GDB136_chr2H.fa.310500001..311000000
[OK] 2.681.GDB136_chr2H.fa.306000001..306500000
[OK] 2.651.GDB136_chr2H.fa.292500001..293000000
[OK] 2.689.GDB136_chr2H.fa.309600001..310100000
[OK] 2.696.GDB136_chr2H.fa.312750001..313250000
[OK] 2.702.GDB136_chr2H.fa.315450001..315950000
[OK] 2.694.GDB136_chr2H.fa.311850001..312350000
[OK] 2.701.GDB136_chr2H.fa.315000001..315500000
[OK] 2.670.GDB136_chr2H.fa.301050001..301550000
[OK] 2.705.GDB136_chr2H.fa.316800001..317300000
[OK] 2.699.GDB136_chr2H.fa.314100001..314600000
[OK] 2.665.GDB136_chr2H.fa.298800001..299300000
[OK] 2.720.GDB136_chr2H.fa.323550001..324050000
[OK] 2.641.GDB136_chr2H.fa.288000001..288500000
[OK] 2.707.GDB136_chr2H.fa.317700001..318200000
[OK] 2.713.GDB136_chr2H.fa.320400001..320900000
[OK] 2.695.GDB136_chr2H.fa.312300001..312800000
[OK] 2.697.GDB136_chr2H.fa.313200001..313700000
[OK] 2.700.GDB136_chr2H.fa.314550001..315050000
[OK] 2.710.GDB136_chr2H.fa.319050001..319550000
[OK] 2.726.GDB136_chr2H.fa.326250001..326750000
[OK] 2.698.GDB136_chr2H.fa.313650001..314150000
[OK] 2.685.GDB136_chr2H.fa.307800001..308300000
[OK] 2.690.GDB136_chr2H.fa.310050001..310550000
[OK] 2.724.GDB136_chr2H.fa.325350001..325850000
[OK] 2.711.GDB136_chr2H.fa.319500001..320000000
[OK] 2.716.GDB136_chr2H.fa.321750001..322250000
[OK] 2.704.GDB136_chr2H.fa.316350001..316850000
[OK] 2.709.GDB136_chr2H.fa.318600001..319100000
[OK] 2.727.GDB136_chr2H.fa.326700001..327200000
[OK] 2.714.GDB136_chr2H.fa.320850001..321350000
[OK] 2.719.GDB136_chr2H.fa.323100001..323600000
[OK] 2.684.GDB136_chr2H.fa.307350001..307850000
[OK] 2.729.GDB136_chr2H.fa.327600001..328100000
[OK] 2.723.GDB136_chr2H.fa.324900001..325400000
[OK] 2.728.GDB136_chr2H.fa.327150001..327650000
[OK] 2.715.GDB136_chr2H.fa.321300001..321800000
[OK] 2.745.GDB136_chr2H.fa.334800001..335300000
[OK] 2.740.GDB136_chr2H.fa.332550001..333050000
[OK] 2.733.GDB136_chr2H.fa.329400001..329900000
[OK] 2.703.GDB136_chr2H.fa.315900001..316400000
[OK] 2.718.GDB136_chr2H.fa.322650001..323150000
[OK] 2.743.GDB136_chr2H.fa.333900001..334400000
[OK] 2.706.GDB136_chr2H.fa.317250001..317750000
[OK] 2.721.GDB136_chr2H.fa.324000001..324500000
[OK] 2.735.GDB136_chr2H.fa.330300001..330800000
[OK] 2.722.GDB136_chr2H.fa.324450001..324950000
[OK] 2.746.GDB136_chr2H.fa.335250001..335750000
[OK] 2.739.GDB136_chr2H.fa.332100001..332600000
[OK] 2.732.GDB136_chr2H.fa.328950001..329450000
[OK] 2.692.GDB136_chr2H.fa.310950001..311450000
[OK] 2.736.GDB136_chr2H.fa.330750001..331250000
[OK] 2.734.GDB136_chr2H.fa.329850001..330350000
[OK] 2.730.GDB136_chr2H.fa.328050001..328550000
[OK] 2.737.GDB136_chr2H.fa.331200001..331700000
[OK] 2.744.GDB136_chr2H.fa.334350001..334850000
[OK] 2.750.GDB136_chr2H.fa.337050001..337550000
[OK] 2.742.GDB136_chr2H.fa.333450001..333950000
[OK] 2.738.GDB136_chr2H.fa.331650001..332150000
[OK] 2.760.GDB136_chr2H.fa.341550001..342050000
[OK] 2.741.GDB136_chr2H.fa.333000001..333500000
[OK] 2.752.GDB136_chr2H.fa.337950001..338450000
[OK] 2.748.GDB136_chr2H.fa.336150001..336650000
[OK] 2.762.GDB136_chr2H.fa.342450001..342950000
[OK] 2.789.GDB136_chr2H.fa.354600001..355100000
[OK] 2.725.GDB136_chr2H.fa.325800001..326300000
[OK] 2.758.GDB136_chr2H.fa.340650001..341150000
[OK] 2.756.GDB136_chr2H.fa.339750001..340250000
[OK] 2.768.GDB136_chr2H.fa.345150001..345650000
[OK] 2.751.GDB136_chr2H.fa.337500001..338000000
[OK] 2.779.GDB136_chr2H.fa.350100001..350600000
[OK] 2.757.GDB136_chr2H.fa.340200001..340700000
[OK] 2.759.GDB136_chr2H.fa.341100001..341600000
[OK] 2.755.GDB136_chr2H.fa.339300001..339800000
[OK] 2.781.GDB136_chr2H.fa.351000001..351500000
[OK] 2.771.GDB136_chr2H.fa.346500001..347000000
[OK] 2.754.GDB136_chr2H.fa.338850001..339350000
[OK] 2.778.GDB136_chr2H.fa.349650001..350150000
[OK] 2.764.GDB136_chr2H.fa.343350001..343850000
[OK] 2.761.GDB136_chr2H.fa.342000001..342500000
[OK] 2.772.GDB136_chr2H.fa.346950001..347450000
[OK] 2.776.GDB136_chr2H.fa.348750001..349250000
[OK] 2.747.GDB136_chr2H.fa.335700001..336200000
[OK] 2.731.GDB136_chr2H.fa.328500001..329000000
[OK] 2.767.GDB136_chr2H.fa.344700001..345200000
[OK] 2.791.GDB136_chr2H.fa.355500001..356000000
[OK] 2.787.GDB136_chr2H.fa.353700001..354200000
[OK] 2.777.GDB136_chr2H.fa.349200001..349700000
[OK] 2.785.GDB136_chr2H.fa.352800001..353300000
[OK] 2.793.GDB136_chr2H.fa.356400001..356900000
[OK] 2.753.GDB136_chr2H.fa.338400001..338900000
[OK] 2.790.GDB136_chr2H.fa.355050001..355550000
[OK] 2.786.GDB136_chr2H.fa.353250001..353750000
[OK] 2.775.GDB136_chr2H.fa.348300001..348800000
[OK] 2.782.GDB136_chr2H.fa.351450001..351950000
[OK] 2.773.GDB136_chr2H.fa.347400001..347900000
[OK] 2.783.GDB136_chr2H.fa.351900001..352400000
[OK] 2.765.GDB136_chr2H.fa.343800001..344300000
[OK] 2.788.GDB136_chr2H.fa.354150001..354650000
[OK] 2.803.GDB136_chr2H.fa.360900001..361400000
[OK] 2.812.GDB136_chr2H.fa.364950001..365450000
[OK] 2.766.GDB136_chr2H.fa.344250001..344750000
[OK] 2.770.GDB136_chr2H.fa.346050001..346550000
[OK] 2.820.GDB136_chr2H.fa.368550001..369050000
[OK] 2.796.GDB136_chr2H.fa.357750001..358250000
[OK] 2.802.GDB136_chr2H.fa.360450001..360950000
[OK] 2.792.GDB136_chr2H.fa.355950001..356450000
[OK] 2.769.GDB136_chr2H.fa.345600001..346100000
[OK] 2.794.GDB136_chr2H.fa.356850001..357350000
[OK] 2.774.GDB136_chr2H.fa.347850001..348350000
[OK] 2.780.GDB136_chr2H.fa.350550001..351050000
[OK] 2.799.GDB136_chr2H.fa.359100001..359600000
[OK] 2.804.GDB136_chr2H.fa.361350001..361850000
[OK] 2.806.GDB136_chr2H.fa.362250001..362750000
[OK] 2.784.GDB136_chr2H.fa.352350001..352850000
[OK] 2.809.GDB136_chr2H.fa.363600001..364100000
[OK] 2.825.GDB136_chr2H.fa.370800001..371300000
[OK] 2.798.GDB136_chr2H.fa.358650001..359150000
[OK] 2.805.GDB136_chr2H.fa.361800001..362300000
[OK] 2.815.GDB136_chr2H.fa.366300001..366800000
[OK] 2.808.GDB136_chr2H.fa.363150001..363650000
[OK] 2.818.GDB136_chr2H.fa.367650001..368150000
[OK] 2.810.GDB136_chr2H.fa.364050001..364550000
[OK] 2.811.GDB136_chr2H.fa.364500001..365000000
[OK] 2.807.GDB136_chr2H.fa.362700001..363200000
[OK] 2.800.GDB136_chr2H.fa.359550001..360050000
[OK] 2.814.GDB136_chr2H.fa.365850001..366350000
[OK] 2.795.GDB136_chr2H.fa.357300001..357800000
[OK] 2.833.GDB136_chr2H.fa.374400001..374900000
[OK] 2.826.GDB136_chr2H.fa.371250001..371750000
[OK] 2.801.GDB136_chr2H.fa.360000001..360500000
[OK] 2.832.GDB136_chr2H.fa.373950001..374450000
[OK] 2.827.GDB136_chr2H.fa.371700001..372200000
[OK] 2.749.GDB136_chr2H.fa.336600001..337100000
[OK] 2.821.GDB136_chr2H.fa.369000001..369500000
[OK] 2.828.GDB136_chr2H.fa.372150001..372650000
[OK] 2.842.GDB136_chr2H.fa.378450001..378950000
[OK] 2.816.GDB136_chr2H.fa.366750001..367250000
[OK] 2.824.GDB136_chr2H.fa.370350001..370850000
[OK] 2.831.GDB136_chr2H.fa.373500001..374000000
[OK] 2.817.GDB136_chr2H.fa.367200001..367700000
[OK] 2.823.GDB136_chr2H.fa.369900001..370400000
[OK] 2.813.GDB136_chr2H.fa.365400001..365900000
[OK] 2.819.GDB136_chr2H.fa.368100001..368600000
[OK] 2.834.GDB136_chr2H.fa.374850001..375350000
[OK] 2.763.GDB136_chr2H.fa.342900001..343400000
[OK] 2.840.GDB136_chr2H.fa.377550001..378050000
[OK] 2.835.GDB136_chr2H.fa.375300001..375800000
[OK] 2.829.GDB136_chr2H.fa.372600001..373100000
[OK] 2.836.GDB136_chr2H.fa.375750001..376250000
[OK] 2.830.GDB136_chr2H.fa.373050001..373550000
[OK] 2.844.GDB136_chr2H.fa.379350001..379850000
[OK] 2.839.GDB136_chr2H.fa.377100001..377600000
[OK] 2.848.GDB136_chr2H.fa.381150001..381650000
[OK] 2.822.GDB136_chr2H.fa.369450001..369950000
[OK] 2.837.GDB136_chr2H.fa.376200001..376700000
[OK] 2.845.GDB136_chr2H.fa.379800001..380300000
[OK] 2.860.GDB136_chr2H.fa.386550001..387050000
[OK] 2.841.GDB136_chr2H.fa.378000001..378500000
[OK] 2.797.GDB136_chr2H.fa.358200001..358700000
[OK] 2.847.GDB136_chr2H.fa.380700001..381200000
[OK] 2.854.GDB136_chr2H.fa.383850001..384350000
[OK] 2.838.GDB136_chr2H.fa.376650001..377150000
[OK] 2.851.GDB136_chr2H.fa.382500001..383000000
[OK] 2.864.GDB136_chr2H.fa.388350001..388850000
[OK] 2.861.GDB136_chr2H.fa.387000001..387500000
[OK] 2.858.GDB136_chr2H.fa.385650001..386150000
[OK] 2.856.GDB136_chr2H.fa.384750001..385250000
[OK] 2.846.GDB136_chr2H.fa.380250001..380750000
[OK] 2.852.GDB136_chr2H.fa.382950001..383450000
[OK] 2.862.GDB136_chr2H.fa.387450001..387950000
[OK] 2.843.GDB136_chr2H.fa.378900001..379400000
[OK] 2.877.GDB136_chr2H.fa.394200001..394700000
[OK] 2.866.GDB136_chr2H.fa.389250001..389750000
[OK] 2.876.GDB136_chr2H.fa.393750001..394250000
[OK] 2.865.GDB136_chr2H.fa.388800001..389300000
[OK] 2.857.GDB136_chr2H.fa.385200001..385700000
[OK] 2.868.GDB136_chr2H.fa.390150001..390650000
[OK] 2.853.GDB136_chr2H.fa.383400001..383900000
[OK] 2.893.GDB136_chr2H.fa.401400001..401900000
[OK] 2.883.GDB136_chr2H.fa.396900001..397400000
[OK] 2.850.GDB136_chr2H.fa.382050001..382550000
[OK] 2.863.GDB136_chr2H.fa.387900001..388400000
[OK] 2.895.GDB136_chr2H.fa.402300001..402800000
[OK] 2.855.GDB136_chr2H.fa.384300001..384800000
[OK] 2.874.GDB136_chr2H.fa.392850001..393350000
[OK] 2.872.GDB136_chr2H.fa.391950001..392450000
[OK] 2.849.GDB136_chr2H.fa.381600001..382100000
[OK] 2.878.GDB136_chr2H.fa.394650001..395150000
[OK] 2.885.GDB136_chr2H.fa.397800001..398300000
[OK] 2.890.GDB136_chr2H.fa.400050001..400550000
[OK] 2.882.GDB136_chr2H.fa.396450001..396950000
[OK] 2.873.GDB136_chr2H.fa.392400001..392900000
[OK] 2.870.GDB136_chr2H.fa.391050001..391550000
[OK] 2.886.GDB136_chr2H.fa.398250001..398750000
[OK] 2.875.GDB136_chr2H.fa.393300001..393800000
[OK] 2.880.GDB136_chr2H.fa.395550001..396050000
[OK] 2.884.GDB136_chr2H.fa.397350001..397850000
[OK] 2.881.GDB136_chr2H.fa.396000001..396500000
[OK] 2.898.GDB136_chr2H.fa.403650001..404150000
[OK] 2.871.GDB136_chr2H.fa.391500001..392000000
[OK] 2.889.GDB136_chr2H.fa.399600001..400100000
[OK] 2.879.GDB136_chr2H.fa.395100001..395600000
[OK] 2.892.GDB136_chr2H.fa.400950001..401450000
[OK] 2.906.GDB136_chr2H.fa.407250001..407750000
[OK] 2.869.GDB136_chr2H.fa.390600001..391100000
[OK] 2.903.GDB136_chr2H.fa.405900001..406400000
[OK] 2.867.GDB136_chr2H.fa.389700001..390200000
[OK] 2.902.GDB136_chr2H.fa.405450001..405950000
[OK] 2.909.GDB136_chr2H.fa.408600001..409100000
[OK] 2.891.GDB136_chr2H.fa.400500001..401000000
[OK] 2.907.GDB136_chr2H.fa.407700001..408200000
[OK] 2.887.GDB136_chr2H.fa.398700001..399200000
[OK] 2.915.GDB136_chr2H.fa.411300001..411800000
[OK] 2.888.GDB136_chr2H.fa.399150001..399650000
[OK] 2.900.GDB136_chr2H.fa.404550001..405050000
[OK] 2.917.GDB136_chr2H.fa.412200001..412700000
[OK] 2.930.GDB136_chr2H.fa.418050001..418550000
[OK] 2.921.GDB136_chr2H.fa.414000001..414500000
[OK] 2.905.GDB136_chr2H.fa.406800001..407300000
[OK] 2.897.GDB136_chr2H.fa.403200001..403700000
[OK] 2.914.GDB136_chr2H.fa.410850001..411350000
[OK] 2.894.GDB136_chr2H.fa.401850001..402350000
[OK] 2.910.GDB136_chr2H.fa.409050001..409550000
[OK] 2.904.GDB136_chr2H.fa.406350001..406850000
[OK] 2.925.GDB136_chr2H.fa.415800001..416300000
[OK] 2.924.GDB136_chr2H.fa.415350001..415850000
[OK] 2.929.GDB136_chr2H.fa.417600001..418100000
[OK] 2.911.GDB136_chr2H.fa.409500001..410000000
[OK] 2.896.GDB136_chr2H.fa.402750001..403250000
[OK] 2.920.GDB136_chr2H.fa.413550001..414050000
[OK] 2.923.GDB136_chr2H.fa.414900001..415400000
[OK] 2.912.GDB136_chr2H.fa.409950001..410450000
[OK] 2.918.GDB136_chr2H.fa.412650001..413150000
[OK] 2.916.GDB136_chr2H.fa.411750001..412250000
[OK] 2.928.GDB136_chr2H.fa.417150001..417650000
[OK] 2.859.GDB136_chr2H.fa.386100001..386600000
[OK] 2.926.GDB136_chr2H.fa.416250001..416750000
[OK] 2.932.GDB136_chr2H.fa.418950001..419450000
[OK] 2.899.GDB136_chr2H.fa.404100001..404600000
[OK] 2.922.GDB136_chr2H.fa.414450001..414950000
[OK] 2.927.GDB136_chr2H.fa.416700001..417200000
[OK] 2.938.GDB136_chr2H.fa.421650001..422150000
[OK] 2.919.GDB136_chr2H.fa.413100001..413600000
[OK] 2.935.GDB136_chr2H.fa.420300001..420800000
[OK] 2.908.GDB136_chr2H.fa.408150001..408650000
[OK] 2.933.GDB136_chr2H.fa.419400001..419900000
[OK] 2.934.GDB136_chr2H.fa.419850001..420350000
[OK] 2.941.GDB136_chr2H.fa.423000001..423500000
[OK] 2.952.GDB136_chr2H.fa.427950001..428450000
[OK] 2.940.GDB136_chr2H.fa.422550001..423050000
[OK] 2.937.GDB136_chr2H.fa.421200001..421700000
[OK] 2.939.GDB136_chr2H.fa.422100001..422600000
[OK] 2.931.GDB136_chr2H.fa.418500001..419000000
[OK] 2.944.GDB136_chr2H.fa.424350001..424850000
[OK] 2.942.GDB136_chr2H.fa.423450001..423950000
[OK] 2.901.GDB136_chr2H.fa.405000001..405500000
[OK] 2.945.GDB136_chr2H.fa.424800001..425300000
[OK] 2.955.GDB136_chr2H.fa.429300001..429800000
[OK] 2.965.GDB136_chr2H.fa.433800001..434300000
[OK] 2.943.GDB136_chr2H.fa.423900001..424400000
[OK] 2.951.GDB136_chr2H.fa.427500001..428000000
[OK] 2.936.GDB136_chr2H.fa.420750001..421250000
[OK] 2.948.GDB136_chr2H.fa.426150001..426650000
[OK] 2.949.GDB136_chr2H.fa.426600001..427100000
[OK] 2.954.GDB136_chr2H.fa.428850001..429350000
[OK] 2.958.GDB136_chr2H.fa.430650001..431150000
[OK] 2.959.GDB136_chr2H.fa.431100001..431600000
[OK] 2.961.GDB136_chr2H.fa.432000001..432500000
[OK] 2.913.GDB136_chr2H.fa.410400001..410900000
[OK] 2.967.GDB136_chr2H.fa.434700001..435200000
[OK] 2.966.GDB136_chr2H.fa.434250001..434750000
[OK] 2.986.GDB136_chr2H.fa.443250001..443750000
[OK] 2.963.GDB136_chr2H.fa.432900001..433400000
[OK] 2.994.GDB136_chr2H.fa.446850001..447350000
[OK] 2.976.GDB136_chr2H.fa.438750001..439250000
[OK] 2.953.GDB136_chr2H.fa.428400001..428900000
[OK] 2.988.GDB136_chr2H.fa.444150001..444650000
[OK] 2.960.GDB136_chr2H.fa.431550001..432050000
[OK] 2.989.GDB136_chr2H.fa.444600001..445100000
[OK] 2.1001.GDB136_chr2H.fa.450000001..450500000
[OK] 2.971.GDB136_chr2H.fa.436500001..437000000
[OK] 2.957.GDB136_chr2H.fa.430200001..430700000
[OK] 2.981.GDB136_chr2H.fa.441000001..441500000
[OK] 2.973.GDB136_chr2H.fa.437400001..437900000
[OK] 2.984.GDB136_chr2H.fa.442350001..442850000
[OK] 2.975.GDB136_chr2H.fa.438300001..438800000
[OK] 2.998.GDB136_chr2H.fa.448650001..449150000
[OK] 2.979.GDB136_chr2H.fa.440100001..440600000
[OK] 2.969.GDB136_chr2H.fa.435600001..436100000
[OK] 2.946.GDB136_chr2H.fa.425250001..425750000
[OK] 2.1002.GDB136_chr2H.fa.450450001..450950000
[OK] 2.1010.GDB136_chr2H.fa.454050001..454550000
[OK] 2.964.GDB136_chr2H.fa.433350001..433850000
[OK] 2.991.GDB136_chr2H.fa.445500001..446000000
[OK] 2.985.GDB136_chr2H.fa.442800001..443300000
[OK] 2.990.GDB136_chr2H.fa.445050001..445550000
[OK] 2.950.GDB136_chr2H.fa.427050001..427550000
[OK] 2.947.GDB136_chr2H.fa.425700001..426200000
[OK] 2.1008.GDB136_chr2H.fa.453150001..453650000
[OK] 2.968.GDB136_chr2H.fa.435150001..435650000
[OK] 2.962.GDB136_chr2H.fa.432450001..432950000
[OK] 2.997.GDB136_chr2H.fa.448200001..448700000
[OK] 2.974.GDB136_chr2H.fa.437850001..438350000
[OK] 2.1003.GDB136_chr2H.fa.450900001..451400000
[OK] 2.972.GDB136_chr2H.fa.436950001..437450000
[OK] 2.956.GDB136_chr2H.fa.429750001..430250000
[OK] 2.977.GDB136_chr2H.fa.439200001..439700000
[OK] 2.978.GDB136_chr2H.fa.439650001..440150000
[OK] 2.1005.GDB136_chr2H.fa.451800001..452300000
[OK] 2.993.GDB136_chr2H.fa.446400001..446900000
[OK] 2.995.GDB136_chr2H.fa.447300001..447800000
[OK] 2.1006.GDB136_chr2H.fa.452250001..452750000
[OK] 2.983.GDB136_chr2H.fa.441900001..442400000
[OK] 2.1007.GDB136_chr2H.fa.452700001..453200000
[OK] 2.996.GDB136_chr2H.fa.447750001..448250000
[OK] 2.1004.GDB136_chr2H.fa.451350001..451850000
[OK] 2.1009.GDB136_chr2H.fa.453600001..454100000
[OK] 2.1021.GDB136_chr2H.fa.459000001..459500000
[OK] 2.970.GDB136_chr2H.fa.436050001..436550000
[OK] 2.1017.GDB136_chr2H.fa.457200001..457700000
[OK] 2.987.GDB136_chr2H.fa.443700001..444200000
[OK] 2.992.GDB136_chr2H.fa.445950001..446450000
[OK] 2.1014.GDB136_chr2H.fa.455850001..456350000
[OK] 2.999.GDB136_chr2H.fa.449100001..449600000
[OK] 2.1000.GDB136_chr2H.fa.449550001..450050000
[OK] 2.1013.GDB136_chr2H.fa.455400001..455900000
[OK] 2.1016.GDB136_chr2H.fa.456750001..457250000
[OK] 2.1030.GDB136_chr2H.fa.463050001..463550000
[OK] 2.982.GDB136_chr2H.fa.441450001..441950000
[OK] 2.980.GDB136_chr2H.fa.440550001..441050000
[OK] 2.1020.GDB136_chr2H.fa.458550001..459050000
[OK] 2.1024.GDB136_chr2H.fa.460350001..460850000
[OK] 2.1012.GDB136_chr2H.fa.454950001..455450000
[OK] 2.1018.GDB136_chr2H.fa.457650001..458150000
[OK] 2.1019.GDB136_chr2H.fa.458100001..458600000
[OK] 2.1025.GDB136_chr2H.fa.460800001..461300000
[OK] 2.1015.GDB136_chr2H.fa.456300001..456800000
[OK] 2.1032.GDB136_chr2H.fa.463950001..464450000
[OK] 2.1023.GDB136_chr2H.fa.459900001..460400000
[OK] 2.1011.GDB136_chr2H.fa.454500001..455000000
[OK] 2.1045.GDB136_chr2H.fa.469800001..470300000
[OK] 2.1022.GDB136_chr2H.fa.459450001..459950000
[OK] 2.1026.GDB136_chr2H.fa.461250001..461750000
[OK] 2.1027.GDB136_chr2H.fa.461700001..462200000
[OK] 2.1031.GDB136_chr2H.fa.463500001..464000000
[OK] 2.1037.GDB136_chr2H.fa.466200001..466700000
[OK] 2.1035.GDB136_chr2H.fa.465300001..465800000
[OK] 2.1028.GDB136_chr2H.fa.462150001..462650000
[OK] 2.1056.GDB136_chr2H.fa.474750001..475250000
[OK] 2.1046.GDB136_chr2H.fa.470250001..470750000
[OK] 2.1040.GDB136_chr2H.fa.467550001..468050000
[OK] 2.1029.GDB136_chr2H.fa.462600001..463100000
[OK] 2.1053.GDB136_chr2H.fa.473400001..473900000
[OK] 2.1059.GDB136_chr2H.fa.476100001..476600000
[OK] 2.1048.GDB136_chr2H.fa.471150001..471650000
[OK] 2.1076.GDB136_chr2H.fa.483750001..484250000
[OK] 2.1050.GDB136_chr2H.fa.472050001..472550000
[OK] 2.1072.GDB136_chr2H.fa.481950001..482450000
[OK] 2.1057.GDB136_chr2H.fa.475200001..475700000
[OK] 2.1044.GDB136_chr2H.fa.469350001..469850000
[OK] 2.1034.GDB136_chr2H.fa.464850001..465350000
[OK] 2.1033.GDB136_chr2H.fa.464400001..464900000
[OK] 2.1068.GDB136_chr2H.fa.480150001..480650000
[OK] 2.1054.GDB136_chr2H.fa.473850001..474350000
[OK] 2.1065.GDB136_chr2H.fa.478800001..479300000
[OK] 2.1067.GDB136_chr2H.fa.479700001..480200000
[OK] 2.1038.GDB136_chr2H.fa.466650001..467150000
[OK] 2.1081.GDB136_chr2H.fa.486000001..486500000
[OK] 2.1042.GDB136_chr2H.fa.468450001..468950000
[OK] 2.1063.GDB136_chr2H.fa.477900001..478400000
[OK] 2.1058.GDB136_chr2H.fa.475650001..476150000
[OK] 2.1064.GDB136_chr2H.fa.478350001..478850000
[OK] 2.1083.GDB136_chr2H.fa.486900001..487400000
[OK] 2.1049.GDB136_chr2H.fa.471600001..472100000
[OK] 2.1078.GDB136_chr2H.fa.484650001..485150000
[OK] 2.1070.GDB136_chr2H.fa.481050001..481550000
[OK] 2.1047.GDB136_chr2H.fa.470700001..471200000
[OK] 2.1051.GDB136_chr2H.fa.472500001..473000000
[OK] 2.1039.GDB136_chr2H.fa.467100001..467600000
[OK] 2.1080.GDB136_chr2H.fa.485550001..486050000
[OK] 2.1066.GDB136_chr2H.fa.479250001..479750000
[OK] 2.1069.GDB136_chr2H.fa.480600001..481100000
[OK] 2.1055.GDB136_chr2H.fa.474300001..474800000
[OK] 2.1071.GDB136_chr2H.fa.481500001..482000000
[OK] 2.1036.GDB136_chr2H.fa.465750001..466250000
[OK] 2.1082.GDB136_chr2H.fa.486450001..486950000
[OK] 2.1061.GDB136_chr2H.fa.477000001..477500000
[OK] 2.1043.GDB136_chr2H.fa.468900001..469400000
[OK] 2.1077.GDB136_chr2H.fa.484200001..484700000
[OK] 2.1104.GDB136_chr2H.fa.496350001..496850000
[OK] 2.1075.GDB136_chr2H.fa.483300001..483800000
[OK] 2.1086.GDB136_chr2H.fa.488250001..488750000
[OK] 2.1092.GDB136_chr2H.fa.490950001..491450000
[OK] 2.1062.GDB136_chr2H.fa.477450001..477950000
[OK] 2.1041.GDB136_chr2H.fa.468000001..468500000
[OK] 2.1085.GDB136_chr2H.fa.487800001..488300000
[OK] 2.1090.GDB136_chr2H.fa.490050001..490550000
[OK] 2.1084.GDB136_chr2H.fa.487350001..487850000
[OK] 2.1107.GDB136_chr2H.fa.497700001..498200000
[OK] 2.1079.GDB136_chr2H.fa.485100001..485600000
[OK] 2.1073.GDB136_chr2H.fa.482400001..482900000
[OK] 2.1087.GDB136_chr2H.fa.488700001..489200000
[OK] 2.1060.GDB136_chr2H.fa.476550001..477050000
[OK] 2.1074.GDB136_chr2H.fa.482850001..483350000
[OK] 2.1088.GDB136_chr2H.fa.489150001..489650000
[OK] 2.1089.GDB136_chr2H.fa.489600001..490100000
[OK] 2.1099.GDB136_chr2H.fa.494100001..494600000
[OK] 2.1093.GDB136_chr2H.fa.491400001..491900000
[OK] 2.1102.GDB136_chr2H.fa.495450001..495950000
[OK] 2.1112.GDB136_chr2H.fa.499950001..500450000
[OK] 2.1103.GDB136_chr2H.fa.495900001..496400000
[OK] 2.1101.GDB136_chr2H.fa.495000001..495500000
[OK] 2.1096.GDB136_chr2H.fa.492750001..493250000
[OK] 2.1110.GDB136_chr2H.fa.499050001..499550000
[OK] 2.1097.GDB136_chr2H.fa.493200001..493700000
[OK] 2.1105.GDB136_chr2H.fa.496800001..497300000
[OK] 2.1091.GDB136_chr2H.fa.490500001..491000000
[OK] 2.1052.GDB136_chr2H.fa.472950001..473450000
[OK] 2.1109.GDB136_chr2H.fa.498600001..499100000
[OK] 2.1106.GDB136_chr2H.fa.497250001..497750000
[OK] 2.1094.GDB136_chr2H.fa.491850001..492350000
[OK] 2.1098.GDB136_chr2H.fa.493650001..494150000
[OK] 2.1095.GDB136_chr2H.fa.492300001..492800000
[OK] 2.1111.GDB136_chr2H.fa.499500001..500000000
[OK] 2.1108.GDB136_chr2H.fa.498150001..498650000
[OK] 2.1119.GDB136_chr2H.fa.503100001..503600000
[OK] 2.1100.GDB136_chr2H.fa.494550001..495050000
[OK] 2.1113.GDB136_chr2H.fa.500400001..500900000
[OK] 2.1114.GDB136_chr2H.fa.500850001..501350000
[OK] 2.1125.GDB136_chr2H.fa.505800001..506300000
[OK] 2.1131.GDB136_chr2H.fa.508500001..509000000
[OK] 2.1150.GDB136_chr2H.fa.517050001..517550000
[OK] 2.1115.GDB136_chr2H.fa.501300001..501800000
[OK] 2.1118.GDB136_chr2H.fa.502650001..503150000
[OK] 2.1120.GDB136_chr2H.fa.503550001..504050000
[OK] 2.1141.GDB136_chr2H.fa.513000001..513500000
[OK] 2.1128.GDB136_chr2H.fa.507150001..507650000
[OK] 2.1133.GDB136_chr2H.fa.509400001..509900000
[OK] 2.1122.GDB136_chr2H.fa.504450001..504950000
[OK] 2.1126.GDB136_chr2H.fa.506250001..506750000
[OK] 2.1116.GDB136_chr2H.fa.501750001..502250000
[OK] 2.1135.GDB136_chr2H.fa.510300001..510800000
[OK] 2.1139.GDB136_chr2H.fa.512100001..512600000
[OK] 2.1175.GDB136_chr2H.fa.528300001..528800000
[OK] 2.1130.GDB136_chr2H.fa.508050001..508550000
[OK] 2.1127.GDB136_chr2H.fa.506700001..507200000
[OK] 2.1129.GDB136_chr2H.fa.507600001..508100000
[OK] 2.1137.GDB136_chr2H.fa.511200001..511700000
[OK] 2.1144.GDB136_chr2H.fa.514350001..514850000
[OK] 2.1117.GDB136_chr2H.fa.502200001..502700000
[OK] 2.1142.GDB136_chr2H.fa.513450001..513950000
[OK] 2.1132.GDB136_chr2H.fa.508950001..509450000
[OK] 2.1138.GDB136_chr2H.fa.511650001..512150000
[OK] 2.1124.GDB136_chr2H.fa.505350001..505850000
[OK] 2.1152.GDB136_chr2H.fa.517950001..518450000
[OK] 2.1143.GDB136_chr2H.fa.513900001..514400000
[OK] 2.1167.GDB136_chr2H.fa.524700001..525200000
[OK] 2.1146.GDB136_chr2H.fa.515250001..515750000
[OK] 2.1156.GDB136_chr2H.fa.519750001..520250000
[OK] 2.1134.GDB136_chr2H.fa.509850001..510350000
[OK] 2.1158.GDB136_chr2H.fa.520650001..521150000
[OK] 2.1166.GDB136_chr2H.fa.524250001..524750000
[OK] 2.1136.GDB136_chr2H.fa.510750001..511250000
[OK] 2.1147.GDB136_chr2H.fa.515700001..516200000
[OK] 2.1148.GDB136_chr2H.fa.516150001..516650000
[OK] 2.1140.GDB136_chr2H.fa.512550001..513050000
[OK] 2.1157.GDB136_chr2H.fa.520200001..520700000
[OK] 2.1183.GDB136_chr2H.fa.531900001..532400000
[OK] 2.1164.GDB136_chr2H.fa.523350001..523850000
[OK] 2.1169.GDB136_chr2H.fa.525600001..526100000
[OK] 2.1171.GDB136_chr2H.fa.526500001..527000000
[OK] 2.1174.GDB136_chr2H.fa.527850001..528350000
[OK] 2.1182.GDB136_chr2H.fa.531450001..531950000
[OK] 2.1172.GDB136_chr2H.fa.526950001..527450000
[OK] 2.1178.GDB136_chr2H.fa.529650001..530150000
[OK] 2.1151.GDB136_chr2H.fa.517500001..518000000
[OK] 2.1202.GDB136_chr2H.fa.540450001..540950000
[OK] 2.1168.GDB136_chr2H.fa.525150001..525650000
[OK] 2.1162.GDB136_chr2H.fa.522450001..522950000
[OK] 2.1165.GDB136_chr2H.fa.523800001..524300000
[OK] 2.1184.GDB136_chr2H.fa.532350001..532850000
[OK] 2.1154.GDB136_chr2H.fa.518850001..519350000
[OK] 2.1195.GDB136_chr2H.fa.537300001..537800000
[OK] 2.1160.GDB136_chr2H.fa.521550001..522050000
[OK] 2.1153.GDB136_chr2H.fa.518400001..518900000
[OK] 2.1193.GDB136_chr2H.fa.536400001..536900000
[OK] 2.1149.GDB136_chr2H.fa.516600001..517100000
[OK] 2.1203.GDB136_chr2H.fa.540900001..541400000
[OK] 2.1185.GDB136_chr2H.fa.532800001..533300000
[OK] 2.1188.GDB136_chr2H.fa.534150001..534650000
[OK] 2.1177.GDB136_chr2H.fa.529200001..529700000
[OK] 2.1123.GDB136_chr2H.fa.504900001..505400000
[OK] 2.1186.GDB136_chr2H.fa.533250001..533750000
[OK] 2.1197.GDB136_chr2H.fa.538200001..538700000
[OK] 2.1145.GDB136_chr2H.fa.514800001..515300000
[OK] 2.1176.GDB136_chr2H.fa.528750001..529250000
[OK] 2.1199.GDB136_chr2H.fa.539100001..539600000
[OK] 2.1173.GDB136_chr2H.fa.527400001..527900000
[OK] 2.1161.GDB136_chr2H.fa.522000001..522500000
[OK] 2.1201.GDB136_chr2H.fa.540000001..540500000
[OK] 2.1163.GDB136_chr2H.fa.522900001..523400000
[OK] 2.1192.GDB136_chr2H.fa.535950001..536450000
[OK] 2.1206.GDB136_chr2H.fa.542250001..542750000
[OK] 2.1200.GDB136_chr2H.fa.539550001..540050000
[OK] 2.1181.GDB136_chr2H.fa.531000001..531500000
[OK] 2.1170.GDB136_chr2H.fa.526050001..526550000
[OK] 2.1180.GDB136_chr2H.fa.530550001..531050000
[OK] 2.1198.GDB136_chr2H.fa.538650001..539150000
[OK] 2.1210.GDB136_chr2H.fa.544050001..544550000
[OK] 2.1159.GDB136_chr2H.fa.521100001..521600000
[OK] 2.1196.GDB136_chr2H.fa.537750001..538250000
[OK] 2.1194.GDB136_chr2H.fa.536850001..537350000
[OK] 2.1191.GDB136_chr2H.fa.535500001..536000000
[OK] 2.1187.GDB136_chr2H.fa.533700001..534200000
[OK] 2.1155.GDB136_chr2H.fa.519300001..519800000
[OK] 2.1190.GDB136_chr2H.fa.535050001..535550000
[OK] 2.1189.GDB136_chr2H.fa.534600001..535100000
[OK] 2.1204.GDB136_chr2H.fa.541350001..541850000
[OK] 2.1215.GDB136_chr2H.fa.546300001..546800000
[OK] 2.1179.GDB136_chr2H.fa.530100001..530600000
[OK] 2.1216.GDB136_chr2H.fa.546750001..547250000
[OK] 2.1212.GDB136_chr2H.fa.544950001..545450000
[OK] 2.1207.GDB136_chr2H.fa.542700001..543200000
[OK] 2.1211.GDB136_chr2H.fa.544500001..545000000
[OK] 2.1223.GDB136_chr2H.fa.549900001..550400000
[OK] 2.1208.GDB136_chr2H.fa.543150001..543650000
[OK] 2.1213.GDB136_chr2H.fa.545400001..545900000
[OK] 2.1214.GDB136_chr2H.fa.545850001..546350000
[OK] 2.1218.GDB136_chr2H.fa.547650001..548150000
[OK] 2.1121.GDB136_chr2H.fa.504000001..504500000
[OK] 2.1219.GDB136_chr2H.fa.548100001..548600000
[OK] 2.1222.GDB136_chr2H.fa.549450001..549950000
[OK] 2.1225.GDB136_chr2H.fa.550800001..551300000
[OK] 2.1217.GDB136_chr2H.fa.547200001..547700000
[OK] 2.1221.GDB136_chr2H.fa.549000001..549500000
[OK] 2.1226.GDB136_chr2H.fa.551250001..551750000
[OK] 2.1220.GDB136_chr2H.fa.548550001..549050000
[OK] 2.1209.GDB136_chr2H.fa.543600001..544100000
[OK] 2.1261.GDB136_chr2H.fa.567000001..567500000
[OK] 2.1230.GDB136_chr2H.fa.553050001..553550000
[OK] 2.1224.GDB136_chr2H.fa.550350001..550850000
[OK] 2.1263.GDB136_chr2H.fa.567900001..568400000
[OK] 2.1238.GDB136_chr2H.fa.556650001..557150000
[OK] 2.1227.GDB136_chr2H.fa.551700001..552200000
[OK] 2.1237.GDB136_chr2H.fa.556200001..556700000
[OK] 2.1259.GDB136_chr2H.fa.566100001..566600000
[OK] 2.1277.GDB136_chr2H.fa.574200001..574700000
[OK] 2.1255.GDB136_chr2H.fa.564300001..564800000
[OK] 2.1245.GDB136_chr2H.fa.559800001..560300000
[OK] 2.1239.GDB136_chr2H.fa.557100001..557600000
[OK] 2.1229.GDB136_chr2H.fa.552600001..553100000
[OK] 2.1234.GDB136_chr2H.fa.554850001..555350000
[OK] 2.1272.GDB136_chr2H.fa.571950001..572450000
[OK] 2.1260.GDB136_chr2H.fa.566550001..567050000
[OK] 2.1280.GDB136_chr2H.fa.575550001..576050000
[OK] 2.1258.GDB136_chr2H.fa.565650001..566150000
[OK] 2.1267.GDB136_chr2H.fa.569700001..570200000
[OK] 2.1253.GDB136_chr2H.fa.563400001..563900000
[OK] 2.1271.GDB136_chr2H.fa.571500001..572000000
[OK] 2.1257.GDB136_chr2H.fa.565200001..565700000
[OK] 2.1228.GDB136_chr2H.fa.552150001..552650000
[OK] 2.1287.GDB136_chr2H.fa.578700001..579200000
[OK] 2.1289.GDB136_chr2H.fa.579600001..580100000
[OK] 2.1264.GDB136_chr2H.fa.568350001..568850000
[OK] 2.1235.GDB136_chr2H.fa.555300001..555800000
[OK] 2.1274.GDB136_chr2H.fa.572850001..573350000
[OK] 2.1266.GDB136_chr2H.fa.569250001..569750000
[OK] 2.1251.GDB136_chr2H.fa.562500001..563000000
[OK] 2.1273.GDB136_chr2H.fa.572400001..572900000
[OK] 2.1233.GDB136_chr2H.fa.554400001..554900000
[OK] 2.1244.GDB136_chr2H.fa.559350001..559850000
[OK] 2.1269.GDB136_chr2H.fa.570600001..571100000
[OK] 2.1275.GDB136_chr2H.fa.573300001..573800000
[OK] 2.1285.GDB136_chr2H.fa.577800001..578300000
[OK] 2.1250.GDB136_chr2H.fa.562050001..562550000
[OK] 2.1252.GDB136_chr2H.fa.562950001..563450000
[OK] 2.1231.GDB136_chr2H.fa.553500001..554000000
[OK] 2.1297.GDB136_chr2H.fa.583200001..583700000
[OK] 2.1265.GDB136_chr2H.fa.568800001..569300000
[OK] 2.1254.GDB136_chr2H.fa.563850001..564350000
[OK] 2.1247.GDB136_chr2H.fa.560700001..561200000
[OK] 2.1242.GDB136_chr2H.fa.558450001..558950000
[OK] 2.1282.GDB136_chr2H.fa.576450001..576950000
[OK] 2.1286.GDB136_chr2H.fa.578250001..578750000
[OK] 2.1205.GDB136_chr2H.fa.541800001..542300000
[OK] 2.1278.GDB136_chr2H.fa.574650001..575150000
[OK] 2.1281.GDB136_chr2H.fa.576000001..576500000
[OK] 2.1248.GDB136_chr2H.fa.561150001..561650000
[OK] 2.1279.GDB136_chr2H.fa.575100001..575600000
[OK] 2.1299.GDB136_chr2H.fa.584100001..584600000
[OK] 2.1262.GDB136_chr2H.fa.567450001..567950000
[OK] 2.1232.GDB136_chr2H.fa.553950001..554450000
[OK] 2.1288.GDB136_chr2H.fa.579150001..579650000
[OK] 2.1300.GDB136_chr2H.fa.584550001..585050000
[OK] 2.1292.GDB136_chr2H.fa.580950001..581450000
[OK] 2.1270.GDB136_chr2H.fa.571050001..571550000
[OK] 2.1295.GDB136_chr2H.fa.582300001..582800000
[OK] 2.1246.GDB136_chr2H.fa.560250001..560750000
[OK] 2.1284.GDB136_chr2H.fa.577350001..577850000
[OK] 2.1268.GDB136_chr2H.fa.570150001..570650000
[OK] 2.1256.GDB136_chr2H.fa.564750001..565250000
[OK] 2.1290.GDB136_chr2H.fa.580050001..580550000
[OK] 2.1241.GDB136_chr2H.fa.558000001..558500000
[OK] 2.1276.GDB136_chr2H.fa.573750001..574250000
[OK] 2.1249.GDB136_chr2H.fa.561600001..562100000
[OK] 2.1236.GDB136_chr2H.fa.555750001..556250000
[OK] 2.1243.GDB136_chr2H.fa.558900001..559400000
[OK] 2.1283.GDB136_chr2H.fa.576900001..577400000
[OK] 2.1240.GDB136_chr2H.fa.557550001..558050000
[OK] 2.1293.GDB136_chr2H.fa.581400001..581900000
[OK] 2.1303.GDB136_chr2H.fa.585900001..586400000
[OK] 2.1298.GDB136_chr2H.fa.583650001..584150000
[OK] 2.1308.GDB136_chr2H.fa.588150001..588650000
[OK] 2.1304.GDB136_chr2H.fa.586350001..586850000
[OK] 2.1306.GDB136_chr2H.fa.587250001..587750000
[OK] 2.1305.GDB136_chr2H.fa.586800001..587300000
[OK] 2.1294.GDB136_chr2H.fa.581850001..582350000
[OK] 2.1311.GDB136_chr2H.fa.589500001..590000000
[OK] 2.1291.GDB136_chr2H.fa.580500001..581000000
[OK] 2.1310.GDB136_chr2H.fa.589050001..589550000
[OK] 2.1309.GDB136_chr2H.fa.588600001..589100000
[OK] 2.1340.GDB136_chr2H.fa.602550001..603050000
[OK] 2.1313.GDB136_chr2H.fa.590400001..590900000
[OK] 2.1302.GDB136_chr2H.fa.585450001..585950000
[OK] 2.1377.GDB136_chr2H.fa.619200001..619700000
[OK] 2.1301.GDB136_chr2H.fa.585000001..585500000
[OK] 2.1296.GDB136_chr2H.fa.582750001..583250000
[OK] 2.1307.GDB136_chr2H.fa.587700001..588200000
[OK] 2.1319.GDB136_chr2H.fa.593100001..593600000
[OK] 2.1314.GDB136_chr2H.fa.590850001..591350000
[OK] 2.1323.GDB136_chr2H.fa.594900001..595400000
[OK] 2.1341.GDB136_chr2H.fa.603000001..603500000
[OK] 2.1345.GDB136_chr2H.fa.604800001..605300000
[OK] 2.1321.GDB136_chr2H.fa.594000001..594500000
[OK] 2.1335.GDB136_chr2H.fa.600300001..600800000
[OK] 2.1312.GDB136_chr2H.fa.589950001..590450000
[OK] 2.1332.GDB136_chr2H.fa.598950001..599450000
[OK] 2.1327.GDB136_chr2H.fa.596700001..597200000
[OK] 2.1360.GDB136_chr2H.fa.611550001..612050000
[OK] 2.1342.GDB136_chr2H.fa.603450001..603950000
[OK] 2.1333.GDB136_chr2H.fa.599400001..599900000
[OK] 2.1334.GDB136_chr2H.fa.599850001..600350000
[OK] 2.1318.GDB136_chr2H.fa.592650001..593150000
[OK] 2.1329.GDB136_chr2H.fa.597600001..598100000
[OK] 2.1362.GDB136_chr2H.fa.612450001..612950000
[OK] 2.1383.GDB136_chr2H.fa.621900001..622400000
[OK] 2.1372.GDB136_chr2H.fa.616950001..617450000
[OK] 2.1336.GDB136_chr2H.fa.600750001..601250000
[OK] 2.1338.GDB136_chr2H.fa.601650001..602150000
[OK] 2.1328.GDB136_chr2H.fa.597150001..597650000
[OK] 2.1322.GDB136_chr2H.fa.594450001..594950000
[OK] 2.1324.GDB136_chr2H.fa.595350001..595850000
[OK] 2.1367.GDB136_chr2H.fa.614700001..615200000
[OK] 2.1361.GDB136_chr2H.fa.612000001..612500000
[OK] 2.1366.GDB136_chr2H.fa.614250001..614750000
[OK] 2.1364.GDB136_chr2H.fa.613350001..613850000
[OK] 2.1343.GDB136_chr2H.fa.603900001..604400000
[OK] 2.1344.GDB136_chr2H.fa.604350001..604850000
[OK] 2.1337.GDB136_chr2H.fa.601200001..601700000
[OK] 2.1359.GDB136_chr2H.fa.611100001..611600000
[OK] 2.1346.GDB136_chr2H.fa.605250001..605750000
[OK] 2.1371.GDB136_chr2H.fa.616500001..617000000
[OK] 2.1339.GDB136_chr2H.fa.602100001..602600000
[OK] 2.1387.GDB136_chr2H.fa.623700001..624200000
[OK] 2.1326.GDB136_chr2H.fa.596250001..596750000
[OK] 2.1365.GDB136_chr2H.fa.613800001..614300000
[OK] 2.1349.GDB136_chr2H.fa.606600001..607100000
[OK] 2.1374.GDB136_chr2H.fa.617850001..618350000
[OK] 2.1375.GDB136_chr2H.fa.618300001..618800000
[OK] 2.1386.GDB136_chr2H.fa.623250001..623750000
[OK] 2.1368.GDB136_chr2H.fa.615150001..615650000
[OK] 2.1347.GDB136_chr2H.fa.605700001..606200000
[OK] 2.1380.GDB136_chr2H.fa.620550001..621050000
[OK] 2.1356.GDB136_chr2H.fa.609750001..610250000
[OK] 2.1317.GDB136_chr2H.fa.592200001..592700000
[OK] 2.1370.GDB136_chr2H.fa.616050001..616550000
[OK] 2.1384.GDB136_chr2H.fa.622350001..622850000
[OK] 2.1382.GDB136_chr2H.fa.621450001..621950000
[OK] 2.1331.GDB136_chr2H.fa.598500001..599000000
[OK] 2.1325.GDB136_chr2H.fa.595800001..596300000
[OK] 2.1373.GDB136_chr2H.fa.617400001..617900000
[OK] 2.1357.GDB136_chr2H.fa.610200001..610700000
[OK] 2.1381.GDB136_chr2H.fa.621000001..621500000
[OK] 2.1352.GDB136_chr2H.fa.607950001..608450000
[OK] 2.1376.GDB136_chr2H.fa.618750001..619250000
[OK] 2.1330.GDB136_chr2H.fa.598050001..598550000
[OK] 2.1316.GDB136_chr2H.fa.591750001..592250000
[OK] 2.1385.GDB136_chr2H.fa.622800001..623300000
[OK] 2.1353.GDB136_chr2H.fa.608400001..608900000
[OK] 2.1351.GDB136_chr2H.fa.607500001..608000000
[OK] 2.1348.GDB136_chr2H.fa.606150001..606650000
[OK] 2.1354.GDB136_chr2H.fa.608850001..609350000
[OK] 2.1391.GDB136_chr2H.fa.625500001..626000000
[OK] 2.1369.GDB136_chr2H.fa.615600001..616100000
[OK] 2.1378.GDB136_chr2H.fa.619650001..620150000
[OK] 2.1395.GDB136_chr2H.fa.627300001..627800000
[OK] 2.1389.GDB136_chr2H.fa.624600001..625100000
[OK] 2.1355.GDB136_chr2H.fa.609300001..609800000
[OK] 2.1358.GDB136_chr2H.fa.610650001..611150000
[OK] 2.1379.GDB136_chr2H.fa.620100001..620600000
[OK] 2.1390.GDB136_chr2H.fa.625050001..625550000
[OK] 2.1449.GDB136_chr2H.fa.651600001..651732572
[OK] 2.1394.GDB136_chr2H.fa.626850001..627350000
[OK] 2.1388.GDB136_chr2H.fa.624150001..624650000
[OK] 2.1396.GDB136_chr2H.fa.627750001..628250000
[OK] 2.1398.GDB136_chr2H.fa.628650001..629150000
[OK] 2.1392.GDB136_chr2H.fa.625950001..626450000
[OK] 2.1315.GDB136_chr2H.fa.591300001..591800000
[OK] 2.1415.GDB136_chr2H.fa.636300001..636800000
[OK] 2.1363.GDB136_chr2H.fa.612900001..613400000
[OK] 2.1406.GDB136_chr2H.fa.632250001..632750000
[OK] 2.1350.GDB136_chr2H.fa.607050001..607550000
[OK] 2.1393.GDB136_chr2H.fa.626400001..626900000
[OK] 2.1397.GDB136_chr2H.fa.628200001..628700000
[OK] 2.1399.GDB136_chr2H.fa.629100001..629600000
[OK] 2.1413.GDB136_chr2H.fa.635400001..635900000
[OK] 2.1410.GDB136_chr2H.fa.634050001..634550000
[OK] 2.1417.GDB136_chr2H.fa.637200001..637700000
[OK] 2.1414.GDB136_chr2H.fa.635850001..636350000
[OK] 2.1405.GDB136_chr2H.fa.631800001..632300000
[OK] 2.1402.GDB136_chr2H.fa.630450001..630950000
[OK] 2.1431.GDB136_chr2H.fa.643500001..644000000
[OK] 2.1426.GDB136_chr2H.fa.641250001..641750000
[OK] 3.004.GDB136_chr3H.fa.1350001..1850000
[OK] 2.1422.GDB136_chr2H.fa.639450001..639950000
[OK] 3.005.GDB136_chr3H.fa.1800001..2300000
[OK] 3.002.GDB136_chr3H.fa.450001..950000
[OK] 2.1403.GDB136_chr2H.fa.630900001..631400000
[OK] 2.1416.GDB136_chr2H.fa.636750001..637250000
[OK] 2.1439.GDB136_chr2H.fa.647100001..647600000
[OK] 2.1401.GDB136_chr2H.fa.630000001..630500000
[OK] 2.1435.GDB136_chr2H.fa.645300001..645800000
[OK] 3.003.GDB136_chr3H.fa.900001..1400000
[OK] 3.017.GDB136_chr3H.fa.7200001..7700000
[OK] 2.1424.GDB136_chr2H.fa.640350001..640850000
[OK] 3.014.GDB136_chr3H.fa.5850001..6350000
[OK] 2.1419.GDB136_chr2H.fa.638100001..638600000
[OK] 2.1428.GDB136_chr2H.fa.642150001..642650000
[OK] 2.1409.GDB136_chr2H.fa.633600001..634100000
[OK] 2.1400.GDB136_chr2H.fa.629550001..630050000
[OK] 2.1407.GDB136_chr2H.fa.632700001..633200000
[OK] 2.1320.GDB136_chr2H.fa.593550001..594050000
[OK] 3.019.GDB136_chr3H.fa.8100001..8600000
[OK] 3.001.GDB136_chr3H.fa.1..500000
[OK] 2.1429.GDB136_chr2H.fa.642600001..643100000
[OK] 2.1434.GDB136_chr2H.fa.644850001..645350000
[OK] 2.1427.GDB136_chr2H.fa.641700001..642200000
[OK] 2.1440.GDB136_chr2H.fa.647550001..648050000
[OK] 2.1425.GDB136_chr2H.fa.640800001..641300000
[OK] 3.007.GDB136_chr3H.fa.2700001..3200000
[OK] 3.016.GDB136_chr3H.fa.6750001..7250000
[OK] 3.008.GDB136_chr3H.fa.3150001..3650000
[OK] 2.1436.GDB136_chr2H.fa.645750001..646250000
[OK] 3.026.GDB136_chr3H.fa.11250001..11750000
[OK] 3.020.GDB136_chr3H.fa.8550001..9050000
[OK] 2.1421.GDB136_chr2H.fa.639000001..639500000
[OK] 3.006.GDB136_chr3H.fa.2250001..2750000
[OK] 2.1441.GDB136_chr2H.fa.648000001..648500000
[OK] 3.010.GDB136_chr3H.fa.4050001..4550000
[OK] 2.1443.GDB136_chr2H.fa.648900001..649400000
[OK] 3.013.GDB136_chr3H.fa.5400001..5900000
[OK] 3.025.GDB136_chr3H.fa.10800001..11300000
[OK] 2.1448.GDB136_chr2H.fa.651150001..651650000
[OK] 2.1444.GDB136_chr2H.fa.649350001..649850000
[OK] 2.1442.GDB136_chr2H.fa.648450001..648950000
[OK] 3.022.GDB136_chr3H.fa.9450001..9950000
[OK] 2.1432.GDB136_chr2H.fa.643950001..644450000
[OK] 2.1423.GDB136_chr2H.fa.639900001..640400000
[OK] 2.1433.GDB136_chr2H.fa.644400001..644900000
[OK] 2.1430.GDB136_chr2H.fa.643050001..643550000
[OK] 3.021.GDB136_chr3H.fa.9000001..9500000
[OK] 2.1420.GDB136_chr2H.fa.638550001..639050000
[OK] 2.1438.GDB136_chr2H.fa.646650001..647150000
[OK] 2.1418.GDB136_chr2H.fa.637650001..638150000
[OK] 2.1404.GDB136_chr2H.fa.631350001..631850000
[OK] 3.031.GDB136_chr3H.fa.13500001..14000000
[OK] 2.1411.GDB136_chr2H.fa.634500001..635000000
[OK] 2.1408.GDB136_chr2H.fa.633150001..633650000
[OK] 3.034.GDB136_chr3H.fa.14850001..15350000
[OK] 3.018.GDB136_chr3H.fa.7650001..8150000
[OK] 3.015.GDB136_chr3H.fa.6300001..6800000
[OK] 3.009.GDB136_chr3H.fa.3600001..4100000
[OK] 2.1412.GDB136_chr2H.fa.634950001..635450000
[OK] 3.039.GDB136_chr3H.fa.17100001..17600000
[OK] 3.036.GDB136_chr3H.fa.15750001..16250000
[OK] 3.029.GDB136_chr3H.fa.12600001..13100000
[OK] 3.028.GDB136_chr3H.fa.12150001..12650000
[OK] 3.023.GDB136_chr3H.fa.9900001..10400000
[OK] 2.1445.GDB136_chr2H.fa.649800001..650300000
[OK] 3.011.GDB136_chr3H.fa.4500001..5000000
[OK] 3.024.GDB136_chr3H.fa.10350001..10850000
[OK] 2.1447.GDB136_chr2H.fa.650700001..651200000
[OK] 3.043.GDB136_chr3H.fa.18900001..19400000
[OK] 3.032.GDB136_chr3H.fa.13950001..14450000
[OK] 3.027.GDB136_chr3H.fa.11700001..12200000
[OK] 3.041.GDB136_chr3H.fa.18000001..18500000
[OK] 3.038.GDB136_chr3H.fa.16650001..17150000
[OK] 3.037.GDB136_chr3H.fa.16200001..16700000
[OK] 3.033.GDB136_chr3H.fa.14400001..14900000
[OK] 3.044.GDB136_chr3H.fa.19350001..19850000
[OK] 3.042.GDB136_chr3H.fa.18450001..18950000
[OK] 3.063.GDB136_chr3H.fa.27900001..28400000
[OK] 3.067.GDB136_chr3H.fa.29700001..30200000
[OK] 3.058.GDB136_chr3H.fa.25650001..26150000
[OK] 2.1437.GDB136_chr2H.fa.646200001..646700000
[OK] 3.059.GDB136_chr3H.fa.26100001..26600000
[OK] 3.060.GDB136_chr3H.fa.26550001..27050000
[OK] 2.1446.GDB136_chr2H.fa.650250001..650750000
[OK] 3.064.GDB136_chr3H.fa.28350001..28850000
[OK] 3.012.GDB136_chr3H.fa.4950001..5450000
[OK] 3.053.GDB136_chr3H.fa.23400001..23900000
[OK] 3.045.GDB136_chr3H.fa.19800001..20300000
[OK] 3.066.GDB136_chr3H.fa.29250001..29750000
[OK] 3.057.GDB136_chr3H.fa.25200001..25700000
[OK] 3.035.GDB136_chr3H.fa.15300001..15800000
[OK] 3.030.GDB136_chr3H.fa.13050001..13550000
[OK] 3.048.GDB136_chr3H.fa.21150001..21650000
[OK] 3.050.GDB136_chr3H.fa.22050001..22550000
[OK] 3.096.GDB136_chr3H.fa.42750001..43250000
[OK] 3.062.GDB136_chr3H.fa.27450001..27950000
[OK] 3.046.GDB136_chr3H.fa.20250001..20750000
[OK] 3.051.GDB136_chr3H.fa.22500001..23000000
[OK] 3.081.GDB136_chr3H.fa.36000001..36500000
[OK] 3.068.GDB136_chr3H.fa.30150001..30650000
[OK] 3.055.GDB136_chr3H.fa.24300001..24800000
[OK] 3.084.GDB136_chr3H.fa.37350001..37850000
[OK] 3.074.GDB136_chr3H.fa.32850001..33350000
[OK] 3.080.GDB136_chr3H.fa.35550001..36050000
[OK] 3.072.GDB136_chr3H.fa.31950001..32450000
[OK] 3.088.GDB136_chr3H.fa.39150001..39650000
[OK] 3.100.GDB136_chr3H.fa.44550001..45050000
[OK] 3.083.GDB136_chr3H.fa.36900001..37400000
[OK] 3.040.GDB136_chr3H.fa.17550001..18050000
[OK] 3.065.GDB136_chr3H.fa.28800001..29300000
[OK] 3.099.GDB136_chr3H.fa.44100001..44600000
[OK] 3.102.GDB136_chr3H.fa.45450001..45950000
[OK] 3.061.GDB136_chr3H.fa.27000001..27500000
[OK] 3.082.GDB136_chr3H.fa.36450001..36950000
[OK] 3.097.GDB136_chr3H.fa.43200001..43700000
[OK] 3.086.GDB136_chr3H.fa.38250001..38750000
[OK] 3.107.GDB136_chr3H.fa.47700001..48200000
[OK] 3.054.GDB136_chr3H.fa.23850001..24350000
[OK] 3.073.GDB136_chr3H.fa.32400001..32900000
[OK] 3.070.GDB136_chr3H.fa.31050001..31550000
[OK] 3.112.GDB136_chr3H.fa.49950001..50450000
[OK] 3.115.GDB136_chr3H.fa.51300001..51800000
[OK] 3.079.GDB136_chr3H.fa.35100001..35600000
[OK] 3.085.GDB136_chr3H.fa.37800001..38300000
[OK] 3.092.GDB136_chr3H.fa.40950001..41450000
[OK] 3.078.GDB136_chr3H.fa.34650001..35150000
[OK] 3.113.GDB136_chr3H.fa.50400001..50900000
[OK] 3.095.GDB136_chr3H.fa.42300001..42800000
[OK] 3.093.GDB136_chr3H.fa.41400001..41900000
[OK] 3.056.GDB136_chr3H.fa.24750001..25250000
[OK] 3.071.GDB136_chr3H.fa.31500001..32000000
[OK] 3.052.GDB136_chr3H.fa.22950001..23450000
[OK] 3.047.GDB136_chr3H.fa.20700001..21200000
[OK] 3.105.GDB136_chr3H.fa.46800001..47300000
[OK] 3.089.GDB136_chr3H.fa.39600001..40100000
[OK] 3.103.GDB136_chr3H.fa.45900001..46400000
[OK] 3.101.GDB136_chr3H.fa.45000001..45500000
[OK] 3.098.GDB136_chr3H.fa.43650001..44150000
[OK] 3.108.GDB136_chr3H.fa.48150001..48650000
[OK] 3.110.GDB136_chr3H.fa.49050001..49550000
[OK] 3.109.GDB136_chr3H.fa.48600001..49100000
[OK] 3.090.GDB136_chr3H.fa.40050001..40550000
[OK] 3.075.GDB136_chr3H.fa.33300001..33800000
[OK] 3.049.GDB136_chr3H.fa.21600001..22100000
[OK] 3.114.GDB136_chr3H.fa.50850001..51350000
[OK] 3.077.GDB136_chr3H.fa.34200001..34700000
[OK] 3.119.GDB136_chr3H.fa.53100001..53600000
[OK] 3.094.GDB136_chr3H.fa.41850001..42350000
[OK] 3.087.GDB136_chr3H.fa.38700001..39200000
[OK] 3.069.GDB136_chr3H.fa.30600001..31100000
[OK] 3.118.GDB136_chr3H.fa.52650001..53150000
[OK] 3.117.GDB136_chr3H.fa.52200001..52700000
[OK] 3.127.GDB136_chr3H.fa.56700001..57200000
[OK] 3.091.GDB136_chr3H.fa.40500001..41000000
[OK] 3.120.GDB136_chr3H.fa.53550001..54050000
[OK] 3.116.GDB136_chr3H.fa.51750001..52250000
[OK] 3.135.GDB136_chr3H.fa.60300001..60800000
[OK] 3.106.GDB136_chr3H.fa.47250001..47750000
[OK] 3.076.GDB136_chr3H.fa.33750001..34250000
[OK] 3.126.GDB136_chr3H.fa.56250001..56750000
[OK] 3.122.GDB136_chr3H.fa.54450001..54950000
[OK] 3.121.GDB136_chr3H.fa.54000001..54500000
[OK] 3.128.GDB136_chr3H.fa.57150001..57650000
[OK] 3.124.GDB136_chr3H.fa.55350001..55850000
[OK] 3.104.GDB136_chr3H.fa.46350001..46850000
[OK] 3.129.GDB136_chr3H.fa.57600001..58100000
[OK] 3.137.GDB136_chr3H.fa.61200001..61700000
[OK] 3.111.GDB136_chr3H.fa.49500001..50000000
[OK] 3.125.GDB136_chr3H.fa.55800001..56300000
[OK] 3.134.GDB136_chr3H.fa.59850001..60350000
[OK] 3.132.GDB136_chr3H.fa.58950001..59450000
[OK] 3.131.GDB136_chr3H.fa.58500001..59000000
[OK] 3.142.GDB136_chr3H.fa.63450001..63950000
[OK] 3.123.GDB136_chr3H.fa.54900001..55400000
[OK] 3.133.GDB136_chr3H.fa.59400001..59900000
[OK] 3.150.GDB136_chr3H.fa.67050001..67550000
[OK] 3.136.GDB136_chr3H.fa.60750001..61250000
[OK] 3.139.GDB136_chr3H.fa.62100001..62600000
[OK] 3.141.GDB136_chr3H.fa.63000001..63500000
[OK] 3.138.GDB136_chr3H.fa.61650001..62150000
[OK] 3.145.GDB136_chr3H.fa.64800001..65300000
[OK] 3.151.GDB136_chr3H.fa.67500001..68000000
[OK] 3.148.GDB136_chr3H.fa.66150001..66650000
[OK] 3.156.GDB136_chr3H.fa.69750001..70250000
[OK] 3.155.GDB136_chr3H.fa.69300001..69800000
[OK] 3.152.GDB136_chr3H.fa.67950001..68450000
[OK] 3.169.GDB136_chr3H.fa.75600001..76100000
[OK] 3.143.GDB136_chr3H.fa.63900001..64400000
[OK] 3.144.GDB136_chr3H.fa.64350001..64850000
[OK] 3.157.GDB136_chr3H.fa.70200001..70700000
[OK] 3.153.GDB136_chr3H.fa.68400001..68900000
[OK] 3.163.GDB136_chr3H.fa.72900001..73400000
[OK] 3.178.GDB136_chr3H.fa.79650001..80150000
[OK] 3.164.GDB136_chr3H.fa.73350001..73850000
[OK] 3.147.GDB136_chr3H.fa.65700001..66200000
[OK] 3.165.GDB136_chr3H.fa.73800001..74300000
[OK] 3.179.GDB136_chr3H.fa.80100001..80600000
[OK] 3.149.GDB136_chr3H.fa.66600001..67100000
[OK] 3.160.GDB136_chr3H.fa.71550001..72050000
[OK] 3.180.GDB136_chr3H.fa.80550001..81050000
[OK] 3.146.GDB136_chr3H.fa.65250001..65750000
[OK] 3.184.GDB136_chr3H.fa.82350001..82850000
[OK] 3.167.GDB136_chr3H.fa.74700001..75200000
[OK] 3.181.GDB136_chr3H.fa.81000001..81500000
[OK] 3.170.GDB136_chr3H.fa.76050001..76550000
[OK] 3.176.GDB136_chr3H.fa.78750001..79250000
[OK] 3.168.GDB136_chr3H.fa.75150001..75650000
[OK] 3.158.GDB136_chr3H.fa.70650001..71150000
[OK] 3.154.GDB136_chr3H.fa.68850001..69350000
[OK] 3.174.GDB136_chr3H.fa.77850001..78350000
[OK] 3.159.GDB136_chr3H.fa.71100001..71600000
[OK] 3.130.GDB136_chr3H.fa.58050001..58550000
[OK] 3.201.GDB136_chr3H.fa.90000001..90500000
[OK] 3.162.GDB136_chr3H.fa.72450001..72950000
[OK] 3.192.GDB136_chr3H.fa.85950001..86450000
[OK] 3.182.GDB136_chr3H.fa.81450001..81950000
[OK] 3.187.GDB136_chr3H.fa.83700001..84200000
[OK] 3.191.GDB136_chr3H.fa.85500001..86000000
[OK] 3.199.GDB136_chr3H.fa.89100001..89600000
[OK] 3.198.GDB136_chr3H.fa.88650001..89150000
[OK] 3.183.GDB136_chr3H.fa.81900001..82400000
[OK] 3.185.GDB136_chr3H.fa.82800001..83300000
[OK] 3.195.GDB136_chr3H.fa.87300001..87800000
[OK] 3.173.GDB136_chr3H.fa.77400001..77900000
[OK] 3.205.GDB136_chr3H.fa.91800001..92300000
[OK] 3.177.GDB136_chr3H.fa.79200001..79700000
[OK] 3.161.GDB136_chr3H.fa.72000001..72500000
[OK] 3.193.GDB136_chr3H.fa.86400001..86900000
[OK] 3.215.GDB136_chr3H.fa.96300001..96800000
[OK] 3.204.GDB136_chr3H.fa.91350001..91850000
[OK] 3.196.GDB136_chr3H.fa.87750001..88250000
[OK] 3.171.GDB136_chr3H.fa.76500001..77000000
[OK] 3.216.GDB136_chr3H.fa.96750001..97250000
[OK] 3.197.GDB136_chr3H.fa.88200001..88700000
[OK] 3.206.GDB136_chr3H.fa.92250001..92750000
[OK] 3.175.GDB136_chr3H.fa.78300001..78800000
[OK] 3.166.GDB136_chr3H.fa.74250001..74750000
[OK] 3.140.GDB136_chr3H.fa.62550001..63050000
[OK] 3.188.GDB136_chr3H.fa.84150001..84650000
[OK] 3.186.GDB136_chr3H.fa.83250001..83750000
[OK] 3.207.GDB136_chr3H.fa.92700001..93200000
[OK] 3.208.GDB136_chr3H.fa.93150001..93650000
[OK] 3.200.GDB136_chr3H.fa.89550001..90050000
[OK] 3.202.GDB136_chr3H.fa.90450001..90950000
[OK] 3.212.GDB136_chr3H.fa.94950001..95450000
[OK] 3.221.GDB136_chr3H.fa.99000001..99500000
[OK] 3.203.GDB136_chr3H.fa.90900001..91400000
[OK] 3.218.GDB136_chr3H.fa.97650001..98150000
[OK] 3.194.GDB136_chr3H.fa.86850001..87350000
[OK] 3.189.GDB136_chr3H.fa.84600001..85100000
[OK] 3.211.GDB136_chr3H.fa.94500001..95000000
[OK] 3.225.GDB136_chr3H.fa.100800001..101300000
[OK] 3.172.GDB136_chr3H.fa.76950001..77450000
[OK] 3.210.GDB136_chr3H.fa.94050001..94550000
[OK] 3.190.GDB136_chr3H.fa.85050001..85550000
[OK] 3.230.GDB136_chr3H.fa.103050001..103550000
[OK] 3.222.GDB136_chr3H.fa.99450001..99950000
[OK] 3.238.GDB136_chr3H.fa.106650001..107150000
[OK] 3.235.GDB136_chr3H.fa.105300001..105800000
[OK] 3.228.GDB136_chr3H.fa.102150001..102650000
[OK] 3.219.GDB136_chr3H.fa.98100001..98600000
[OK] 3.226.GDB136_chr3H.fa.101250001..101750000
[OK] 3.217.GDB136_chr3H.fa.97200001..97700000
[OK] 3.229.GDB136_chr3H.fa.102600001..103100000
[OK] 3.223.GDB136_chr3H.fa.99900001..100400000
[OK] 3.214.GDB136_chr3H.fa.95850001..96350000
[OK] 3.220.GDB136_chr3H.fa.98550001..99050000
[OK] 3.227.GDB136_chr3H.fa.101700001..102200000
[OK] 3.209.GDB136_chr3H.fa.93600001..94100000
[OK] 3.231.GDB136_chr3H.fa.103500001..104000000
[OK] 3.213.GDB136_chr3H.fa.95400001..95900000
[OK] 3.251.GDB136_chr3H.fa.112500001..113000000
[OK] 3.244.GDB136_chr3H.fa.109350001..109850000
[OK] 3.224.GDB136_chr3H.fa.100350001..100850000
[OK] 3.242.GDB136_chr3H.fa.108450001..108950000
[OK] 3.241.GDB136_chr3H.fa.108000001..108500000
[OK] 3.243.GDB136_chr3H.fa.108900001..109400000
[OK] 3.234.GDB136_chr3H.fa.104850001..105350000
[OK] 3.246.GDB136_chr3H.fa.110250001..110750000
[OK] 3.232.GDB136_chr3H.fa.103950001..104450000
[OK] 3.268.GDB136_chr3H.fa.120150001..120650000
[OK] 3.247.GDB136_chr3H.fa.110700001..111200000
[OK] 3.252.GDB136_chr3H.fa.112950001..113450000
[OK] 3.260.GDB136_chr3H.fa.116550001..117050000
[OK] 3.236.GDB136_chr3H.fa.105750001..106250000
[OK] 3.253.GDB136_chr3H.fa.113400001..113900000
[OK] 3.257.GDB136_chr3H.fa.115200001..115700000
[OK] 3.249.GDB136_chr3H.fa.111600001..112100000
[OK] 3.248.GDB136_chr3H.fa.111150001..111650000
[OK] 3.282.GDB136_chr3H.fa.126450001..126950000
[OK] 3.245.GDB136_chr3H.fa.109800001..110300000
[OK] 3.266.GDB136_chr3H.fa.119250001..119750000
[OK] 3.273.GDB136_chr3H.fa.122400001..122900000
[OK] 3.259.GDB136_chr3H.fa.116100001..116600000
[OK] 3.267.GDB136_chr3H.fa.119700001..120200000
[OK] 3.270.GDB136_chr3H.fa.121050001..121550000
[OK] 3.262.GDB136_chr3H.fa.117450001..117950000
[OK] 3.237.GDB136_chr3H.fa.106200001..106700000
[OK] 3.250.GDB136_chr3H.fa.112050001..112550000
[OK] 3.240.GDB136_chr3H.fa.107550001..108050000
[OK] 3.286.GDB136_chr3H.fa.128250001..128750000
[OK] 3.254.GDB136_chr3H.fa.113850001..114350000
[OK] 3.295.GDB136_chr3H.fa.132300001..132800000
[OK] 3.256.GDB136_chr3H.fa.114750001..115250000
[OK] 3.272.GDB136_chr3H.fa.121950001..122450000
[OK] 3.287.GDB136_chr3H.fa.128700001..129200000
[OK] 3.255.GDB136_chr3H.fa.114300001..114800000
[OK] 3.269.GDB136_chr3H.fa.120600001..121100000
[OK] 3.265.GDB136_chr3H.fa.118800001..119300000
[OK] 3.285.GDB136_chr3H.fa.127800001..128300000
[OK] 3.271.GDB136_chr3H.fa.121500001..122000000
[OK] 3.291.GDB136_chr3H.fa.130500001..131000000
[OK] 3.239.GDB136_chr3H.fa.107100001..107600000
[OK] 3.261.GDB136_chr3H.fa.117000001..117500000
[OK] 3.264.GDB136_chr3H.fa.118350001..118850000
[OK] 3.323.GDB136_chr3H.fa.144900001..145400000
[OK] 3.296.GDB136_chr3H.fa.132750001..133250000
[OK] 3.307.GDB136_chr3H.fa.137700001..138200000
[OK] 3.233.GDB136_chr3H.fa.104400001..104900000
[OK] 3.292.GDB136_chr3H.fa.130950001..131450000
[OK] 3.263.GDB136_chr3H.fa.117900001..118400000
[OK] 3.258.GDB136_chr3H.fa.115650001..116150000
[OK] 3.276.GDB136_chr3H.fa.123750001..124250000
[OK] 3.297.GDB136_chr3H.fa.133200001..133700000
[OK] 3.283.GDB136_chr3H.fa.126900001..127400000
[OK] 3.302.GDB136_chr3H.fa.135450001..135950000
[OK] 3.277.GDB136_chr3H.fa.124200001..124700000
[OK] 3.290.GDB136_chr3H.fa.130050001..130550000
[OK] 3.310.GDB136_chr3H.fa.139050001..139550000
[OK] 3.284.GDB136_chr3H.fa.127350001..127850000
[OK] 3.293.GDB136_chr3H.fa.131400001..131900000
[OK] 3.294.GDB136_chr3H.fa.131850001..132350000
[OK] 3.274.GDB136_chr3H.fa.122850001..123350000
[OK] 3.275.GDB136_chr3H.fa.123300001..123800000
[OK] 3.308.GDB136_chr3H.fa.138150001..138650000
[OK] 3.281.GDB136_chr3H.fa.126000001..126500000
[OK] 3.336.GDB136_chr3H.fa.150750001..151250000
[OK] 3.300.GDB136_chr3H.fa.134550001..135050000
[OK] 3.298.GDB136_chr3H.fa.133650001..134150000
[OK] 3.289.GDB136_chr3H.fa.129600001..130100000
[OK] 3.279.GDB136_chr3H.fa.125100001..125600000
[OK] 3.317.GDB136_chr3H.fa.142200001..142700000
[OK] 3.299.GDB136_chr3H.fa.134100001..134600000
[OK] 3.303.GDB136_chr3H.fa.135900001..136400000
[OK] 3.315.GDB136_chr3H.fa.141300001..141800000
[OK] 3.278.GDB136_chr3H.fa.124650001..125150000
[OK] 3.309.GDB136_chr3H.fa.138600001..139100000
[OK] 3.280.GDB136_chr3H.fa.125550001..126050000
[OK] 3.304.GDB136_chr3H.fa.136350001..136850000
[OK] 3.314.GDB136_chr3H.fa.140850001..141350000
[OK] 3.306.GDB136_chr3H.fa.137250001..137750000
[OK] 3.288.GDB136_chr3H.fa.129150001..129650000
[OK] 3.311.GDB136_chr3H.fa.139500001..140000000
[OK] 3.321.GDB136_chr3H.fa.144000001..144500000
[OK] 3.319.GDB136_chr3H.fa.143100001..143600000
[OK] 3.312.GDB136_chr3H.fa.139950001..140450000
[OK] 3.320.GDB136_chr3H.fa.143550001..144050000
[OK] 3.327.GDB136_chr3H.fa.146700001..147200000
[OK] 3.313.GDB136_chr3H.fa.140400001..140900000
[OK] 3.331.GDB136_chr3H.fa.148500001..149000000
[OK] 3.329.GDB136_chr3H.fa.147600001..148100000
[OK] 3.305.GDB136_chr3H.fa.136800001..137300000
[OK] 3.318.GDB136_chr3H.fa.142650001..143150000
[OK] 3.316.GDB136_chr3H.fa.141750001..142250000
[OK] 3.325.GDB136_chr3H.fa.145800001..146300000
[OK] 3.322.GDB136_chr3H.fa.144450001..144950000
[OK] 3.349.GDB136_chr3H.fa.156600001..157100000
[OK] 3.328.GDB136_chr3H.fa.147150001..147650000
[OK] 3.301.GDB136_chr3H.fa.135000001..135500000
[OK] 3.337.GDB136_chr3H.fa.151200001..151700000
[OK] 3.341.GDB136_chr3H.fa.153000001..153500000
[OK] 3.332.GDB136_chr3H.fa.148950001..149450000
[OK] 3.333.GDB136_chr3H.fa.149400001..149900000
[OK] 3.326.GDB136_chr3H.fa.146250001..146750000
[OK] 3.330.GDB136_chr3H.fa.148050001..148550000
[OK] 3.346.GDB136_chr3H.fa.155250001..155750000
[OK] 3.334.GDB136_chr3H.fa.149850001..150350000
[OK] 3.338.GDB136_chr3H.fa.151650001..152150000
[OK] 3.340.GDB136_chr3H.fa.152550001..153050000
[OK] 3.360.GDB136_chr3H.fa.161550001..162050000
[OK] 3.335.GDB136_chr3H.fa.150300001..150800000
[OK] 3.344.GDB136_chr3H.fa.154350001..154850000
[OK] 3.324.GDB136_chr3H.fa.145350001..145850000
[OK] 3.339.GDB136_chr3H.fa.152100001..152600000
[OK] 3.350.GDB136_chr3H.fa.157050001..157550000
[OK] 3.354.GDB136_chr3H.fa.158850001..159350000
[OK] 3.345.GDB136_chr3H.fa.154800001..155300000
[OK] 3.343.GDB136_chr3H.fa.153900001..154400000
[OK] 3.362.GDB136_chr3H.fa.162450001..162950000
[OK] 3.364.GDB136_chr3H.fa.163350001..163850000
[OK] 3.359.GDB136_chr3H.fa.161100001..161600000
[OK] 3.358.GDB136_chr3H.fa.160650001..161150000
[OK] 3.367.GDB136_chr3H.fa.164700001..165200000
[OK] 3.342.GDB136_chr3H.fa.153450001..153950000
[OK] 3.380.GDB136_chr3H.fa.170550001..171050000
[OK] 3.347.GDB136_chr3H.fa.155700001..156200000
[OK] 3.383.GDB136_chr3H.fa.171900001..172400000
[OK] 3.348.GDB136_chr3H.fa.156150001..156650000
[OK] 3.369.GDB136_chr3H.fa.165600001..166100000
[OK] 3.374.GDB136_chr3H.fa.167850001..168350000
[OK] 3.365.GDB136_chr3H.fa.163800001..164300000
[OK] 3.353.GDB136_chr3H.fa.158400001..158900000
[OK] 3.386.GDB136_chr3H.fa.173250001..173750000
[OK] 3.351.GDB136_chr3H.fa.157500001..158000000
[OK] 3.370.GDB136_chr3H.fa.166050001..166550000
[OK] 3.355.GDB136_chr3H.fa.159300001..159800000
[OK] 3.352.GDB136_chr3H.fa.157950001..158450000
[OK] 3.368.GDB136_chr3H.fa.165150001..165650000
[OK] 3.357.GDB136_chr3H.fa.160200001..160700000
[OK] 3.372.GDB136_chr3H.fa.166950001..167450000
[OK] 3.373.GDB136_chr3H.fa.167400001..167900000
[OK] 3.397.GDB136_chr3H.fa.178200001..178700000
[OK] 3.366.GDB136_chr3H.fa.164250001..164750000
[OK] 3.382.GDB136_chr3H.fa.171450001..171950000
[OK] 3.390.GDB136_chr3H.fa.175050001..175550000
[OK] 3.375.GDB136_chr3H.fa.168300001..168800000
[OK] 3.361.GDB136_chr3H.fa.162000001..162500000
[OK] 3.387.GDB136_chr3H.fa.173700001..174200000
[OK] 3.385.GDB136_chr3H.fa.172800001..173300000
[OK] 3.376.GDB136_chr3H.fa.168750001..169250000
[OK] 3.363.GDB136_chr3H.fa.162900001..163400000
[OK] 3.371.GDB136_chr3H.fa.166500001..167000000
[OK] 3.378.GDB136_chr3H.fa.169650001..170150000
[OK] 3.381.GDB136_chr3H.fa.171000001..171500000
[OK] 3.401.GDB136_chr3H.fa.180000001..180500000
[OK] 3.388.GDB136_chr3H.fa.174150001..174650000
[OK] 3.356.GDB136_chr3H.fa.159750001..160250000
[OK] 3.394.GDB136_chr3H.fa.176850001..177350000
[OK] 3.391.GDB136_chr3H.fa.175500001..176000000
[OK] 3.402.GDB136_chr3H.fa.180450001..180950000
[OK] 3.400.GDB136_chr3H.fa.179550001..180050000
[OK] 3.408.GDB136_chr3H.fa.183150001..183650000
[OK] 3.395.GDB136_chr3H.fa.177300001..177800000
[OK] 3.398.GDB136_chr3H.fa.178650001..179150000
[OK] 3.379.GDB136_chr3H.fa.170100001..170600000
[OK] 3.403.GDB136_chr3H.fa.180900001..181400000
[OK] 3.389.GDB136_chr3H.fa.174600001..175100000
[OK] 3.393.GDB136_chr3H.fa.176400001..176900000
[OK] 3.396.GDB136_chr3H.fa.177750001..178250000
[OK] 3.377.GDB136_chr3H.fa.169200001..169700000
[OK] 3.414.GDB136_chr3H.fa.185850001..186350000
[OK] 3.418.GDB136_chr3H.fa.187650001..188150000
[OK] 3.392.GDB136_chr3H.fa.175950001..176450000
[OK] 3.411.GDB136_chr3H.fa.184500001..185000000
[OK] 3.399.GDB136_chr3H.fa.179100001..179600000
[OK] 3.407.GDB136_chr3H.fa.182700001..183200000
[OK] 3.405.GDB136_chr3H.fa.181800001..182300000
[OK] 3.413.GDB136_chr3H.fa.185400001..185900000
[OK] 3.404.GDB136_chr3H.fa.181350001..181850000
[OK] 3.406.GDB136_chr3H.fa.182250001..182750000
[OK] 3.410.GDB136_chr3H.fa.184050001..184550000
[OK] 3.419.GDB136_chr3H.fa.188100001..188600000
[OK] 3.429.GDB136_chr3H.fa.192600001..193100000
[OK] 3.430.GDB136_chr3H.fa.193050001..193550000
[OK] 3.384.GDB136_chr3H.fa.172350001..172850000
[OK] 3.421.GDB136_chr3H.fa.189000001..189500000
[OK] 3.417.GDB136_chr3H.fa.187200001..187700000
[OK] 3.416.GDB136_chr3H.fa.186750001..187250000
[OK] 3.431.GDB136_chr3H.fa.193500001..194000000
[OK] 3.409.GDB136_chr3H.fa.183600001..184100000
[OK] 3.424.GDB136_chr3H.fa.190350001..190850000
[OK] 3.433.GDB136_chr3H.fa.194400001..194900000
[OK] 3.437.GDB136_chr3H.fa.196200001..196700000
[OK] 3.439.GDB136_chr3H.fa.197100001..197600000
[OK] 3.420.GDB136_chr3H.fa.188550001..189050000
[OK] 3.423.GDB136_chr3H.fa.189900001..190400000
[OK] 3.428.GDB136_chr3H.fa.192150001..192650000
[OK] 3.440.GDB136_chr3H.fa.197550001..198050000
[OK] 3.425.GDB136_chr3H.fa.190800001..191300000
[OK] 3.434.GDB136_chr3H.fa.194850001..195350000
[OK] 3.448.GDB136_chr3H.fa.201150001..201650000
[OK] 3.447.GDB136_chr3H.fa.200700001..201200000
[OK] 3.415.GDB136_chr3H.fa.186300001..186800000
[OK] 3.426.GDB136_chr3H.fa.191250001..191750000
[OK] 3.450.GDB136_chr3H.fa.202050001..202550000
[OK] 3.436.GDB136_chr3H.fa.195750001..196250000
[OK] 3.432.GDB136_chr3H.fa.193950001..194450000
[OK] 3.442.GDB136_chr3H.fa.198450001..198950000
[OK] 3.449.GDB136_chr3H.fa.201600001..202100000
[OK] 3.441.GDB136_chr3H.fa.198000001..198500000
[OK] 3.451.GDB136_chr3H.fa.202500001..203000000
[OK] 3.457.GDB136_chr3H.fa.205200001..205700000
[OK] 3.456.GDB136_chr3H.fa.204750001..205250000
[OK] 3.462.GDB136_chr3H.fa.207450001..207950000
[OK] 3.443.GDB136_chr3H.fa.198900001..199400000
[OK] 3.445.GDB136_chr3H.fa.199800001..200300000
[OK] 3.444.GDB136_chr3H.fa.199350001..199850000
[OK] 3.472.GDB136_chr3H.fa.211950001..212450000
[OK] 3.427.GDB136_chr3H.fa.191700001..192200000
[OK] 3.464.GDB136_chr3H.fa.208350001..208850000
[OK] 3.470.GDB136_chr3H.fa.211050001..211550000
[OK] 3.490.GDB136_chr3H.fa.220050001..220550000
[OK] 3.455.GDB136_chr3H.fa.204300001..204800000
[OK] 3.454.GDB136_chr3H.fa.203850001..204350000
[OK] 3.473.GDB136_chr3H.fa.212400001..212900000
[OK] 3.468.GDB136_chr3H.fa.210150001..210650000
[OK] 3.446.GDB136_chr3H.fa.200250001..200750000
[OK] 3.465.GDB136_chr3H.fa.208800001..209300000
[OK] 3.435.GDB136_chr3H.fa.195300001..195800000
[OK] 3.466.GDB136_chr3H.fa.209250001..209750000
[OK] 3.493.GDB136_chr3H.fa.221400001..221900000
[OK] 3.480.GDB136_chr3H.fa.215550001..216050000
[OK] 3.492.GDB136_chr3H.fa.220950001..221450000
[OK] 3.469.GDB136_chr3H.fa.210600001..211100000
[OK] 3.460.GDB136_chr3H.fa.206550001..207050000
[OK] 3.463.GDB136_chr3H.fa.207900001..208400000
[OK] 3.485.GDB136_chr3H.fa.217800001..218300000
[OK] 3.483.GDB136_chr3H.fa.216900001..217400000
[OK] 3.479.GDB136_chr3H.fa.215100001..215600000
[OK] 3.478.GDB136_chr3H.fa.214650001..215150000
[OK] 3.505.GDB136_chr3H.fa.226800001..227300000
[OK] 3.422.GDB136_chr3H.fa.189450001..189950000
[OK] 3.438.GDB136_chr3H.fa.196650001..197150000
[OK] 3.486.GDB136_chr3H.fa.218250001..218750000
[OK] 3.482.GDB136_chr3H.fa.216450001..216950000
[OK] 3.476.GDB136_chr3H.fa.213750001..214250000
[OK] 3.459.GDB136_chr3H.fa.206100001..206600000
[OK] 3.488.GDB136_chr3H.fa.219150001..219650000
[OK] 3.474.GDB136_chr3H.fa.212850001..213350000
[OK] 3.475.GDB136_chr3H.fa.213300001..213800000
[OK] 3.481.GDB136_chr3H.fa.216000001..216500000
[OK] 3.501.GDB136_chr3H.fa.225000001..225500000
[OK] 3.503.GDB136_chr3H.fa.225900001..226400000
[OK] 3.489.GDB136_chr3H.fa.219600001..220100000
[OK] 3.494.GDB136_chr3H.fa.221850001..222350000
[OK] 3.461.GDB136_chr3H.fa.207000001..207500000
[OK] 3.499.GDB136_chr3H.fa.224100001..224600000
[OK] 3.491.GDB136_chr3H.fa.220500001..221000000
[OK] 3.506.GDB136_chr3H.fa.227250001..227750000
[OK] 3.467.GDB136_chr3H.fa.209700001..210200000
[OK] 3.495.GDB136_chr3H.fa.222300001..222800000
[OK] 3.487.GDB136_chr3H.fa.218700001..219200000
[OK] 3.484.GDB136_chr3H.fa.217350001..217850000
[OK] 3.458.GDB136_chr3H.fa.205650001..206150000
[OK] 3.477.GDB136_chr3H.fa.214200001..214700000
[OK] 3.497.GDB136_chr3H.fa.223200001..223700000
[OK] 3.500.GDB136_chr3H.fa.224550001..225050000
[OK] 3.452.GDB136_chr3H.fa.202950001..203450000
[OK] 3.498.GDB136_chr3H.fa.223650001..224150000
[OK] 3.496.GDB136_chr3H.fa.222750001..223250000
[OK] 3.453.GDB136_chr3H.fa.203400001..203900000
[OK] 3.502.GDB136_chr3H.fa.225450001..225950000
[OK] 3.507.GDB136_chr3H.fa.227700001..228200000
[OK] 3.471.GDB136_chr3H.fa.211500001..212000000
[OK] 3.512.GDB136_chr3H.fa.229950001..230450000
[OK] 3.508.GDB136_chr3H.fa.228150001..228650000
[OK] 3.525.GDB136_chr3H.fa.235800001..236300000
[OK] 3.518.GDB136_chr3H.fa.232650001..233150000
[OK] 3.510.GDB136_chr3H.fa.229050001..229550000
[OK] 3.513.GDB136_chr3H.fa.230400001..230900000
[OK] 3.509.GDB136_chr3H.fa.228600001..229100000
[OK] 3.514.GDB136_chr3H.fa.230850001..231350000
[OK] 3.517.GDB136_chr3H.fa.232200001..232700000
[OK] 3.519.GDB136_chr3H.fa.233100001..233600000
[OK] 3.535.GDB136_chr3H.fa.240300001..240800000
[OK] 3.528.GDB136_chr3H.fa.237150001..237650000
[OK] 3.511.GDB136_chr3H.fa.229500001..230000000
[OK] 3.515.GDB136_chr3H.fa.231300001..231800000
[OK] 3.527.GDB136_chr3H.fa.236700001..237200000
[OK] 3.504.GDB136_chr3H.fa.226350001..226850000
[OK] 3.529.GDB136_chr3H.fa.237600001..238100000
[OK] 3.520.GDB136_chr3H.fa.233550001..234050000
[OK] 3.526.GDB136_chr3H.fa.236250001..236750000
[OK] 3.521.GDB136_chr3H.fa.234000001..234500000
[OK] 3.543.GDB136_chr3H.fa.243900001..244400000
[OK] 3.522.GDB136_chr3H.fa.234450001..234950000
[OK] 3.412.GDB136_chr3H.fa.184950001..185450000
[OK] 3.531.GDB136_chr3H.fa.238500001..239000000
[OK] 3.557.GDB136_chr3H.fa.250200001..250700000
[OK] 3.544.GDB136_chr3H.fa.244350001..244850000
[OK] 3.558.GDB136_chr3H.fa.250650001..251150000
[OK] 3.546.GDB136_chr3H.fa.245250001..245750000
[OK] 3.548.GDB136_chr3H.fa.246150001..246650000
[OK] 3.537.GDB136_chr3H.fa.241200001..241700000
[OK] 3.523.GDB136_chr3H.fa.234900001..235400000
[OK] 3.540.GDB136_chr3H.fa.242550001..243050000
[OK] 3.556.GDB136_chr3H.fa.249750001..250250000
[OK] 3.586.GDB136_chr3H.fa.263250001..263750000
[OK] 3.554.GDB136_chr3H.fa.248850001..249350000
[OK] 3.536.GDB136_chr3H.fa.240750001..241250000
[OK] 3.539.GDB136_chr3H.fa.242100001..242600000
[OK] 3.550.GDB136_chr3H.fa.247050001..247550000
[OK] 3.516.GDB136_chr3H.fa.231750001..232250000
[OK] 3.538.GDB136_chr3H.fa.241650001..242150000
[OK] 3.524.GDB136_chr3H.fa.235350001..235850000
[OK] 3.555.GDB136_chr3H.fa.249300001..249800000
[OK] 3.533.GDB136_chr3H.fa.239400001..239900000
[OK] 3.547.GDB136_chr3H.fa.245700001..246200000
[OK] 3.553.GDB136_chr3H.fa.248400001..248900000
[OK] 3.588.GDB136_chr3H.fa.264150001..264650000
[OK] 3.572.GDB136_chr3H.fa.256950001..257450000
[OK] 3.552.GDB136_chr3H.fa.247950001..248450000
[OK] 3.563.GDB136_chr3H.fa.252900001..253400000
[OK] 3.562.GDB136_chr3H.fa.252450001..252950000
[OK] 3.561.GDB136_chr3H.fa.252000001..252500000
[OK] 3.541.GDB136_chr3H.fa.243000001..243500000
[OK] 3.591.GDB136_chr3H.fa.265500001..266000000
[OK] 3.566.GDB136_chr3H.fa.254250001..254750000
[OK] 3.587.GDB136_chr3H.fa.263700001..264200000
[OK] 3.582.GDB136_chr3H.fa.261450001..261950000
[OK] 3.530.GDB136_chr3H.fa.238050001..238550000
[OK] 3.549.GDB136_chr3H.fa.246600001..247100000
[OK] 3.542.GDB136_chr3H.fa.243450001..243950000
[OK] 3.596.GDB136_chr3H.fa.267750001..268250000
[OK] 3.593.GDB136_chr3H.fa.266400001..266900000
[OK] 3.577.GDB136_chr3H.fa.259200001..259700000
[OK] 3.592.GDB136_chr3H.fa.265950001..266450000
[OK] 3.568.GDB136_chr3H.fa.255150001..255650000
[OK] 3.585.GDB136_chr3H.fa.262800001..263300000
[OK] 3.564.GDB136_chr3H.fa.253350001..253850000
[OK] 3.532.GDB136_chr3H.fa.238950001..239450000
[OK] 3.551.GDB136_chr3H.fa.247500001..248000000
[OK] 3.594.GDB136_chr3H.fa.266850001..267350000
[OK] 3.559.GDB136_chr3H.fa.251100001..251600000
[OK] 3.583.GDB136_chr3H.fa.261900001..262400000
[OK] 3.565.GDB136_chr3H.fa.253800001..254300000
[OK] 3.576.GDB136_chr3H.fa.258750001..259250000
[OK] 3.595.GDB136_chr3H.fa.267300001..267800000
[OK] 3.575.GDB136_chr3H.fa.258300001..258800000
[OK] 3.534.GDB136_chr3H.fa.239850001..240350000
[OK] 3.590.GDB136_chr3H.fa.265050001..265550000
[OK] 3.574.GDB136_chr3H.fa.257850001..258350000
[OK] 3.569.GDB136_chr3H.fa.255600001..256100000
[OK] 3.581.GDB136_chr3H.fa.261000001..261500000
[OK] 3.570.GDB136_chr3H.fa.256050001..256550000
[OK] 3.573.GDB136_chr3H.fa.257400001..257900000
[OK] 3.584.GDB136_chr3H.fa.262350001..262850000
[OK] 3.589.GDB136_chr3H.fa.264600001..265100000
[OK] 3.578.GDB136_chr3H.fa.259650001..260150000
[OK] 3.579.GDB136_chr3H.fa.260100001..260600000
[OK] 3.560.GDB136_chr3H.fa.251550001..252050000
[OK] 3.605.GDB136_chr3H.fa.271800001..272300000
[OK] 3.598.GDB136_chr3H.fa.268650001..269150000
[OK] 3.599.GDB136_chr3H.fa.269100001..269600000
[OK] 3.600.GDB136_chr3H.fa.269550001..270050000
[OK] 3.607.GDB136_chr3H.fa.272700001..273200000
[OK] 3.606.GDB136_chr3H.fa.272250001..272750000
[OK] 3.620.GDB136_chr3H.fa.278550001..279050000
[OK] 3.603.GDB136_chr3H.fa.270900001..271400000
[OK] 3.609.GDB136_chr3H.fa.273600001..274100000
[OK] 3.601.GDB136_chr3H.fa.270000001..270500000
[OK] 3.580.GDB136_chr3H.fa.260550001..261050000
[OK] 3.613.GDB136_chr3H.fa.275400001..275900000
[OK] 3.611.GDB136_chr3H.fa.274500001..275000000
[OK] 3.597.GDB136_chr3H.fa.268200001..268700000
[OK] 3.604.GDB136_chr3H.fa.271350001..271850000
[OK] 3.608.GDB136_chr3H.fa.273150001..273650000
[OK] 3.614.GDB136_chr3H.fa.275850001..276350000
[OK] 3.622.GDB136_chr3H.fa.279450001..279950000
[OK] 3.639.GDB136_chr3H.fa.287100001..287600000
[OK] 3.632.GDB136_chr3H.fa.283950001..284450000
[OK] 3.618.GDB136_chr3H.fa.277650001..278150000
[OK] 3.621.GDB136_chr3H.fa.279000001..279500000
[OK] 3.571.GDB136_chr3H.fa.256500001..257000000
[OK] 3.616.GDB136_chr3H.fa.276750001..277250000
[OK] 3.545.GDB136_chr3H.fa.244800001..245300000
[OK] 3.644.GDB136_chr3H.fa.289350001..289850000
[OK] 3.602.GDB136_chr3H.fa.270450001..270950000
[OK] 3.631.GDB136_chr3H.fa.283500001..284000000
[OK] 3.615.GDB136_chr3H.fa.276300001..276800000
[OK] 3.629.GDB136_chr3H.fa.282600001..283100000
[OK] 3.619.GDB136_chr3H.fa.278100001..278600000
[OK] 3.626.GDB136_chr3H.fa.281250001..281750000
[OK] 3.617.GDB136_chr3H.fa.277200001..277700000
[OK] 3.624.GDB136_chr3H.fa.280350001..280850000
[OK] 3.612.GDB136_chr3H.fa.274950001..275450000
[OK] 3.646.GDB136_chr3H.fa.290250001..290750000
[OK] 3.647.GDB136_chr3H.fa.290700001..291200000
[OK] 3.625.GDB136_chr3H.fa.280800001..281300000
[OK] 3.655.GDB136_chr3H.fa.294300001..294800000
[OK] 3.628.GDB136_chr3H.fa.282150001..282650000
[OK] 3.653.GDB136_chr3H.fa.293400001..293900000
[OK] 3.656.GDB136_chr3H.fa.294750001..295250000
[OK] 3.610.GDB136_chr3H.fa.274050001..274550000
[OK] 3.623.GDB136_chr3H.fa.279900001..280400000
[OK] 3.634.GDB136_chr3H.fa.284850001..285350000
[OK] 3.630.GDB136_chr3H.fa.283050001..283550000
[OK] 3.645.GDB136_chr3H.fa.289800001..290300000
[OK] 3.651.GDB136_chr3H.fa.292500001..293000000
[OK] 3.633.GDB136_chr3H.fa.284400001..284900000
[OK] 3.627.GDB136_chr3H.fa.281700001..282200000
[OK] 3.660.GDB136_chr3H.fa.296550001..297050000
[OK] 3.662.GDB136_chr3H.fa.297450001..297950000
[OK] 3.675.GDB136_chr3H.fa.303300001..303800000
[OK] 3.681.GDB136_chr3H.fa.306000001..306500000
[OK] 3.640.GDB136_chr3H.fa.287550001..288050000
[OK] 3.641.GDB136_chr3H.fa.288000001..288500000
[OK] 3.649.GDB136_chr3H.fa.291600001..292100000
[OK] 3.650.GDB136_chr3H.fa.292050001..292550000
[OK] 3.682.GDB136_chr3H.fa.306450001..306950000
[OK] 3.670.GDB136_chr3H.fa.301050001..301550000
[OK] 3.665.GDB136_chr3H.fa.298800001..299300000
[OK] 3.567.GDB136_chr3H.fa.254700001..255200000
[OK] 3.636.GDB136_chr3H.fa.285750001..286250000
[OK] 3.648.GDB136_chr3H.fa.291150001..291650000
[OK] 3.679.GDB136_chr3H.fa.305100001..305600000
[OK] 3.668.GDB136_chr3H.fa.300150001..300650000
[OK] 3.663.GDB136_chr3H.fa.297900001..298400000
[OK] 3.643.GDB136_chr3H.fa.288900001..289400000
[OK] 3.635.GDB136_chr3H.fa.285300001..285800000
[OK] 3.652.GDB136_chr3H.fa.292950001..293450000
[OK] 3.680.GDB136_chr3H.fa.305550001..306050000
[OK] 3.657.GDB136_chr3H.fa.295200001..295700000
[OK] 3.671.GDB136_chr3H.fa.301500001..302000000
[OK] 3.676.GDB136_chr3H.fa.303750001..304250000
[OK] 3.654.GDB136_chr3H.fa.293850001..294350000
[OK] 3.669.GDB136_chr3H.fa.300600001..301100000
[OK] 3.661.GDB136_chr3H.fa.297000001..297500000
[OK] 3.642.GDB136_chr3H.fa.288450001..288950000
[OK] 3.685.GDB136_chr3H.fa.307800001..308300000
[OK] 3.677.GDB136_chr3H.fa.304200001..304700000
[OK] 3.659.GDB136_chr3H.fa.296100001..296600000
[OK] 3.638.GDB136_chr3H.fa.286650001..287150000
[OK] 3.664.GDB136_chr3H.fa.298350001..298850000
[OK] 3.674.GDB136_chr3H.fa.302850001..303350000
[OK] 3.658.GDB136_chr3H.fa.295650001..296150000
[OK] 3.687.GDB136_chr3H.fa.308700001..309200000
[OK] 3.637.GDB136_chr3H.fa.286200001..286700000
[OK] 3.678.GDB136_chr3H.fa.304650001..305150000
[OK] 3.673.GDB136_chr3H.fa.302400001..302900000
[OK] 3.683.GDB136_chr3H.fa.306900001..307400000
[OK] 3.666.GDB136_chr3H.fa.299250001..299750000
[OK] 3.686.GDB136_chr3H.fa.308250001..308750000
[OK] 3.688.GDB136_chr3H.fa.309150001..309650000
[OK] 3.689.GDB136_chr3H.fa.309600001..310100000
[OK] 3.672.GDB136_chr3H.fa.301950001..302450000
[OK] 3.695.GDB136_chr3H.fa.312300001..312800000
[OK] 3.694.GDB136_chr3H.fa.311850001..312350000
[OK] 3.667.GDB136_chr3H.fa.299700001..300200000
[OK] 3.693.GDB136_chr3H.fa.311400001..311900000
[OK] 3.697.GDB136_chr3H.fa.313200001..313700000
[OK] 3.703.GDB136_chr3H.fa.315900001..316400000
[OK] 3.690.GDB136_chr3H.fa.310050001..310550000
[OK] 3.702.GDB136_chr3H.fa.315450001..315950000
[OK] 3.698.GDB136_chr3H.fa.313650001..314150000
[OK] 3.696.GDB136_chr3H.fa.312750001..313250000
[OK] 3.684.GDB136_chr3H.fa.307350001..307850000
[OK] 3.705.GDB136_chr3H.fa.316800001..317300000
[OK] 3.701.GDB136_chr3H.fa.315000001..315500000
[OK] 3.692.GDB136_chr3H.fa.310950001..311450000
[OK] 3.704.GDB136_chr3H.fa.316350001..316850000
[OK] 3.699.GDB136_chr3H.fa.314100001..314600000
[OK] 3.713.GDB136_chr3H.fa.320400001..320900000
[OK] 3.717.GDB136_chr3H.fa.322200001..322700000
[OK] 3.706.GDB136_chr3H.fa.317250001..317750000
[OK] 3.709.GDB136_chr3H.fa.318600001..319100000
[OK] 3.708.GDB136_chr3H.fa.318150001..318650000
[OK] 3.723.GDB136_chr3H.fa.324900001..325400000
[OK] 3.757.GDB136_chr3H.fa.340200001..340700000
[OK] 3.691.GDB136_chr3H.fa.310500001..311000000
[OK] 3.715.GDB136_chr3H.fa.321300001..321800000
[OK] 3.725.GDB136_chr3H.fa.325800001..326300000
[OK] 3.743.GDB136_chr3H.fa.333900001..334400000
[OK] 3.731.GDB136_chr3H.fa.328500001..329000000
[OK] 3.716.GDB136_chr3H.fa.321750001..322250000
[OK] 3.722.GDB136_chr3H.fa.324450001..324950000
[OK] 3.738.GDB136_chr3H.fa.331650001..332150000
[OK] 3.710.GDB136_chr3H.fa.319050001..319550000
[OK] 3.714.GDB136_chr3H.fa.320850001..321350000
[OK] 3.700.GDB136_chr3H.fa.314550001..315050000
[OK] 3.734.GDB136_chr3H.fa.329850001..330350000
[OK] 3.760.GDB136_chr3H.fa.341550001..342050000
[OK] 3.762.GDB136_chr3H.fa.342450001..342950000
[OK] 3.711.GDB136_chr3H.fa.319500001..320000000
[OK] 3.741.GDB136_chr3H.fa.333000001..333500000
[OK] 3.712.GDB136_chr3H.fa.319950001..320450000
[OK] 3.720.GDB136_chr3H.fa.323550001..324050000
[OK] 3.759.GDB136_chr3H.fa.341100001..341600000
[OK] 3.758.GDB136_chr3H.fa.340650001..341150000
[OK] 3.755.GDB136_chr3H.fa.339300001..339800000
[OK] 3.733.GDB136_chr3H.fa.329400001..329900000
[OK] 3.736.GDB136_chr3H.fa.330750001..331250000
[OK] 3.707.GDB136_chr3H.fa.317700001..318200000
[OK] 3.744.GDB136_chr3H.fa.334350001..334850000
[OK] 3.718.GDB136_chr3H.fa.322650001..323150000
[OK] 3.724.GDB136_chr3H.fa.325350001..325850000
[OK] 3.749.GDB136_chr3H.fa.336600001..337100000
[OK] 3.730.GDB136_chr3H.fa.328050001..328550000
[OK] 3.726.GDB136_chr3H.fa.326250001..326750000
[OK] 3.729.GDB136_chr3H.fa.327600001..328100000
[OK] 3.753.GDB136_chr3H.fa.338400001..338900000
[OK] 3.719.GDB136_chr3H.fa.323100001..323600000
[OK] 3.742.GDB136_chr3H.fa.333450001..333950000
[OK] 3.771.GDB136_chr3H.fa.346500001..347000000
[OK] 3.756.GDB136_chr3H.fa.339750001..340250000
[OK] 3.728.GDB136_chr3H.fa.327150001..327650000
[OK] 3.767.GDB136_chr3H.fa.344700001..345200000
[OK] 3.766.GDB136_chr3H.fa.344250001..344750000
[OK] 3.761.GDB136_chr3H.fa.342000001..342500000
[OK] 3.770.GDB136_chr3H.fa.346050001..346550000
[OK] 3.735.GDB136_chr3H.fa.330300001..330800000
[OK] 3.768.GDB136_chr3H.fa.345150001..345650000
[OK] 3.732.GDB136_chr3H.fa.328950001..329450000
[OK] 3.765.GDB136_chr3H.fa.343800001..344300000
[OK] 3.745.GDB136_chr3H.fa.334800001..335300000
[OK] 3.769.GDB136_chr3H.fa.345600001..346100000
[OK] 3.740.GDB136_chr3H.fa.332550001..333050000
[OK] 3.747.GDB136_chr3H.fa.335700001..336200000
[OK] 3.721.GDB136_chr3H.fa.324000001..324500000
[OK] 3.785.GDB136_chr3H.fa.352800001..353300000
[OK] 3.782.GDB136_chr3H.fa.351450001..351950000
[OK] 3.780.GDB136_chr3H.fa.350550001..351050000
[OK] 3.737.GDB136_chr3H.fa.331200001..331700000
[OK] 3.750.GDB136_chr3H.fa.337050001..337550000
[OK] 3.763.GDB136_chr3H.fa.342900001..343400000
[OK] 3.746.GDB136_chr3H.fa.335250001..335750000
[OK] 3.752.GDB136_chr3H.fa.337950001..338450000
[OK] 3.779.GDB136_chr3H.fa.350100001..350600000
[OK] 3.772.GDB136_chr3H.fa.346950001..347450000
[OK] 3.764.GDB136_chr3H.fa.343350001..343850000
[OK] 3.789.GDB136_chr3H.fa.354600001..355100000
[OK] 3.727.GDB136_chr3H.fa.326700001..327200000
[OK] 3.748.GDB136_chr3H.fa.336150001..336650000
[OK] 3.781.GDB136_chr3H.fa.351000001..351500000
[OK] 3.751.GDB136_chr3H.fa.337500001..338000000
[OK] 3.775.GDB136_chr3H.fa.348300001..348800000
[OK] 3.784.GDB136_chr3H.fa.352350001..352850000
[OK] 3.754.GDB136_chr3H.fa.338850001..339350000
[OK] 3.776.GDB136_chr3H.fa.348750001..349250000
[OK] 3.786.GDB136_chr3H.fa.353250001..353750000
[OK] 3.788.GDB136_chr3H.fa.354150001..354650000
[OK] 3.787.GDB136_chr3H.fa.353700001..354200000
[OK] 3.783.GDB136_chr3H.fa.351900001..352400000
[OK] 3.774.GDB136_chr3H.fa.347850001..348350000
[OK] 3.791.GDB136_chr3H.fa.355500001..356000000
[OK] 3.778.GDB136_chr3H.fa.349650001..350150000
[OK] 3.773.GDB136_chr3H.fa.347400001..347900000
[OK] 3.798.GDB136_chr3H.fa.358650001..359150000
[OK] 3.799.GDB136_chr3H.fa.359100001..359600000
[OK] 3.777.GDB136_chr3H.fa.349200001..349700000
[OK] 3.739.GDB136_chr3H.fa.332100001..332600000
[OK] 3.790.GDB136_chr3H.fa.355050001..355550000
[OK] 3.802.GDB136_chr3H.fa.360450001..360950000
[OK] 3.801.GDB136_chr3H.fa.360000001..360500000
[OK] 3.792.GDB136_chr3H.fa.355950001..356450000
[OK] 3.796.GDB136_chr3H.fa.357750001..358250000
[OK] 3.793.GDB136_chr3H.fa.356400001..356900000
[OK] 3.805.GDB136_chr3H.fa.361800001..362300000
[OK] 3.795.GDB136_chr3H.fa.357300001..357800000
[OK] 3.807.GDB136_chr3H.fa.362700001..363200000
[OK] 3.808.GDB136_chr3H.fa.363150001..363650000
[OK] 3.800.GDB136_chr3H.fa.359550001..360050000
[OK] 3.797.GDB136_chr3H.fa.358200001..358700000
[OK] 3.809.GDB136_chr3H.fa.363600001..364100000
[OK] 3.815.GDB136_chr3H.fa.366300001..366800000
[OK] 3.817.GDB136_chr3H.fa.367200001..367700000
[OK] 3.819.GDB136_chr3H.fa.368100001..368600000
[OK] 3.816.GDB136_chr3H.fa.366750001..367250000
[OK] 3.804.GDB136_chr3H.fa.361350001..361850000
[OK] 3.836.GDB136_chr3H.fa.375750001..376250000
[OK] 3.794.GDB136_chr3H.fa.356850001..357350000
[OK] 3.823.GDB136_chr3H.fa.369900001..370400000
[OK] 3.824.GDB136_chr3H.fa.370350001..370850000
[OK] 3.818.GDB136_chr3H.fa.367650001..368150000
[OK] 3.814.GDB136_chr3H.fa.365850001..366350000
[OK] 3.820.GDB136_chr3H.fa.368550001..369050000
[OK] 3.812.GDB136_chr3H.fa.364950001..365450000
[OK] 3.827.GDB136_chr3H.fa.371700001..372200000
[OK] 3.822.GDB136_chr3H.fa.369450001..369950000
[OK] 3.810.GDB136_chr3H.fa.364050001..364550000
[OK] 3.860.GDB136_chr3H.fa.386550001..387050000
[OK] 3.835.GDB136_chr3H.fa.375300001..375800000
[OK] 3.837.GDB136_chr3H.fa.376200001..376700000
[OK] 3.840.GDB136_chr3H.fa.377550001..378050000
[OK] 3.834.GDB136_chr3H.fa.374850001..375350000
[OK] 3.803.GDB136_chr3H.fa.360900001..361400000
[OK] 3.811.GDB136_chr3H.fa.364500001..365000000
[OK] 3.833.GDB136_chr3H.fa.374400001..374900000
[OK] 3.862.GDB136_chr3H.fa.387450001..387950000
[OK] 3.826.GDB136_chr3H.fa.371250001..371750000
[OK] 3.861.GDB136_chr3H.fa.387000001..387500000
[OK] 3.825.GDB136_chr3H.fa.370800001..371300000
[OK] 3.856.GDB136_chr3H.fa.384750001..385250000
[OK] 3.821.GDB136_chr3H.fa.369000001..369500000
[OK] 3.830.GDB136_chr3H.fa.373050001..373550000
[OK] 3.845.GDB136_chr3H.fa.379800001..380300000
[OK] 3.849.GDB136_chr3H.fa.381600001..382100000
[OK] 3.844.GDB136_chr3H.fa.379350001..379850000
[OK] 3.864.GDB136_chr3H.fa.388350001..388850000
[OK] 3.859.GDB136_chr3H.fa.386100001..386600000
[OK] 3.848.GDB136_chr3H.fa.381150001..381650000
[OK] 3.838.GDB136_chr3H.fa.376650001..377150000
[OK] 3.870.GDB136_chr3H.fa.391050001..391550000
[OK] 3.806.GDB136_chr3H.fa.362250001..362750000
[OK] 3.851.GDB136_chr3H.fa.382500001..383000000
[OK] 3.843.GDB136_chr3H.fa.378900001..379400000
[OK] 3.847.GDB136_chr3H.fa.380700001..381200000
[OK] 3.831.GDB136_chr3H.fa.373500001..374000000
[OK] 3.854.GDB136_chr3H.fa.383850001..384350000
[OK] 3.842.GDB136_chr3H.fa.378450001..378950000
[OK] 3.832.GDB136_chr3H.fa.373950001..374450000
[OK] 3.828.GDB136_chr3H.fa.372150001..372650000
[OK] 3.876.GDB136_chr3H.fa.393750001..394250000
[OK] 3.879.GDB136_chr3H.fa.395100001..395600000
[OK] 3.813.GDB136_chr3H.fa.365400001..365900000
[OK] 3.867.GDB136_chr3H.fa.389700001..390200000
[OK] 3.852.GDB136_chr3H.fa.382950001..383450000
[OK] 3.841.GDB136_chr3H.fa.378000001..378500000
[OK] 3.855.GDB136_chr3H.fa.384300001..384800000
[OK] 3.872.GDB136_chr3H.fa.391950001..392450000
[OK] 3.839.GDB136_chr3H.fa.377100001..377600000
[OK] 3.846.GDB136_chr3H.fa.380250001..380750000
[OK] 3.875.GDB136_chr3H.fa.393300001..393800000
[OK] 3.868.GDB136_chr3H.fa.390150001..390650000
[OK] 3.873.GDB136_chr3H.fa.392400001..392900000
[OK] 3.866.GDB136_chr3H.fa.389250001..389750000
[OK] 3.880.GDB136_chr3H.fa.395550001..396050000
[OK] 3.857.GDB136_chr3H.fa.385200001..385700000
[OK] 3.829.GDB136_chr3H.fa.372600001..373100000
[OK] 3.878.GDB136_chr3H.fa.394650001..395150000
[OK] 3.853.GDB136_chr3H.fa.383400001..383900000
[OK] 3.858.GDB136_chr3H.fa.385650001..386150000
[OK] 3.886.GDB136_chr3H.fa.398250001..398750000
[OK] 3.850.GDB136_chr3H.fa.382050001..382550000
[OK] 3.887.GDB136_chr3H.fa.398700001..399200000
[OK] 3.871.GDB136_chr3H.fa.391500001..392000000
[OK] 3.882.GDB136_chr3H.fa.396450001..396950000
[OK] 3.869.GDB136_chr3H.fa.390600001..391100000
[OK] 3.863.GDB136_chr3H.fa.387900001..388400000
[OK] 3.893.GDB136_chr3H.fa.401400001..401900000
[OK] 3.884.GDB136_chr3H.fa.397350001..397850000
[OK] 3.883.GDB136_chr3H.fa.396900001..397400000
[OK] 3.889.GDB136_chr3H.fa.399600001..400100000
[OK] 3.885.GDB136_chr3H.fa.397800001..398300000
[OK] 3.881.GDB136_chr3H.fa.396000001..396500000
[OK] 3.903.GDB136_chr3H.fa.405900001..406400000
[OK] 3.877.GDB136_chr3H.fa.394200001..394700000
[OK] 3.874.GDB136_chr3H.fa.392850001..393350000
[OK] 3.890.GDB136_chr3H.fa.400050001..400550000
[OK] 3.892.GDB136_chr3H.fa.400950001..401450000
[OK] 3.865.GDB136_chr3H.fa.388800001..389300000
[OK] 3.891.GDB136_chr3H.fa.400500001..401000000
[OK] 3.909.GDB136_chr3H.fa.408600001..409100000
[OK] 3.914.GDB136_chr3H.fa.410850001..411350000
[OK] 3.926.GDB136_chr3H.fa.416250001..416750000
[OK] 3.918.GDB136_chr3H.fa.412650001..413150000
[OK] 3.896.GDB136_chr3H.fa.402750001..403250000
[OK] 3.937.GDB136_chr3H.fa.421200001..421700000
[OK] 3.894.GDB136_chr3H.fa.401850001..402350000
[OK] 3.897.GDB136_chr3H.fa.403200001..403700000
[OK] 3.888.GDB136_chr3H.fa.399150001..399650000
[OK] 3.901.GDB136_chr3H.fa.405000001..405500000
[OK] 3.919.GDB136_chr3H.fa.413100001..413600000
[OK] 3.905.GDB136_chr3H.fa.406800001..407300000
[OK] 3.920.GDB136_chr3H.fa.413550001..414050000
[OK] 3.902.GDB136_chr3H.fa.405450001..405950000
[OK] 3.951.GDB136_chr3H.fa.427500001..428000000
[OK] 3.928.GDB136_chr3H.fa.417150001..417650000
[OK] 3.924.GDB136_chr3H.fa.415350001..415850000
[OK] 3.946.GDB136_chr3H.fa.425250001..425750000
[OK] 3.904.GDB136_chr3H.fa.406350001..406850000
[OK] 3.922.GDB136_chr3H.fa.414450001..414950000
[OK] 3.930.GDB136_chr3H.fa.418050001..418550000
[OK] 3.916.GDB136_chr3H.fa.411750001..412250000
[OK] 3.915.GDB136_chr3H.fa.411300001..411800000
[OK] 3.921.GDB136_chr3H.fa.414000001..414500000
[OK] 3.908.GDB136_chr3H.fa.408150001..408650000
[OK] 3.945.GDB136_chr3H.fa.424800001..425300000
[OK] 3.927.GDB136_chr3H.fa.416700001..417200000
[OK] 3.906.GDB136_chr3H.fa.407250001..407750000
[OK] 3.913.GDB136_chr3H.fa.410400001..410900000
[OK] 3.960.GDB136_chr3H.fa.431550001..432050000
[OK] 3.935.GDB136_chr3H.fa.420300001..420800000
[OK] 3.923.GDB136_chr3H.fa.414900001..415400000
[OK] 3.940.GDB136_chr3H.fa.422550001..423050000
[OK] 3.934.GDB136_chr3H.fa.419850001..420350000
[OK] 3.938.GDB136_chr3H.fa.421650001..422150000
[OK] 3.941.GDB136_chr3H.fa.423000001..423500000
[OK] 3.933.GDB136_chr3H.fa.419400001..419900000
[OK] 3.911.GDB136_chr3H.fa.409500001..410000000
[OK] 3.912.GDB136_chr3H.fa.409950001..410450000
[OK] 3.953.GDB136_chr3H.fa.428400001..428900000
[OK] 3.907.GDB136_chr3H.fa.407700001..408200000
[OK] 3.956.GDB136_chr3H.fa.429750001..430250000
[OK] 3.895.GDB136_chr3H.fa.402300001..402800000
[OK] 3.949.GDB136_chr3H.fa.426600001..427100000
[OK] 3.910.GDB136_chr3H.fa.409050001..409550000
[OK] 3.948.GDB136_chr3H.fa.426150001..426650000
[OK] 3.900.GDB136_chr3H.fa.404550001..405050000
[OK] 3.943.GDB136_chr3H.fa.423900001..424400000
[OK] 3.925.GDB136_chr3H.fa.415800001..416300000
[OK] 3.954.GDB136_chr3H.fa.428850001..429350000
[OK] 3.939.GDB136_chr3H.fa.422100001..422600000
[OK] 3.899.GDB136_chr3H.fa.404100001..404600000
[OK] 3.936.GDB136_chr3H.fa.420750001..421250000
[OK] 3.947.GDB136_chr3H.fa.425700001..426200000
[OK] 3.966.GDB136_chr3H.fa.434250001..434750000
[OK] 3.958.GDB136_chr3H.fa.430650001..431150000
[OK] 3.898.GDB136_chr3H.fa.403650001..404150000
[OK] 3.965.GDB136_chr3H.fa.433800001..434300000
[OK] 3.944.GDB136_chr3H.fa.424350001..424850000
[OK] 3.942.GDB136_chr3H.fa.423450001..423950000
[OK] 3.917.GDB136_chr3H.fa.412200001..412700000
[OK] 3.974.GDB136_chr3H.fa.437850001..438350000
[OK] 3.929.GDB136_chr3H.fa.417600001..418100000
[OK] 3.962.GDB136_chr3H.fa.432450001..432950000
[OK] 3.981.GDB136_chr3H.fa.441000001..441500000
[OK] 3.931.GDB136_chr3H.fa.418500001..419000000
[OK] 3.957.GDB136_chr3H.fa.430200001..430700000
[OK] 3.979.GDB136_chr3H.fa.440100001..440600000
[OK] 3.950.GDB136_chr3H.fa.427050001..427550000
[OK] 3.932.GDB136_chr3H.fa.418950001..419450000
[OK] 3.971.GDB136_chr3H.fa.436500001..437000000
[OK] 3.967.GDB136_chr3H.fa.434700001..435200000
[OK] 3.955.GDB136_chr3H.fa.429300001..429800000
[OK] 3.961.GDB136_chr3H.fa.432000001..432500000
[OK] 3.968.GDB136_chr3H.fa.435150001..435650000
[OK] 3.984.GDB136_chr3H.fa.442350001..442850000
[OK] 3.982.GDB136_chr3H.fa.441450001..441950000
[OK] 3.975.GDB136_chr3H.fa.438300001..438800000
[OK] 3.969.GDB136_chr3H.fa.435600001..436100000
[OK] 3.978.GDB136_chr3H.fa.439650001..440150000
[OK] 3.980.GDB136_chr3H.fa.440550001..441050000
[OK] 3.963.GDB136_chr3H.fa.432900001..433400000
[OK] 3.970.GDB136_chr3H.fa.436050001..436550000
[OK] 3.973.GDB136_chr3H.fa.437400001..437900000
[OK] 3.977.GDB136_chr3H.fa.439200001..439700000
[OK] 3.995.GDB136_chr3H.fa.447300001..447800000
[OK] 3.952.GDB136_chr3H.fa.427950001..428450000
[OK] 3.1001.GDB136_chr3H.fa.450000001..450500000
[OK] 3.993.GDB136_chr3H.fa.446400001..446900000
[OK] 3.959.GDB136_chr3H.fa.431100001..431600000
[OK] 3.989.GDB136_chr3H.fa.444600001..445100000
[OK] 3.976.GDB136_chr3H.fa.438750001..439250000
[OK] 3.1020.GDB136_chr3H.fa.458550001..459050000
[OK] 3.1017.GDB136_chr3H.fa.457200001..457700000
[OK] 3.1019.GDB136_chr3H.fa.458100001..458600000
[OK] 3.987.GDB136_chr3H.fa.443700001..444200000
[OK] 3.983.GDB136_chr3H.fa.441900001..442400000
[OK] 3.994.GDB136_chr3H.fa.446850001..447350000
[OK] 3.988.GDB136_chr3H.fa.444150001..444650000
[OK] 3.1006.GDB136_chr3H.fa.452250001..452750000
[OK] 3.991.GDB136_chr3H.fa.445500001..446000000
[OK] 3.1033.GDB136_chr3H.fa.464400001..464900000
[OK] 3.972.GDB136_chr3H.fa.436950001..437450000
[OK] 3.1032.GDB136_chr3H.fa.463950001..464450000
[OK] 3.1013.GDB136_chr3H.fa.455400001..455900000
[OK] 3.997.GDB136_chr3H.fa.448200001..448700000
[OK] 3.1007.GDB136_chr3H.fa.452700001..453200000
[OK] 3.1008.GDB136_chr3H.fa.453150001..453650000
[OK] 3.990.GDB136_chr3H.fa.445050001..445550000
[OK] 3.1036.GDB136_chr3H.fa.465750001..466250000
[OK] 3.964.GDB136_chr3H.fa.433350001..433850000
[OK] 3.996.GDB136_chr3H.fa.447750001..448250000
[OK] 3.1000.GDB136_chr3H.fa.449550001..450050000
[OK] 3.992.GDB136_chr3H.fa.445950001..446450000
[OK] 3.1009.GDB136_chr3H.fa.453600001..454100000
[OK] 3.986.GDB136_chr3H.fa.443250001..443750000
[OK] 3.1021.GDB136_chr3H.fa.459000001..459500000
[OK] 3.1022.GDB136_chr3H.fa.459450001..459950000
[OK] 3.1002.GDB136_chr3H.fa.450450001..450950000
[OK] 3.1010.GDB136_chr3H.fa.454050001..454550000
[OK] 3.1035.GDB136_chr3H.fa.465300001..465800000
[OK] 3.1016.GDB136_chr3H.fa.456750001..457250000
[OK] 3.1005.GDB136_chr3H.fa.451800001..452300000
[OK] 3.1029.GDB136_chr3H.fa.462600001..463100000
[OK] 3.985.GDB136_chr3H.fa.442800001..443300000
[OK] 3.1040.GDB136_chr3H.fa.467550001..468050000
[OK] 3.1050.GDB136_chr3H.fa.472050001..472550000
[OK] 3.998.GDB136_chr3H.fa.448650001..449150000
[OK] 3.1027.GDB136_chr3H.fa.461700001..462200000
[OK] 3.1041.GDB136_chr3H.fa.468000001..468500000
[OK] 3.1037.GDB136_chr3H.fa.466200001..466700000
[OK] 3.1004.GDB136_chr3H.fa.451350001..451850000
[OK] 3.1018.GDB136_chr3H.fa.457650001..458150000
[OK] 3.1025.GDB136_chr3H.fa.460800001..461300000
[OK] 3.1034.GDB136_chr3H.fa.464850001..465350000
[OK] 3.1038.GDB136_chr3H.fa.466650001..467150000
[OK] 3.999.GDB136_chr3H.fa.449100001..449600000
[OK] 3.1030.GDB136_chr3H.fa.463050001..463550000
[OK] 3.1049.GDB136_chr3H.fa.471600001..472100000
[OK] 3.1011.GDB136_chr3H.fa.454500001..455000000
[OK] 3.1051.GDB136_chr3H.fa.472500001..473000000
[OK] 3.1042.GDB136_chr3H.fa.468450001..468950000
[OK] 3.1026.GDB136_chr3H.fa.461250001..461750000
[OK] 3.1039.GDB136_chr3H.fa.467100001..467600000
[OK] 3.1048.GDB136_chr3H.fa.471150001..471650000
[OK] 3.1045.GDB136_chr3H.fa.469800001..470300000
[OK] 3.1014.GDB136_chr3H.fa.455850001..456350000
[OK] 3.1023.GDB136_chr3H.fa.459900001..460400000
[OK] 3.1052.GDB136_chr3H.fa.472950001..473450000
[OK] 3.1056.GDB136_chr3H.fa.474750001..475250000
[OK] 3.1031.GDB136_chr3H.fa.463500001..464000000
[OK] 3.1003.GDB136_chr3H.fa.450900001..451400000
[OK] 3.1024.GDB136_chr3H.fa.460350001..460850000
[OK] 3.1064.GDB136_chr3H.fa.478350001..478850000
[OK] 3.1047.GDB136_chr3H.fa.470700001..471200000
[OK] 3.1028.GDB136_chr3H.fa.462150001..462650000
[OK] 3.1062.GDB136_chr3H.fa.477450001..477950000
[OK] 3.1043.GDB136_chr3H.fa.468900001..469400000
[OK] 3.1065.GDB136_chr3H.fa.478800001..479300000
[OK] 3.1053.GDB136_chr3H.fa.473400001..473900000
[OK] 3.1015.GDB136_chr3H.fa.456300001..456800000
[OK] 3.1071.GDB136_chr3H.fa.481500001..482000000
[OK] 3.1057.GDB136_chr3H.fa.475200001..475700000
[OK] 3.1046.GDB136_chr3H.fa.470250001..470750000
[OK] 3.1058.GDB136_chr3H.fa.475650001..476150000
[OK] 3.1063.GDB136_chr3H.fa.477900001..478400000
[OK] 3.1060.GDB136_chr3H.fa.476550001..477050000
[OK] 3.1054.GDB136_chr3H.fa.473850001..474350000
[OK] 3.1055.GDB136_chr3H.fa.474300001..474800000
[OK] 3.1061.GDB136_chr3H.fa.477000001..477500000
[OK] 3.1059.GDB136_chr3H.fa.476100001..476600000
[OK] 3.1068.GDB136_chr3H.fa.480150001..480650000
[OK] 3.1096.GDB136_chr3H.fa.492750001..493250000
[OK] 3.1066.GDB136_chr3H.fa.479250001..479750000
[OK] 3.1012.GDB136_chr3H.fa.454950001..455450000
[OK] 3.1044.GDB136_chr3H.fa.469350001..469850000
[OK] 3.1074.GDB136_chr3H.fa.482850001..483350000
[OK] 3.1089.GDB136_chr3H.fa.489600001..490100000
[OK] 3.1069.GDB136_chr3H.fa.480600001..481100000
[OK] 3.1075.GDB136_chr3H.fa.483300001..483800000
[OK] 3.1072.GDB136_chr3H.fa.481950001..482450000
[OK] 3.1067.GDB136_chr3H.fa.479700001..480200000
[OK] 3.1079.GDB136_chr3H.fa.485100001..485600000
[OK] 3.1081.GDB136_chr3H.fa.486000001..486500000
[OK] 3.1111.GDB136_chr3H.fa.499500001..500000000
[OK] 3.1087.GDB136_chr3H.fa.488700001..489200000
[OK] 3.1082.GDB136_chr3H.fa.486450001..486950000
[OK] 3.1070.GDB136_chr3H.fa.481050001..481550000
[OK] 3.1095.GDB136_chr3H.fa.492300001..492800000
[OK] 3.1085.GDB136_chr3H.fa.487800001..488300000
[OK] 3.1102.GDB136_chr3H.fa.495450001..495950000
[OK] 3.1083.GDB136_chr3H.fa.486900001..487400000
[OK] 3.1078.GDB136_chr3H.fa.484650001..485150000
[OK] 3.1105.GDB136_chr3H.fa.496800001..497300000
[OK] 3.1125.GDB136_chr3H.fa.505800001..506300000
[OK] 3.1076.GDB136_chr3H.fa.483750001..484250000
[OK] 3.1097.GDB136_chr3H.fa.493200001..493700000
[OK] 3.1080.GDB136_chr3H.fa.485550001..486050000
[OK] 3.1122.GDB136_chr3H.fa.504450001..504950000
[OK] 3.1084.GDB136_chr3H.fa.487350001..487850000
[OK] 3.1088.GDB136_chr3H.fa.489150001..489650000
[OK] 3.1086.GDB136_chr3H.fa.488250001..488750000
[OK] 3.1098.GDB136_chr3H.fa.493650001..494150000
[OK] 3.1077.GDB136_chr3H.fa.484200001..484700000
[OK] 3.1113.GDB136_chr3H.fa.500400001..500900000
[OK] 3.1091.GDB136_chr3H.fa.490500001..491000000
[OK] 3.1090.GDB136_chr3H.fa.490050001..490550000
[OK] 3.1112.GDB136_chr3H.fa.499950001..500450000
[OK] 3.1119.GDB136_chr3H.fa.503100001..503600000
[OK] 3.1120.GDB136_chr3H.fa.503550001..504050000
[OK] 3.1104.GDB136_chr3H.fa.496350001..496850000
[OK] 3.1107.GDB136_chr3H.fa.497700001..498200000
[OK] 3.1073.GDB136_chr3H.fa.482400001..482900000
[OK] 3.1092.GDB136_chr3H.fa.490950001..491450000
[OK] 3.1094.GDB136_chr3H.fa.491850001..492350000
[OK] 3.1124.GDB136_chr3H.fa.505350001..505850000
[OK] 3.1109.GDB136_chr3H.fa.498600001..499100000
[OK] 3.1115.GDB136_chr3H.fa.501300001..501800000
[OK] 3.1108.GDB136_chr3H.fa.498150001..498650000
[OK] 3.1142.GDB136_chr3H.fa.513450001..513950000
[OK] 3.1129.GDB136_chr3H.fa.507600001..508100000
[OK] 3.1123.GDB136_chr3H.fa.504900001..505400000
[OK] 3.1101.GDB136_chr3H.fa.495000001..495500000
[OK] 3.1100.GDB136_chr3H.fa.494550001..495050000
[OK] 3.1138.GDB136_chr3H.fa.511650001..512150000
[OK] 3.1127.GDB136_chr3H.fa.506700001..507200000
[OK] 3.1114.GDB136_chr3H.fa.500850001..501350000
[OK] 3.1103.GDB136_chr3H.fa.495900001..496400000
[OK] 3.1110.GDB136_chr3H.fa.499050001..499550000
[OK] 3.1099.GDB136_chr3H.fa.494100001..494600000
[OK] 3.1130.GDB136_chr3H.fa.508050001..508550000
[OK] 3.1132.GDB136_chr3H.fa.508950001..509450000
[OK] 3.1133.GDB136_chr3H.fa.509400001..509900000
[OK] 3.1136.GDB136_chr3H.fa.510750001..511250000
[OK] 3.1145.GDB136_chr3H.fa.514800001..515300000
[OK] 3.1148.GDB136_chr3H.fa.516150001..516650000
[OK] 3.1126.GDB136_chr3H.fa.506250001..506750000
[OK] 3.1128.GDB136_chr3H.fa.507150001..507650000
[OK] 3.1106.GDB136_chr3H.fa.497250001..497750000
[OK] 3.1141.GDB136_chr3H.fa.513000001..513500000
[OK] 3.1131.GDB136_chr3H.fa.508500001..509000000
[OK] 3.1093.GDB136_chr3H.fa.491400001..491900000
[OK] 3.1117.GDB136_chr3H.fa.502200001..502700000
[OK] 3.1137.GDB136_chr3H.fa.511200001..511700000
[OK] 3.1121.GDB136_chr3H.fa.504000001..504500000
[OK] 3.1158.GDB136_chr3H.fa.520650001..521150000
[OK] 3.1134.GDB136_chr3H.fa.509850001..510350000
[OK] 3.1152.GDB136_chr3H.fa.517950001..518450000
[OK] 3.1135.GDB136_chr3H.fa.510300001..510800000
[OK] 3.1144.GDB136_chr3H.fa.514350001..514850000
[OK] 3.1149.GDB136_chr3H.fa.516600001..517100000
[OK] 3.1168.GDB136_chr3H.fa.525150001..525650000
[OK] 3.1154.GDB136_chr3H.fa.518850001..519350000
[OK] 3.1146.GDB136_chr3H.fa.515250001..515750000
[OK] 3.1139.GDB136_chr3H.fa.512100001..512600000
[OK] 3.1167.GDB136_chr3H.fa.524700001..525200000
[OK] 3.1118.GDB136_chr3H.fa.502650001..503150000
[OK] 3.1143.GDB136_chr3H.fa.513900001..514400000
[OK] 3.1151.GDB136_chr3H.fa.517500001..518000000
[OK] 3.1161.GDB136_chr3H.fa.522000001..522500000
[OK] 3.1166.GDB136_chr3H.fa.524250001..524750000
[OK] 3.1162.GDB136_chr3H.fa.522450001..522950000
[OK] 3.1153.GDB136_chr3H.fa.518400001..518900000
[OK] 3.1157.GDB136_chr3H.fa.520200001..520700000
[OK] 3.1156.GDB136_chr3H.fa.519750001..520250000
[OK] 3.1172.GDB136_chr3H.fa.526950001..527450000
[OK] 3.1160.GDB136_chr3H.fa.521550001..522050000
[OK] 3.1163.GDB136_chr3H.fa.522900001..523400000
[OK] 3.1140.GDB136_chr3H.fa.512550001..513050000
[OK] 3.1187.GDB136_chr3H.fa.533700001..534200000
[OK] 3.1164.GDB136_chr3H.fa.523350001..523850000
[OK] 3.1175.GDB136_chr3H.fa.528300001..528800000
[OK] 3.1159.GDB136_chr3H.fa.521100001..521600000
[OK] 3.1165.GDB136_chr3H.fa.523800001..524300000
[OK] 3.1173.GDB136_chr3H.fa.527400001..527900000
[OK] 3.1147.GDB136_chr3H.fa.515700001..516200000
[OK] 3.1116.GDB136_chr3H.fa.501750001..502250000
[OK] 3.1193.GDB136_chr3H.fa.536400001..536900000
[OK] 3.1180.GDB136_chr3H.fa.530550001..531050000
[OK] 3.1169.GDB136_chr3H.fa.525600001..526100000
[OK] 3.1155.GDB136_chr3H.fa.519300001..519800000
[OK] 3.1179.GDB136_chr3H.fa.530100001..530600000
[OK] 3.1194.GDB136_chr3H.fa.536850001..537350000
[OK] 3.1192.GDB136_chr3H.fa.535950001..536450000
[OK] 3.1205.GDB136_chr3H.fa.541800001..542300000
[OK] 3.1186.GDB136_chr3H.fa.533250001..533750000
[OK] 3.1203.GDB136_chr3H.fa.540900001..541400000
[OK] 3.1202.GDB136_chr3H.fa.540450001..540950000
[OK] 3.1201.GDB136_chr3H.fa.540000001..540500000
[OK] 3.1211.GDB136_chr3H.fa.544500001..545000000
[OK] 3.1184.GDB136_chr3H.fa.532350001..532850000
[OK] 3.1214.GDB136_chr3H.fa.545850001..546350000
[OK] 3.1150.GDB136_chr3H.fa.517050001..517550000
[OK] 3.1204.GDB136_chr3H.fa.541350001..541850000
[OK] 3.1176.GDB136_chr3H.fa.528750001..529250000
[OK] 3.1174.GDB136_chr3H.fa.527850001..528350000
[OK] 3.1188.GDB136_chr3H.fa.534150001..534650000
[OK] 3.1195.GDB136_chr3H.fa.537300001..537800000
[OK] 3.1196.GDB136_chr3H.fa.537750001..538250000
[OK] 3.1210.GDB136_chr3H.fa.544050001..544550000
[OK] 3.1212.GDB136_chr3H.fa.544950001..545450000
[OK] 3.1189.GDB136_chr3H.fa.534600001..535100000
[OK] 3.1199.GDB136_chr3H.fa.539100001..539600000
[OK] 3.1207.GDB136_chr3H.fa.542700001..543200000
[OK] 3.1185.GDB136_chr3H.fa.532800001..533300000
[OK] 3.1171.GDB136_chr3H.fa.526500001..527000000
[OK] 3.1218.GDB136_chr3H.fa.547650001..548150000
[OK] 3.1213.GDB136_chr3H.fa.545400001..545900000
[OK] 3.1209.GDB136_chr3H.fa.543600001..544100000
[OK] 3.1229.GDB136_chr3H.fa.552600001..553100000
[OK] 3.1183.GDB136_chr3H.fa.531900001..532400000
[OK] 3.1170.GDB136_chr3H.fa.526050001..526550000
[OK] 3.1190.GDB136_chr3H.fa.535050001..535550000
[OK] 3.1224.GDB136_chr3H.fa.550350001..550850000
[OK] 3.1208.GDB136_chr3H.fa.543150001..543650000
[OK] 3.1191.GDB136_chr3H.fa.535500001..536000000
[OK] 3.1225.GDB136_chr3H.fa.550800001..551300000
[OK] 3.1198.GDB136_chr3H.fa.538650001..539150000
[OK] 3.1177.GDB136_chr3H.fa.529200001..529700000
[OK] 3.1220.GDB136_chr3H.fa.548550001..549050000
[OK] 3.1215.GDB136_chr3H.fa.546300001..546800000
[OK] 3.1178.GDB136_chr3H.fa.529650001..530150000
[OK] 3.1197.GDB136_chr3H.fa.538200001..538700000
[OK] 3.1206.GDB136_chr3H.fa.542250001..542750000
[OK] 3.1216.GDB136_chr3H.fa.546750001..547250000
[OK] 3.1233.GDB136_chr3H.fa.554400001..554900000
[OK] 3.1219.GDB136_chr3H.fa.548100001..548600000
[OK] 3.1251.GDB136_chr3H.fa.562500001..563000000
[OK] 3.1227.GDB136_chr3H.fa.551700001..552200000
[OK] 3.1181.GDB136_chr3H.fa.531000001..531500000
[OK] 3.1200.GDB136_chr3H.fa.539550001..540050000
[OK] 3.1234.GDB136_chr3H.fa.554850001..555350000
[OK] 3.1221.GDB136_chr3H.fa.549000001..549500000
[OK] 3.1245.GDB136_chr3H.fa.559800001..560300000
[OK] 3.1230.GDB136_chr3H.fa.553050001..553550000
[OK] 3.1222.GDB136_chr3H.fa.549450001..549950000
[OK] 3.1246.GDB136_chr3H.fa.560250001..560750000
[OK] 3.1228.GDB136_chr3H.fa.552150001..552650000
[OK] 3.1182.GDB136_chr3H.fa.531450001..531950000
[OK] 3.1242.GDB136_chr3H.fa.558450001..558950000
[OK] 3.1237.GDB136_chr3H.fa.556200001..556700000
[OK] 3.1248.GDB136_chr3H.fa.561150001..561650000
[OK] 3.1254.GDB136_chr3H.fa.563850001..564350000
[OK] 3.1217.GDB136_chr3H.fa.547200001..547700000
[OK] 3.1252.GDB136_chr3H.fa.562950001..563450000
[OK] 3.1243.GDB136_chr3H.fa.558900001..559400000
[OK] 3.1238.GDB136_chr3H.fa.556650001..557150000
[OK] 3.1247.GDB136_chr3H.fa.560700001..561200000
[OK] 3.1232.GDB136_chr3H.fa.553950001..554450000
[OK] 3.1235.GDB136_chr3H.fa.555300001..555800000
[OK] 3.1267.GDB136_chr3H.fa.569700001..570200000
[OK] 3.1236.GDB136_chr3H.fa.555750001..556250000
[OK] 3.1244.GDB136_chr3H.fa.559350001..559850000
[OK] 3.1223.GDB136_chr3H.fa.549900001..550400000
[OK] 3.1249.GDB136_chr3H.fa.561600001..562100000
[OK] 3.1258.GDB136_chr3H.fa.565650001..566150000
[OK] 3.1226.GDB136_chr3H.fa.551250001..551750000
[OK] 3.1241.GDB136_chr3H.fa.558000001..558500000
[OK] 3.1266.GDB136_chr3H.fa.569250001..569750000
[OK] 3.1231.GDB136_chr3H.fa.553500001..554000000
[OK] 3.1253.GDB136_chr3H.fa.563400001..563900000
[OK] 3.1239.GDB136_chr3H.fa.557100001..557600000
[OK] 3.1273.GDB136_chr3H.fa.572400001..572900000
[OK] 3.1240.GDB136_chr3H.fa.557550001..558050000
[OK] 3.1269.GDB136_chr3H.fa.570600001..571100000
[OK] 3.1271.GDB136_chr3H.fa.571500001..572000000
[OK] 3.1278.GDB136_chr3H.fa.574650001..575150000
[OK] 3.1270.GDB136_chr3H.fa.571050001..571550000
[OK] 3.1262.GDB136_chr3H.fa.567450001..567950000
[OK] 3.1264.GDB136_chr3H.fa.568350001..568850000
[OK] 3.1260.GDB136_chr3H.fa.566550001..567050000
[OK] 3.1285.GDB136_chr3H.fa.577800001..578300000
[OK] 3.1280.GDB136_chr3H.fa.575550001..576050000
[OK] 3.1274.GDB136_chr3H.fa.572850001..573350000
[OK] 3.1294.GDB136_chr3H.fa.581850001..582350000
[OK] 3.1265.GDB136_chr3H.fa.568800001..569300000
[OK] 3.1291.GDB136_chr3H.fa.580500001..581000000
[OK] 3.1315.GDB136_chr3H.fa.591300001..591800000
[OK] 3.1287.GDB136_chr3H.fa.578700001..579200000
[OK] 3.1255.GDB136_chr3H.fa.564300001..564800000
[OK] 3.1298.GDB136_chr3H.fa.583650001..584150000
[OK] 3.1272.GDB136_chr3H.fa.571950001..572450000
[OK] 3.1261.GDB136_chr3H.fa.567000001..567500000
[OK] 3.1250.GDB136_chr3H.fa.562050001..562550000
[OK] 3.1299.GDB136_chr3H.fa.584100001..584600000
[OK] 3.1303.GDB136_chr3H.fa.585900001..586400000
[OK] 3.1284.GDB136_chr3H.fa.577350001..577850000
[OK] 3.1282.GDB136_chr3H.fa.576450001..576950000
[OK] 3.1259.GDB136_chr3H.fa.566100001..566600000
[OK] 3.1283.GDB136_chr3H.fa.576900001..577400000
[OK] 3.1293.GDB136_chr3H.fa.581400001..581900000
[OK] 3.1281.GDB136_chr3H.fa.576000001..576500000
[OK] 3.1297.GDB136_chr3H.fa.583200001..583700000
[OK] 3.1296.GDB136_chr3H.fa.582750001..583250000
[OK] 3.1301.GDB136_chr3H.fa.585000001..585500000
[OK] 3.1256.GDB136_chr3H.fa.564750001..565250000
[OK] 3.1289.GDB136_chr3H.fa.579600001..580100000
[OK] 3.1279.GDB136_chr3H.fa.575100001..575600000
[OK] 3.1268.GDB136_chr3H.fa.570150001..570650000
[OK] 3.1316.GDB136_chr3H.fa.591750001..592250000
[OK] 3.1257.GDB136_chr3H.fa.565200001..565700000
[OK] 3.1313.GDB136_chr3H.fa.590400001..590900000
[OK] 3.1311.GDB136_chr3H.fa.589500001..590000000
[OK] 3.1321.GDB136_chr3H.fa.594000001..594500000
[OK] 3.1290.GDB136_chr3H.fa.580050001..580550000
[OK] 3.1324.GDB136_chr3H.fa.595350001..595850000
[OK] 3.1347.GDB136_chr3H.fa.605700001..606200000
[OK] 3.1306.GDB136_chr3H.fa.587250001..587750000
[OK] 3.1292.GDB136_chr3H.fa.580950001..581450000
[OK] 3.1286.GDB136_chr3H.fa.578250001..578750000
[OK] 3.1277.GDB136_chr3H.fa.574200001..574700000
[OK] 3.1263.GDB136_chr3H.fa.567900001..568400000
[OK] 3.1310.GDB136_chr3H.fa.589050001..589550000
[OK] 3.1322.GDB136_chr3H.fa.594450001..594950000
[OK] 3.1330.GDB136_chr3H.fa.598050001..598550000
[OK] 3.1333.GDB136_chr3H.fa.599400001..599900000
[OK] 3.1325.GDB136_chr3H.fa.595800001..596300000
[OK] 3.1314.GDB136_chr3H.fa.590850001..591350000
[OK] 3.1345.GDB136_chr3H.fa.604800001..605300000
[OK] 3.1304.GDB136_chr3H.fa.586350001..586850000
[OK] 3.1334.GDB136_chr3H.fa.599850001..600350000
[OK] 3.1332.GDB136_chr3H.fa.598950001..599450000
[OK] 3.1307.GDB136_chr3H.fa.587700001..588200000
[OK] 3.1348.GDB136_chr3H.fa.606150001..606650000
[OK] 3.1305.GDB136_chr3H.fa.586800001..587300000
[OK] 3.1309.GDB136_chr3H.fa.588600001..589100000
[OK] 3.1320.GDB136_chr3H.fa.593550001..594050000
[OK] 3.1331.GDB136_chr3H.fa.598500001..599000000
[OK] 3.1275.GDB136_chr3H.fa.573300001..573800000
[OK] 3.1329.GDB136_chr3H.fa.597600001..598100000
[OK] 3.1308.GDB136_chr3H.fa.588150001..588650000
[OK] 3.1323.GDB136_chr3H.fa.594900001..595400000
[OK] 3.1319.GDB136_chr3H.fa.593100001..593600000
[OK] 3.1328.GDB136_chr3H.fa.597150001..597650000
[OK] 3.1343.GDB136_chr3H.fa.603900001..604400000
[OK] 3.1342.GDB136_chr3H.fa.603450001..603950000
[OK] 3.1295.GDB136_chr3H.fa.582300001..582800000
[OK] 3.1327.GDB136_chr3H.fa.596700001..597200000
[OK] 3.1346.GDB136_chr3H.fa.605250001..605750000
[OK] 3.1344.GDB136_chr3H.fa.604350001..604850000
[OK] 3.1336.GDB136_chr3H.fa.600750001..601250000
[OK] 3.1340.GDB136_chr3H.fa.602550001..603050000
[OK] 3.1302.GDB136_chr3H.fa.585450001..585950000
[OK] 3.1358.GDB136_chr3H.fa.610650001..611150000
[OK] 3.1317.GDB136_chr3H.fa.592200001..592700000
[OK] 3.1368.GDB136_chr3H.fa.615150001..615650000
[OK] 3.1339.GDB136_chr3H.fa.602100001..602600000
[OK] 3.1335.GDB136_chr3H.fa.600300001..600800000
[OK] 3.1352.GDB136_chr3H.fa.607950001..608450000
[OK] 3.1276.GDB136_chr3H.fa.573750001..574250000
[OK] 3.1338.GDB136_chr3H.fa.601650001..602150000
[OK] 3.1373.GDB136_chr3H.fa.617400001..617900000
[OK] 3.1288.GDB136_chr3H.fa.579150001..579650000
[OK] 3.1312.GDB136_chr3H.fa.589950001..590450000
[OK] 3.1371.GDB136_chr3H.fa.616500001..617000000
[OK] 3.1363.GDB136_chr3H.fa.612900001..613400000
[OK] 3.1326.GDB136_chr3H.fa.596250001..596750000
[OK] 3.1367.GDB136_chr3H.fa.614700001..615200000
[OK] 3.1361.GDB136_chr3H.fa.612000001..612500000
[OK] 3.1300.GDB136_chr3H.fa.584550001..585050000
[OK] 3.1353.GDB136_chr3H.fa.608400001..608900000
[OK] 4.003.GDB136_chr4H.fa.900001..1400000
[OK] 3.1355.GDB136_chr3H.fa.609300001..609800000
[OK] 4.007.GDB136_chr4H.fa.2700001..3200000
[OK] 3.1357.GDB136_chr3H.fa.610200001..610700000
[OK] 3.1370.GDB136_chr3H.fa.616050001..616550000
[OK] 3.1318.GDB136_chr3H.fa.592650001..593150000
[OK] 3.1349.GDB136_chr3H.fa.606600001..607100000
[OK] 3.1360.GDB136_chr3H.fa.611550001..612050000
[OK] 4.002.GDB136_chr4H.fa.450001..950000
[OK] 4.018.GDB136_chr4H.fa.7650001..8150000
[OK] 3.1377.GDB136_chr3H.fa.619200001..619668828
[OK] 3.1337.GDB136_chr3H.fa.601200001..601700000
[OK] 4.016.GDB136_chr4H.fa.6750001..7250000
[OK] 3.1350.GDB136_chr3H.fa.607050001..607550000
[OK] 3.1374.GDB136_chr3H.fa.617850001..618350000
[OK] 3.1362.GDB136_chr3H.fa.612450001..612950000
[OK] 3.1366.GDB136_chr3H.fa.614250001..614750000
[OK] 4.001.GDB136_chr4H.fa.1..500000
[OK] 4.006.GDB136_chr4H.fa.2250001..2750000
[OK] 4.012.GDB136_chr4H.fa.4950001..5450000
[OK] 4.034.GDB136_chr4H.fa.14850001..15350000
[OK] 4.017.GDB136_chr4H.fa.7200001..7700000
[OK] 3.1356.GDB136_chr3H.fa.609750001..610250000
[OK] 3.1372.GDB136_chr3H.fa.616950001..617450000
[OK] 3.1351.GDB136_chr3H.fa.607500001..608000000
[OK] 3.1375.GDB136_chr3H.fa.618300001..618800000
[OK] 4.008.GDB136_chr4H.fa.3150001..3650000
[OK] 4.010.GDB136_chr4H.fa.4050001..4550000
[OK] 4.015.GDB136_chr4H.fa.6300001..6800000
[OK] 4.026.GDB136_chr4H.fa.11250001..11750000
[OK] 3.1359.GDB136_chr3H.fa.611100001..611600000
[OK] 4.013.GDB136_chr4H.fa.5400001..5900000
[OK] 4.032.GDB136_chr4H.fa.13950001..14450000
[OK] 3.1354.GDB136_chr3H.fa.608850001..609350000
[OK] 3.1369.GDB136_chr3H.fa.615600001..616100000
[OK] 4.027.GDB136_chr4H.fa.11700001..12200000
[OK] 4.009.GDB136_chr4H.fa.3600001..4100000
[OK] 3.1365.GDB136_chr3H.fa.613800001..614300000
[OK] 4.050.GDB136_chr4H.fa.22050001..22550000
[OK] 4.035.GDB136_chr4H.fa.15300001..15800000
[OK] 4.031.GDB136_chr4H.fa.13500001..14000000
[OK] 4.029.GDB136_chr4H.fa.12600001..13100000
[OK] 3.1376.GDB136_chr3H.fa.618750001..619250000
[OK] 4.047.GDB136_chr4H.fa.20700001..21200000
[OK] 4.030.GDB136_chr4H.fa.13050001..13550000
[OK] 4.043.GDB136_chr4H.fa.18900001..19400000
[OK] 4.042.GDB136_chr4H.fa.18450001..18950000
[OK] 4.011.GDB136_chr4H.fa.4500001..5000000
[OK] 4.022.GDB136_chr4H.fa.9450001..9950000
[OK] 4.045.GDB136_chr4H.fa.19800001..20300000
[OK] 4.021.GDB136_chr4H.fa.9000001..9500000
[OK] 3.1341.GDB136_chr3H.fa.603000001..603500000
[OK] 4.028.GDB136_chr4H.fa.12150001..12650000
[OK] 4.036.GDB136_chr4H.fa.15750001..16250000
[OK] 4.020.GDB136_chr4H.fa.8550001..9050000
[OK] 4.033.GDB136_chr4H.fa.14400001..14900000
[OK] 4.037.GDB136_chr4H.fa.16200001..16700000
[OK] 4.067.GDB136_chr4H.fa.29700001..30200000
[OK] 4.025.GDB136_chr4H.fa.10800001..11300000
[OK] 4.071.GDB136_chr4H.fa.31500001..32000000
[OK] 4.057.GDB136_chr4H.fa.25200001..25700000
[OK] 3.1364.GDB136_chr3H.fa.613350001..613850000
[OK] 4.014.GDB136_chr4H.fa.5850001..6350000
[OK] 4.064.GDB136_chr4H.fa.28350001..28850000
[OK] 4.041.GDB136_chr4H.fa.18000001..18500000
[OK] 4.040.GDB136_chr4H.fa.17550001..18050000
[OK] 4.038.GDB136_chr4H.fa.16650001..17150000
[OK] 4.060.GDB136_chr4H.fa.26550001..27050000
[OK] 4.005.GDB136_chr4H.fa.1800001..2300000
[OK] 4.053.GDB136_chr4H.fa.23400001..23900000
[OK] 4.059.GDB136_chr4H.fa.26100001..26600000
[OK] 4.058.GDB136_chr4H.fa.25650001..26150000
[OK] 4.086.GDB136_chr4H.fa.38250001..38750000
[OK] 4.019.GDB136_chr4H.fa.8100001..8600000
[OK] 4.046.GDB136_chr4H.fa.20250001..20750000
[OK] 4.066.GDB136_chr4H.fa.29250001..29750000
[OK] 4.077.GDB136_chr4H.fa.34200001..34700000
[OK] 4.054.GDB136_chr4H.fa.23850001..24350000
[OK] 4.051.GDB136_chr4H.fa.22500001..23000000
[OK] 4.039.GDB136_chr4H.fa.17100001..17600000
[OK] 4.076.GDB136_chr4H.fa.33750001..34250000
[OK] 4.068.GDB136_chr4H.fa.30150001..30650000
[OK] 4.056.GDB136_chr4H.fa.24750001..25250000
[OK] 4.093.GDB136_chr4H.fa.41400001..41900000
[OK] 4.049.GDB136_chr4H.fa.21600001..22100000
[OK] 4.075.GDB136_chr4H.fa.33300001..33800000
[OK] 4.069.GDB136_chr4H.fa.30600001..31100000
[OK] 4.073.GDB136_chr4H.fa.32400001..32900000
[OK] 4.063.GDB136_chr4H.fa.27900001..28400000
[OK] 4.070.GDB136_chr4H.fa.31050001..31550000
[OK] 4.087.GDB136_chr4H.fa.38700001..39200000
[OK] 4.052.GDB136_chr4H.fa.22950001..23450000
[OK] 4.072.GDB136_chr4H.fa.31950001..32450000
[OK] 4.004.GDB136_chr4H.fa.1350001..1850000
[OK] 4.081.GDB136_chr4H.fa.36000001..36500000
[OK] 4.083.GDB136_chr4H.fa.36900001..37400000
[OK] 4.048.GDB136_chr4H.fa.21150001..21650000
[OK] 4.055.GDB136_chr4H.fa.24300001..24800000
[OK] 4.098.GDB136_chr4H.fa.43650001..44150000
[OK] 4.023.GDB136_chr4H.fa.9900001..10400000
[OK] 4.084.GDB136_chr4H.fa.37350001..37850000
[OK] 4.044.GDB136_chr4H.fa.19350001..19850000
[OK] 4.065.GDB136_chr4H.fa.28800001..29300000
[OK] 4.091.GDB136_chr4H.fa.40500001..41000000
[OK] 4.090.GDB136_chr4H.fa.40050001..40550000
[OK] 4.103.GDB136_chr4H.fa.45900001..46400000
[OK] 4.082.GDB136_chr4H.fa.36450001..36950000
[OK] 4.074.GDB136_chr4H.fa.32850001..33350000
[OK] 4.099.GDB136_chr4H.fa.44100001..44600000
[OK] 4.094.GDB136_chr4H.fa.41850001..42350000
[OK] 4.085.GDB136_chr4H.fa.37800001..38300000
[OK] 4.096.GDB136_chr4H.fa.42750001..43250000
[OK] 4.097.GDB136_chr4H.fa.43200001..43700000
[OK] 4.078.GDB136_chr4H.fa.34650001..35150000
[OK] 4.092.GDB136_chr4H.fa.40950001..41450000
[OK] 4.110.GDB136_chr4H.fa.49050001..49550000
[OK] 4.104.GDB136_chr4H.fa.46350001..46850000
[OK] 4.102.GDB136_chr4H.fa.45450001..45950000
[OK] 4.100.GDB136_chr4H.fa.44550001..45050000
[OK] 4.089.GDB136_chr4H.fa.39600001..40100000
[OK] 4.061.GDB136_chr4H.fa.27000001..27500000
[OK] 4.062.GDB136_chr4H.fa.27450001..27950000
[OK] 4.118.GDB136_chr4H.fa.52650001..53150000
[OK] 4.126.GDB136_chr4H.fa.56250001..56750000
[OK] 4.123.GDB136_chr4H.fa.54900001..55400000
[OK] 4.107.GDB136_chr4H.fa.47700001..48200000
[OK] 4.095.GDB136_chr4H.fa.42300001..42800000
[OK] 4.024.GDB136_chr4H.fa.10350001..10850000
[OK] 4.114.GDB136_chr4H.fa.50850001..51350000
[OK] 4.108.GDB136_chr4H.fa.48150001..48650000
[OK] 4.106.GDB136_chr4H.fa.47250001..47750000
[OK] 4.111.GDB136_chr4H.fa.49500001..50000000
[OK] 4.079.GDB136_chr4H.fa.35100001..35600000
[OK] 4.116.GDB136_chr4H.fa.51750001..52250000
[OK] 4.105.GDB136_chr4H.fa.46800001..47300000
[OK] 4.125.GDB136_chr4H.fa.55800001..56300000
[OK] 4.109.GDB136_chr4H.fa.48600001..49100000
[OK] 4.136.GDB136_chr4H.fa.60750001..61250000
[OK] 4.117.GDB136_chr4H.fa.52200001..52700000
[OK] 4.119.GDB136_chr4H.fa.53100001..53600000
[OK] 4.080.GDB136_chr4H.fa.35550001..36050000
[OK] 4.121.GDB136_chr4H.fa.54000001..54500000
[OK] 4.101.GDB136_chr4H.fa.45000001..45500000
[OK] 4.127.GDB136_chr4H.fa.56700001..57200000
[OK] 4.120.GDB136_chr4H.fa.53550001..54050000
[OK] 4.140.GDB136_chr4H.fa.62550001..63050000
[OK] 4.115.GDB136_chr4H.fa.51300001..51800000
[OK] 4.122.GDB136_chr4H.fa.54450001..54950000
[OK] 4.130.GDB136_chr4H.fa.58050001..58550000
[OK] 4.146.GDB136_chr4H.fa.65250001..65750000
[OK] 4.113.GDB136_chr4H.fa.50400001..50900000
[OK] 4.143.GDB136_chr4H.fa.63900001..64400000
[OK] 4.151.GDB136_chr4H.fa.67500001..68000000
[OK] 4.149.GDB136_chr4H.fa.66600001..67100000
[OK] 4.137.GDB136_chr4H.fa.61200001..61700000
[OK] 4.128.GDB136_chr4H.fa.57150001..57650000
[OK] 4.138.GDB136_chr4H.fa.61650001..62150000
[OK] 4.134.GDB136_chr4H.fa.59850001..60350000
[OK] 4.158.GDB136_chr4H.fa.70650001..71150000
[OK] 4.124.GDB136_chr4H.fa.55350001..55850000
[OK] 4.129.GDB136_chr4H.fa.57600001..58100000
[OK] 4.144.GDB136_chr4H.fa.64350001..64850000
[OK] 4.133.GDB136_chr4H.fa.59400001..59900000
[OK] 4.145.GDB136_chr4H.fa.64800001..65300000
[OK] 4.148.GDB136_chr4H.fa.66150001..66650000
[OK] 4.142.GDB136_chr4H.fa.63450001..63950000
[OK] 4.139.GDB136_chr4H.fa.62100001..62600000
[OK] 4.131.GDB136_chr4H.fa.58500001..59000000
[OK] 4.159.GDB136_chr4H.fa.71100001..71600000
[OK] 4.147.GDB136_chr4H.fa.65700001..66200000
[OK] 4.112.GDB136_chr4H.fa.49950001..50450000
[OK] 4.132.GDB136_chr4H.fa.58950001..59450000
[OK] 4.161.GDB136_chr4H.fa.72000001..72500000
[OK] 4.169.GDB136_chr4H.fa.75600001..76100000
[OK] 4.154.GDB136_chr4H.fa.68850001..69350000
[OK] 4.156.GDB136_chr4H.fa.69750001..70250000
[OK] 4.153.GDB136_chr4H.fa.68400001..68900000
[OK] 4.155.GDB136_chr4H.fa.69300001..69800000
[OK] 4.166.GDB136_chr4H.fa.74250001..74750000
[OK] 4.135.GDB136_chr4H.fa.60300001..60800000
[OK] 4.150.GDB136_chr4H.fa.67050001..67550000
[OK] 4.162.GDB136_chr4H.fa.72450001..72950000
[OK] 4.157.GDB136_chr4H.fa.70200001..70700000
[OK] 4.152.GDB136_chr4H.fa.67950001..68450000
[OK] 4.175.GDB136_chr4H.fa.78300001..78800000
[OK] 4.185.GDB136_chr4H.fa.82800001..83300000
[OK] 4.141.GDB136_chr4H.fa.63000001..63500000
[OK] 4.163.GDB136_chr4H.fa.72900001..73400000
[OK] 4.179.GDB136_chr4H.fa.80100001..80600000
[OK] 4.164.GDB136_chr4H.fa.73350001..73850000
[OK] 4.183.GDB136_chr4H.fa.81900001..82400000
[OK] 4.174.GDB136_chr4H.fa.77850001..78350000
[OK] 4.173.GDB136_chr4H.fa.77400001..77900000
[OK] 4.177.GDB136_chr4H.fa.79200001..79700000
[OK] 4.197.GDB136_chr4H.fa.88200001..88700000
[OK] 4.160.GDB136_chr4H.fa.71550001..72050000
[OK] 4.176.GDB136_chr4H.fa.78750001..79250000
[OK] 4.170.GDB136_chr4H.fa.76050001..76550000
[OK] 4.192.GDB136_chr4H.fa.85950001..86450000
[OK] 4.168.GDB136_chr4H.fa.75150001..75650000
[OK] 4.182.GDB136_chr4H.fa.81450001..81950000
[OK] 4.181.GDB136_chr4H.fa.81000001..81500000
[OK] 4.201.GDB136_chr4H.fa.90000001..90500000
[OK] 4.171.GDB136_chr4H.fa.76500001..77000000
[OK] 4.193.GDB136_chr4H.fa.86400001..86900000
[OK] 4.207.GDB136_chr4H.fa.92700001..93200000
[OK] 4.196.GDB136_chr4H.fa.87750001..88250000
[OK] 4.190.GDB136_chr4H.fa.85050001..85550000
[OK] 4.205.GDB136_chr4H.fa.91800001..92300000
[OK] 4.167.GDB136_chr4H.fa.74700001..75200000
[OK] 4.194.GDB136_chr4H.fa.86850001..87350000
[OK] 4.184.GDB136_chr4H.fa.82350001..82850000
[OK] 4.180.GDB136_chr4H.fa.80550001..81050000
[OK] 4.189.GDB136_chr4H.fa.84600001..85100000
[OK] 4.172.GDB136_chr4H.fa.76950001..77450000
[OK] 4.206.GDB136_chr4H.fa.92250001..92750000
[OK] 4.195.GDB136_chr4H.fa.87300001..87800000
[OK] 4.211.GDB136_chr4H.fa.94500001..95000000
[OK] 4.178.GDB136_chr4H.fa.79650001..80150000
[OK] 4.213.GDB136_chr4H.fa.95400001..95900000
[OK] 4.191.GDB136_chr4H.fa.85500001..86000000
[OK] 4.202.GDB136_chr4H.fa.90450001..90950000
[OK] 4.210.GDB136_chr4H.fa.94050001..94550000
[OK] 4.209.GDB136_chr4H.fa.93600001..94100000
[OK] 4.200.GDB136_chr4H.fa.89550001..90050000
[OK] 4.187.GDB136_chr4H.fa.83700001..84200000
[OK] 4.165.GDB136_chr4H.fa.73800001..74300000
[OK] 4.220.GDB136_chr4H.fa.98550001..99050000
[OK] 4.222.GDB136_chr4H.fa.99450001..99950000
[OK] 4.219.GDB136_chr4H.fa.98100001..98600000
[OK] 4.217.GDB136_chr4H.fa.97200001..97700000
[OK] 4.215.GDB136_chr4H.fa.96300001..96800000
[OK] 4.224.GDB136_chr4H.fa.100350001..100850000
[OK] 4.214.GDB136_chr4H.fa.95850001..96350000
[OK] 4.188.GDB136_chr4H.fa.84150001..84650000
[OK] 4.229.GDB136_chr4H.fa.102600001..103100000
[OK] 4.204.GDB136_chr4H.fa.91350001..91850000
[OK] 4.236.GDB136_chr4H.fa.105750001..106250000
[OK] 4.203.GDB136_chr4H.fa.90900001..91400000
[OK] 4.225.GDB136_chr4H.fa.100800001..101300000
[OK] 4.231.GDB136_chr4H.fa.103500001..104000000
[OK] 4.223.GDB136_chr4H.fa.99900001..100400000
[OK] 4.208.GDB136_chr4H.fa.93150001..93650000
[OK] 4.218.GDB136_chr4H.fa.97650001..98150000
[OK] 4.232.GDB136_chr4H.fa.103950001..104450000
[OK] 4.230.GDB136_chr4H.fa.103050001..103550000
[OK] 4.221.GDB136_chr4H.fa.99000001..99500000
[OK] 4.244.GDB136_chr4H.fa.109350001..109850000
[OK] 4.235.GDB136_chr4H.fa.105300001..105800000
[OK] 4.241.GDB136_chr4H.fa.108000001..108500000
[OK] 4.227.GDB136_chr4H.fa.101700001..102200000
[OK] 4.234.GDB136_chr4H.fa.104850001..105350000
[OK] 4.243.GDB136_chr4H.fa.108900001..109400000
[OK] 4.240.GDB136_chr4H.fa.107550001..108050000
[OK] 4.245.GDB136_chr4H.fa.109800001..110300000
[OK] 4.088.GDB136_chr4H.fa.39150001..39650000
[OK] 4.198.GDB136_chr4H.fa.88650001..89150000
[OK] 4.237.GDB136_chr4H.fa.106200001..106700000
[OK] 4.233.GDB136_chr4H.fa.104400001..104900000
[OK] 4.186.GDB136_chr4H.fa.83250001..83750000
[OK] 4.228.GDB136_chr4H.fa.102150001..102650000
[OK] 4.246.GDB136_chr4H.fa.110250001..110750000
[OK] 4.257.GDB136_chr4H.fa.115200001..115700000
[OK] 4.212.GDB136_chr4H.fa.94950001..95450000
[OK] 4.199.GDB136_chr4H.fa.89100001..89600000
[OK] 4.254.GDB136_chr4H.fa.113850001..114350000
[OK] 4.239.GDB136_chr4H.fa.107100001..107600000
[OK] 4.216.GDB136_chr4H.fa.96750001..97250000
[OK] 4.242.GDB136_chr4H.fa.108450001..108950000
[OK] 4.238.GDB136_chr4H.fa.106650001..107150000
[OK] 4.249.GDB136_chr4H.fa.111600001..112100000
[OK] 4.268.GDB136_chr4H.fa.120150001..120650000
[OK] 4.247.GDB136_chr4H.fa.110700001..111200000
[OK] 4.262.GDB136_chr4H.fa.117450001..117950000
[OK] 4.258.GDB136_chr4H.fa.115650001..116150000
[OK] 4.255.GDB136_chr4H.fa.114300001..114800000
[OK] 4.226.GDB136_chr4H.fa.101250001..101750000
[OK] 4.252.GDB136_chr4H.fa.112950001..113450000
[OK] 4.250.GDB136_chr4H.fa.112050001..112550000
[OK] 4.256.GDB136_chr4H.fa.114750001..115250000
[OK] 4.264.GDB136_chr4H.fa.118350001..118850000
[OK] 4.248.GDB136_chr4H.fa.111150001..111650000
[OK] 4.292.GDB136_chr4H.fa.130950001..131450000
[OK] 4.279.GDB136_chr4H.fa.125100001..125600000
[OK] 4.269.GDB136_chr4H.fa.120600001..121100000
[OK] 4.274.GDB136_chr4H.fa.122850001..123350000
[OK] 4.275.GDB136_chr4H.fa.123300001..123800000
[OK] 4.266.GDB136_chr4H.fa.119250001..119750000
[OK] 4.271.GDB136_chr4H.fa.121500001..122000000
[OK] 4.307.GDB136_chr4H.fa.137700001..138200000
[OK] 4.278.GDB136_chr4H.fa.124650001..125150000
[OK] 4.270.GDB136_chr4H.fa.121050001..121550000
[OK] 4.273.GDB136_chr4H.fa.122400001..122900000
[OK] 4.283.GDB136_chr4H.fa.126900001..127400000
[OK] 4.282.GDB136_chr4H.fa.126450001..126950000
[OK] 4.253.GDB136_chr4H.fa.113400001..113900000
[OK] 4.263.GDB136_chr4H.fa.117900001..118400000
[OK] 4.280.GDB136_chr4H.fa.125550001..126050000
[OK] 4.287.GDB136_chr4H.fa.128700001..129200000
[OK] 4.267.GDB136_chr4H.fa.119700001..120200000
[OK] 4.277.GDB136_chr4H.fa.124200001..124700000
[OK] 4.305.GDB136_chr4H.fa.136800001..137300000
[OK] 4.265.GDB136_chr4H.fa.118800001..119300000
[OK] 4.276.GDB136_chr4H.fa.123750001..124250000
[OK] 4.281.GDB136_chr4H.fa.126000001..126500000
[OK] 4.284.GDB136_chr4H.fa.127350001..127850000
[OK] 4.285.GDB136_chr4H.fa.127800001..128300000
[OK] 4.299.GDB136_chr4H.fa.134100001..134600000
[OK] 4.251.GDB136_chr4H.fa.112500001..113000000
[OK] 4.288.GDB136_chr4H.fa.129150001..129650000
[OK] 4.259.GDB136_chr4H.fa.116100001..116600000
[OK] 4.308.GDB136_chr4H.fa.138150001..138650000
[OK] 4.303.GDB136_chr4H.fa.135900001..136400000
[OK] 4.300.GDB136_chr4H.fa.134550001..135050000
[OK] 4.296.GDB136_chr4H.fa.132750001..133250000
[OK] 4.290.GDB136_chr4H.fa.130050001..130550000
[OK] 4.295.GDB136_chr4H.fa.132300001..132800000
[OK] 4.304.GDB136_chr4H.fa.136350001..136850000
[OK] 4.318.GDB136_chr4H.fa.142650001..143150000
[OK] 4.294.GDB136_chr4H.fa.131850001..132350000
[OK] 4.260.GDB136_chr4H.fa.116550001..117050000
[OK] 4.321.GDB136_chr4H.fa.144000001..144500000
[OK] 4.286.GDB136_chr4H.fa.128250001..128750000
[OK] 4.311.GDB136_chr4H.fa.139500001..140000000
[OK] 4.289.GDB136_chr4H.fa.129600001..130100000
[OK] 4.317.GDB136_chr4H.fa.142200001..142700000
[OK] 4.312.GDB136_chr4H.fa.139950001..140450000
[OK] 4.313.GDB136_chr4H.fa.140400001..140900000
[OK] 4.293.GDB136_chr4H.fa.131400001..131900000
[OK] 4.291.GDB136_chr4H.fa.130500001..131000000
[OK] 4.315.GDB136_chr4H.fa.141300001..141800000
[OK] 4.301.GDB136_chr4H.fa.135000001..135500000
[OK] 4.298.GDB136_chr4H.fa.133650001..134150000
[OK] 4.302.GDB136_chr4H.fa.135450001..135950000
[OK] 4.323.GDB136_chr4H.fa.144900001..145400000
[OK] 4.322.GDB136_chr4H.fa.144450001..144950000
[OK] 4.306.GDB136_chr4H.fa.137250001..137750000
[OK] 4.328.GDB136_chr4H.fa.147150001..147650000
[OK] 4.272.GDB136_chr4H.fa.121950001..122450000
[OK] 4.297.GDB136_chr4H.fa.133200001..133700000
[OK] 4.309.GDB136_chr4H.fa.138600001..139100000
[OK] 4.319.GDB136_chr4H.fa.143100001..143600000
[OK] 4.325.GDB136_chr4H.fa.145800001..146300000
[OK] 4.316.GDB136_chr4H.fa.141750001..142250000
[OK] 4.261.GDB136_chr4H.fa.117000001..117500000
[OK] 4.329.GDB136_chr4H.fa.147600001..148100000
[OK] 4.326.GDB136_chr4H.fa.146250001..146750000
[OK] 4.333.GDB136_chr4H.fa.149400001..149900000
[OK] 4.338.GDB136_chr4H.fa.151650001..152150000
[OK] 4.324.GDB136_chr4H.fa.145350001..145850000
[OK] 4.310.GDB136_chr4H.fa.139050001..139550000
[OK] 4.320.GDB136_chr4H.fa.143550001..144050000
[OK] 4.337.GDB136_chr4H.fa.151200001..151700000
[OK] 4.314.GDB136_chr4H.fa.140850001..141350000
[OK] 4.331.GDB136_chr4H.fa.148500001..149000000
[OK] 4.339.GDB136_chr4H.fa.152100001..152600000
[OK] 4.340.GDB136_chr4H.fa.152550001..153050000
[OK] 4.350.GDB136_chr4H.fa.157050001..157550000
[OK] 4.341.GDB136_chr4H.fa.153000001..153500000
[OK] 4.336.GDB136_chr4H.fa.150750001..151250000
[OK] 4.334.GDB136_chr4H.fa.149850001..150350000
[OK] 4.342.GDB136_chr4H.fa.153450001..153950000
[OK] 4.335.GDB136_chr4H.fa.150300001..150800000
[OK] 4.362.GDB136_chr4H.fa.162450001..162950000
[OK] 4.370.GDB136_chr4H.fa.166050001..166550000
[OK] 4.344.GDB136_chr4H.fa.154350001..154850000
[OK] 4.376.GDB136_chr4H.fa.168750001..169250000
[OK] 4.369.GDB136_chr4H.fa.165600001..166100000
[OK] 4.332.GDB136_chr4H.fa.148950001..149450000
[OK] 4.345.GDB136_chr4H.fa.154800001..155300000
[OK] 4.353.GDB136_chr4H.fa.158400001..158900000
[OK] 4.388.GDB136_chr4H.fa.174150001..174650000
[OK] 4.358.GDB136_chr4H.fa.160650001..161150000
[OK] 4.351.GDB136_chr4H.fa.157500001..158000000
[OK] 4.327.GDB136_chr4H.fa.146700001..147200000
[OK] 4.374.GDB136_chr4H.fa.167850001..168350000
[OK] 4.359.GDB136_chr4H.fa.161100001..161600000
[OK] 4.357.GDB136_chr4H.fa.160200001..160700000
[OK] 4.346.GDB136_chr4H.fa.155250001..155750000
[OK] 4.361.GDB136_chr4H.fa.162000001..162500000
[OK] 4.348.GDB136_chr4H.fa.156150001..156650000
[OK] 4.356.GDB136_chr4H.fa.159750001..160250000
[OK] 4.349.GDB136_chr4H.fa.156600001..157100000
[OK] 4.381.GDB136_chr4H.fa.171000001..171500000
[OK] 4.373.GDB136_chr4H.fa.167400001..167900000
[OK] 4.355.GDB136_chr4H.fa.159300001..159800000
[OK] 4.375.GDB136_chr4H.fa.168300001..168800000
[OK] 4.363.GDB136_chr4H.fa.162900001..163400000
[OK] 4.382.GDB136_chr4H.fa.171450001..171950000
[OK] 4.343.GDB136_chr4H.fa.153900001..154400000
[OK] 4.380.GDB136_chr4H.fa.170550001..171050000
[OK] 4.393.GDB136_chr4H.fa.176400001..176900000
[OK] 4.371.GDB136_chr4H.fa.166500001..167000000
[OK] 4.368.GDB136_chr4H.fa.165150001..165650000
[OK] 4.366.GDB136_chr4H.fa.164250001..164750000
[OK] 4.372.GDB136_chr4H.fa.166950001..167450000
[OK] 4.364.GDB136_chr4H.fa.163350001..163850000
[OK] 4.386.GDB136_chr4H.fa.173250001..173750000
[OK] 4.394.GDB136_chr4H.fa.176850001..177350000
[OK] 4.377.GDB136_chr4H.fa.169200001..169700000
[OK] 4.389.GDB136_chr4H.fa.174600001..175100000
[OK] 4.360.GDB136_chr4H.fa.161550001..162050000
[OK] 4.384.GDB136_chr4H.fa.172350001..172850000
[OK] 4.365.GDB136_chr4H.fa.163800001..164300000
[OK] 4.387.GDB136_chr4H.fa.173700001..174200000
[OK] 4.330.GDB136_chr4H.fa.148050001..148550000
[OK] 4.379.GDB136_chr4H.fa.170100001..170600000
[OK] 4.409.GDB136_chr4H.fa.183600001..184100000
[OK] 4.367.GDB136_chr4H.fa.164700001..165200000
[OK] 4.400.GDB136_chr4H.fa.179550001..180050000
[OK] 4.404.GDB136_chr4H.fa.181350001..181850000
[OK] 4.401.GDB136_chr4H.fa.180000001..180500000
[OK] 4.405.GDB136_chr4H.fa.181800001..182300000
[OK] 4.395.GDB136_chr4H.fa.177300001..177800000
[OK] 4.390.GDB136_chr4H.fa.175050001..175550000
[OK] 4.415.GDB136_chr4H.fa.186300001..186800000
[OK] 4.383.GDB136_chr4H.fa.171900001..172400000
[OK] 4.410.GDB136_chr4H.fa.184050001..184550000
[OK] 4.399.GDB136_chr4H.fa.179100001..179600000
[OK] 4.408.GDB136_chr4H.fa.183150001..183650000
[OK] 4.402.GDB136_chr4H.fa.180450001..180950000
[OK] 4.406.GDB136_chr4H.fa.182250001..182750000
[OK] 4.397.GDB136_chr4H.fa.178200001..178700000
[OK] 4.385.GDB136_chr4H.fa.172800001..173300000
[OK] 4.403.GDB136_chr4H.fa.180900001..181400000
[OK] 4.407.GDB136_chr4H.fa.182700001..183200000
[OK] 4.419.GDB136_chr4H.fa.188100001..188600000
[OK] 4.416.GDB136_chr4H.fa.186750001..187250000
[OK] 4.396.GDB136_chr4H.fa.177750001..178250000
[OK] 4.418.GDB136_chr4H.fa.187650001..188150000
[OK] 4.429.GDB136_chr4H.fa.192600001..193100000
[OK] 4.392.GDB136_chr4H.fa.175950001..176450000
[OK] 4.413.GDB136_chr4H.fa.185400001..185900000
[OK] 4.431.GDB136_chr4H.fa.193500001..194000000
[OK] 4.414.GDB136_chr4H.fa.185850001..186350000
[OK] 4.411.GDB136_chr4H.fa.184500001..185000000
[OK] 4.391.GDB136_chr4H.fa.175500001..176000000
[OK] 4.424.GDB136_chr4H.fa.190350001..190850000
[OK] 4.352.GDB136_chr4H.fa.157950001..158450000
[OK] 4.354.GDB136_chr4H.fa.158850001..159350000
[OK] 4.420.GDB136_chr4H.fa.188550001..189050000
[OK] 4.422.GDB136_chr4H.fa.189450001..189950000
[OK] 4.426.GDB136_chr4H.fa.191250001..191750000
[OK] 4.432.GDB136_chr4H.fa.193950001..194450000
[OK] 4.427.GDB136_chr4H.fa.191700001..192200000
[OK] 4.434.GDB136_chr4H.fa.194850001..195350000
[OK] 4.430.GDB136_chr4H.fa.193050001..193550000
[OK] 4.417.GDB136_chr4H.fa.187200001..187700000
[OK] 4.435.GDB136_chr4H.fa.195300001..195800000
[OK] 4.463.GDB136_chr4H.fa.207900001..208400000
[OK] 4.446.GDB136_chr4H.fa.200250001..200750000
[OK] 4.423.GDB136_chr4H.fa.189900001..190400000
[OK] 4.445.GDB136_chr4H.fa.199800001..200300000
[OK] 4.452.GDB136_chr4H.fa.202950001..203450000
[OK] 4.433.GDB136_chr4H.fa.194400001..194900000
[OK] 4.437.GDB136_chr4H.fa.196200001..196700000
[OK] 4.398.GDB136_chr4H.fa.178650001..179150000
[OK] 4.378.GDB136_chr4H.fa.169650001..170150000
[OK] 4.440.GDB136_chr4H.fa.197550001..198050000
[OK] 4.436.GDB136_chr4H.fa.195750001..196250000
[OK] 4.425.GDB136_chr4H.fa.190800001..191300000
[OK] 4.347.GDB136_chr4H.fa.155700001..156200000
[OK] 4.443.GDB136_chr4H.fa.198900001..199400000
[OK] 4.412.GDB136_chr4H.fa.184950001..185450000
[OK] 4.453.GDB136_chr4H.fa.203400001..203900000
[OK] 4.466.GDB136_chr4H.fa.209250001..209750000
[OK] 4.438.GDB136_chr4H.fa.196650001..197150000
[OK] 4.442.GDB136_chr4H.fa.198450001..198950000
[OK] 4.428.GDB136_chr4H.fa.192150001..192650000
[OK] 4.421.GDB136_chr4H.fa.189000001..189500000
[OK] 4.447.GDB136_chr4H.fa.200700001..201200000
[OK] 4.470.GDB136_chr4H.fa.211050001..211550000
[OK] 4.473.GDB136_chr4H.fa.212400001..212900000
[OK] 4.448.GDB136_chr4H.fa.201150001..201650000
[OK] 4.458.GDB136_chr4H.fa.205650001..206150000
[OK] 4.469.GDB136_chr4H.fa.210600001..211100000
[OK] 4.441.GDB136_chr4H.fa.198000001..198500000
[OK] 4.450.GDB136_chr4H.fa.202050001..202550000
[OK] 4.455.GDB136_chr4H.fa.204300001..204800000
[OK] 4.444.GDB136_chr4H.fa.199350001..199850000
[OK] 4.475.GDB136_chr4H.fa.213300001..213800000
[OK] 4.454.GDB136_chr4H.fa.203850001..204350000
[OK] 4.476.GDB136_chr4H.fa.213750001..214250000
[OK] 4.439.GDB136_chr4H.fa.197100001..197600000
[OK] 4.451.GDB136_chr4H.fa.202500001..203000000
[OK] 4.457.GDB136_chr4H.fa.205200001..205700000
[OK] 4.460.GDB136_chr4H.fa.206550001..207050000
[OK] 4.481.GDB136_chr4H.fa.216000001..216500000
[OK] 4.496.GDB136_chr4H.fa.222750001..223250000
[OK] 4.461.GDB136_chr4H.fa.207000001..207500000
[OK] 4.449.GDB136_chr4H.fa.201600001..202100000
[OK] 4.465.GDB136_chr4H.fa.208800001..209300000
[OK] 4.459.GDB136_chr4H.fa.206100001..206600000
[OK] 4.486.GDB136_chr4H.fa.218250001..218750000
[OK] 4.491.GDB136_chr4H.fa.220500001..221000000
[OK] 4.467.GDB136_chr4H.fa.209700001..210200000
[OK] 4.456.GDB136_chr4H.fa.204750001..205250000
[OK] 4.495.GDB136_chr4H.fa.222300001..222800000
[OK] 4.493.GDB136_chr4H.fa.221400001..221900000
[OK] 4.500.GDB136_chr4H.fa.224550001..225050000
[OK] 4.474.GDB136_chr4H.fa.212850001..213350000
[OK] 4.472.GDB136_chr4H.fa.211950001..212450000
[OK] 4.483.GDB136_chr4H.fa.216900001..217400000
[OK] 4.489.GDB136_chr4H.fa.219600001..220100000
[OK] 4.512.GDB136_chr4H.fa.229950001..230450000
[OK] 4.482.GDB136_chr4H.fa.216450001..216950000
[OK] 4.490.GDB136_chr4H.fa.220050001..220550000
[OK] 4.488.GDB136_chr4H.fa.219150001..219650000
[OK] 4.464.GDB136_chr4H.fa.208350001..208850000
[OK] 4.471.GDB136_chr4H.fa.211500001..212000000
[OK] 4.480.GDB136_chr4H.fa.215550001..216050000
[OK] 4.485.GDB136_chr4H.fa.217800001..218300000
[OK] 4.462.GDB136_chr4H.fa.207450001..207950000
[OK] 4.468.GDB136_chr4H.fa.210150001..210650000
[OK] 4.484.GDB136_chr4H.fa.217350001..217850000
[OK] 4.487.GDB136_chr4H.fa.218700001..219200000
[OK] 4.492.GDB136_chr4H.fa.220950001..221450000
[OK] 4.494.GDB136_chr4H.fa.221850001..222350000
[OK] 4.509.GDB136_chr4H.fa.228600001..229100000
[OK] 4.513.GDB136_chr4H.fa.230400001..230900000
[OK] 4.508.GDB136_chr4H.fa.228150001..228650000
[OK] 4.503.GDB136_chr4H.fa.225900001..226400000
[OK] 4.499.GDB136_chr4H.fa.224100001..224600000
[OK] 4.504.GDB136_chr4H.fa.226350001..226850000
[OK] 4.477.GDB136_chr4H.fa.214200001..214700000
[OK] 4.478.GDB136_chr4H.fa.214650001..215150000
[OK] 4.502.GDB136_chr4H.fa.225450001..225950000
[OK] 4.498.GDB136_chr4H.fa.223650001..224150000
[OK] 4.522.GDB136_chr4H.fa.234450001..234950000
[OK] 4.497.GDB136_chr4H.fa.223200001..223700000
[OK] 4.514.GDB136_chr4H.fa.230850001..231350000
[OK] 4.479.GDB136_chr4H.fa.215100001..215600000
[OK] 4.505.GDB136_chr4H.fa.226800001..227300000
[OK] 4.507.GDB136_chr4H.fa.227700001..228200000
[OK] 4.519.GDB136_chr4H.fa.233100001..233600000
[OK] 4.501.GDB136_chr4H.fa.225000001..225500000
[OK] 4.525.GDB136_chr4H.fa.235800001..236300000
[OK] 4.527.GDB136_chr4H.fa.236700001..237200000
[OK] 4.516.GDB136_chr4H.fa.231750001..232250000
[OK] 4.510.GDB136_chr4H.fa.229050001..229550000
[OK] 4.511.GDB136_chr4H.fa.229500001..230000000
[OK] 4.552.GDB136_chr4H.fa.247950001..248450000
[OK] 4.524.GDB136_chr4H.fa.235350001..235850000
[OK] 4.533.GDB136_chr4H.fa.239400001..239900000
[OK] 4.506.GDB136_chr4H.fa.227250001..227750000
[OK] 4.526.GDB136_chr4H.fa.236250001..236750000
[OK] 4.518.GDB136_chr4H.fa.232650001..233150000
[OK] 4.528.GDB136_chr4H.fa.237150001..237650000
[OK] 4.517.GDB136_chr4H.fa.232200001..232700000
[OK] 4.523.GDB136_chr4H.fa.234900001..235400000
[OK] 4.556.GDB136_chr4H.fa.249750001..250250000
[OK] 4.547.GDB136_chr4H.fa.245700001..246200000
[OK] 4.541.GDB136_chr4H.fa.243000001..243500000
[OK] 4.531.GDB136_chr4H.fa.238500001..239000000
[OK] 4.559.GDB136_chr4H.fa.251100001..251600000
[OK] 4.553.GDB136_chr4H.fa.248400001..248900000
[OK] 4.564.GDB136_chr4H.fa.253350001..253850000
[OK] 4.521.GDB136_chr4H.fa.234000001..234500000
[OK] 4.515.GDB136_chr4H.fa.231300001..231800000
[OK] 4.534.GDB136_chr4H.fa.239850001..240350000
[OK] 4.530.GDB136_chr4H.fa.238050001..238550000
[OK] 4.535.GDB136_chr4H.fa.240300001..240800000
[OK] 4.550.GDB136_chr4H.fa.247050001..247550000
[OK] 4.537.GDB136_chr4H.fa.241200001..241700000
[OK] 4.542.GDB136_chr4H.fa.243450001..243950000
[OK] 4.538.GDB136_chr4H.fa.241650001..242150000
[OK] 4.549.GDB136_chr4H.fa.246600001..247100000
[OK] 4.545.GDB136_chr4H.fa.244800001..245300000
[OK] 4.568.GDB136_chr4H.fa.255150001..255650000
[OK] 4.529.GDB136_chr4H.fa.237600001..238100000
[OK] 4.570.GDB136_chr4H.fa.256050001..256550000
[OK] 4.540.GDB136_chr4H.fa.242550001..243050000
[OK] 4.543.GDB136_chr4H.fa.243900001..244400000
[OK] 4.571.GDB136_chr4H.fa.256500001..257000000
[OK] 4.560.GDB136_chr4H.fa.251550001..252050000
[OK] 4.539.GDB136_chr4H.fa.242100001..242600000
[OK] 4.536.GDB136_chr4H.fa.240750001..241250000
[OK] 4.574.GDB136_chr4H.fa.257850001..258350000
[OK] 4.532.GDB136_chr4H.fa.238950001..239450000
[OK] 4.554.GDB136_chr4H.fa.248850001..249350000
[OK] 4.557.GDB136_chr4H.fa.250200001..250700000
[OK] 4.577.GDB136_chr4H.fa.259200001..259700000
[OK] 4.582.GDB136_chr4H.fa.261450001..261950000
[OK] 4.562.GDB136_chr4H.fa.252450001..252950000
[OK] 4.573.GDB136_chr4H.fa.257400001..257900000
[OK] 4.569.GDB136_chr4H.fa.255600001..256100000
[OK] 4.567.GDB136_chr4H.fa.254700001..255200000
[OK] 4.576.GDB136_chr4H.fa.258750001..259250000
[OK] 4.551.GDB136_chr4H.fa.247500001..248000000
[OK] 4.603.GDB136_chr4H.fa.270900001..271400000
[OK] 4.566.GDB136_chr4H.fa.254250001..254750000
[OK] 4.561.GDB136_chr4H.fa.252000001..252500000
[OK] 4.585.GDB136_chr4H.fa.262800001..263300000
[OK] 4.579.GDB136_chr4H.fa.260100001..260600000
[OK] 4.565.GDB136_chr4H.fa.253800001..254300000
[OK] 4.563.GDB136_chr4H.fa.252900001..253400000
[OK] 4.590.GDB136_chr4H.fa.265050001..265550000
[OK] 4.586.GDB136_chr4H.fa.263250001..263750000
[OK] 4.581.GDB136_chr4H.fa.261000001..261500000
[OK] 4.598.GDB136_chr4H.fa.268650001..269150000
[OK] 4.548.GDB136_chr4H.fa.246150001..246650000
[OK] 4.601.GDB136_chr4H.fa.270000001..270500000
[OK] 4.580.GDB136_chr4H.fa.260550001..261050000
[OK] 4.600.GDB136_chr4H.fa.269550001..270050000
[OK] 4.572.GDB136_chr4H.fa.256950001..257450000
[OK] 4.599.GDB136_chr4H.fa.269100001..269600000
[OK] 4.597.GDB136_chr4H.fa.268200001..268700000
[OK] 4.544.GDB136_chr4H.fa.244350001..244850000
[OK] 4.595.GDB136_chr4H.fa.267300001..267800000
[OK] 4.575.GDB136_chr4H.fa.258300001..258800000
[OK] 4.589.GDB136_chr4H.fa.264600001..265100000
[OK] 4.609.GDB136_chr4H.fa.273600001..274100000
[OK] 4.588.GDB136_chr4H.fa.264150001..264650000
[OK] 4.592.GDB136_chr4H.fa.265950001..266450000
[OK] 4.594.GDB136_chr4H.fa.266850001..267350000
[OK] 4.546.GDB136_chr4H.fa.245250001..245750000
[OK] 4.605.GDB136_chr4H.fa.271800001..272300000
[OK] 4.612.GDB136_chr4H.fa.274950001..275450000
[OK] 4.615.GDB136_chr4H.fa.276300001..276800000
[OK] 4.604.GDB136_chr4H.fa.271350001..271850000
[OK] 4.596.GDB136_chr4H.fa.267750001..268250000
[OK] 4.587.GDB136_chr4H.fa.263700001..264200000
[OK] 4.610.GDB136_chr4H.fa.274050001..274550000
[OK] 4.591.GDB136_chr4H.fa.265500001..266000000
[OK] 4.583.GDB136_chr4H.fa.261900001..262400000
[OK] 4.602.GDB136_chr4H.fa.270450001..270950000
[OK] 4.578.GDB136_chr4H.fa.259650001..260150000
[OK] 4.617.GDB136_chr4H.fa.277200001..277700000
[OK] 4.613.GDB136_chr4H.fa.275400001..275900000
[OK] 4.614.GDB136_chr4H.fa.275850001..276350000
[OK] 4.611.GDB136_chr4H.fa.274500001..275000000
[OK] 4.558.GDB136_chr4H.fa.250650001..251150000
[OK] 4.623.GDB136_chr4H.fa.279900001..280400000
[OK] 4.622.GDB136_chr4H.fa.279450001..279950000
[OK] 4.626.GDB136_chr4H.fa.281250001..281750000
[OK] 4.625.GDB136_chr4H.fa.280800001..281300000
[OK] 4.608.GDB136_chr4H.fa.273150001..273650000
[OK] 4.616.GDB136_chr4H.fa.276750001..277250000
[OK] 4.606.GDB136_chr4H.fa.272250001..272750000
[OK] 4.584.GDB136_chr4H.fa.262350001..262850000
[OK] 4.593.GDB136_chr4H.fa.266400001..266900000
[OK] 4.620.GDB136_chr4H.fa.278550001..279050000
[OK] 4.619.GDB136_chr4H.fa.278100001..278600000
[OK] 4.640.GDB136_chr4H.fa.287550001..288050000
[OK] 4.621.GDB136_chr4H.fa.279000001..279500000
[OK] 4.624.GDB136_chr4H.fa.280350001..280850000
[OK] 4.627.GDB136_chr4H.fa.281700001..282200000
[OK] 4.666.GDB136_chr4H.fa.299250001..299750000
[OK] 4.618.GDB136_chr4H.fa.277650001..278150000
[OK] 4.639.GDB136_chr4H.fa.287100001..287600000
[OK] 4.646.GDB136_chr4H.fa.290250001..290750000
[OK] 4.607.GDB136_chr4H.fa.272700001..273200000
[OK] 4.635.GDB136_chr4H.fa.285300001..285800000
[OK] 4.629.GDB136_chr4H.fa.282600001..283100000
[OK] 4.631.GDB136_chr4H.fa.283500001..284000000
[OK] 4.652.GDB136_chr4H.fa.292950001..293450000
[OK] 4.645.GDB136_chr4H.fa.289800001..290300000
[OK] 4.649.GDB136_chr4H.fa.291600001..292100000
[OK] 4.657.GDB136_chr4H.fa.295200001..295700000
[OK] 4.638.GDB136_chr4H.fa.286650001..287150000
[OK] 4.656.GDB136_chr4H.fa.294750001..295250000
[OK] 4.647.GDB136_chr4H.fa.290700001..291200000
[OK] 4.654.GDB136_chr4H.fa.293850001..294350000
[OK] 4.630.GDB136_chr4H.fa.283050001..283550000
[OK] 4.628.GDB136_chr4H.fa.282150001..282650000
[OK] 4.636.GDB136_chr4H.fa.285750001..286250000
[OK] 4.633.GDB136_chr4H.fa.284400001..284900000
[OK] 4.634.GDB136_chr4H.fa.284850001..285350000
[OK] 4.655.GDB136_chr4H.fa.294300001..294800000
[OK] 4.643.GDB136_chr4H.fa.288900001..289400000
[OK] 4.662.GDB136_chr4H.fa.297450001..297950000
[OK] 4.665.GDB136_chr4H.fa.298800001..299300000
[OK] 4.555.GDB136_chr4H.fa.249300001..249800000
[OK] 4.674.GDB136_chr4H.fa.302850001..303350000
[OK] 4.648.GDB136_chr4H.fa.291150001..291650000
[OK] 4.660.GDB136_chr4H.fa.296550001..297050000
[OK] 4.675.GDB136_chr4H.fa.303300001..303800000
[OK] 4.637.GDB136_chr4H.fa.286200001..286700000
[OK] 4.520.GDB136_chr4H.fa.233550001..234050000
[OK] 4.651.GDB136_chr4H.fa.292500001..293000000
[OK] 4.644.GDB136_chr4H.fa.289350001..289850000
[OK] 4.670.GDB136_chr4H.fa.301050001..301550000
[OK] 4.667.GDB136_chr4H.fa.299700001..300200000
[OK] 4.669.GDB136_chr4H.fa.300600001..301100000
[OK] 4.691.GDB136_chr4H.fa.310500001..311000000
[OK] 4.686.GDB136_chr4H.fa.308250001..308750000
[OK] 4.676.GDB136_chr4H.fa.303750001..304250000
[OK] 4.682.GDB136_chr4H.fa.306450001..306950000
[OK] 4.683.GDB136_chr4H.fa.306900001..307400000
[OK] 4.679.GDB136_chr4H.fa.305100001..305600000
[OK] 4.664.GDB136_chr4H.fa.298350001..298850000
[OK] 4.672.GDB136_chr4H.fa.301950001..302450000
[OK] 4.632.GDB136_chr4H.fa.283950001..284450000
[OK] 4.678.GDB136_chr4H.fa.304650001..305150000
[OK] 4.641.GDB136_chr4H.fa.288000001..288500000
[OK] 4.642.GDB136_chr4H.fa.288450001..288950000
[OK] 4.680.GDB136_chr4H.fa.305550001..306050000
[OK] 4.668.GDB136_chr4H.fa.300150001..300650000
[OK] 4.684.GDB136_chr4H.fa.307350001..307850000
[OK] 4.661.GDB136_chr4H.fa.297000001..297500000
[OK] 4.653.GDB136_chr4H.fa.293400001..293900000
[OK] 4.658.GDB136_chr4H.fa.295650001..296150000
[OK] 4.693.GDB136_chr4H.fa.311400001..311900000
[OK] 4.685.GDB136_chr4H.fa.307800001..308300000
[OK] 4.705.GDB136_chr4H.fa.316800001..317300000
[OK] 4.663.GDB136_chr4H.fa.297900001..298400000
[OK] 4.681.GDB136_chr4H.fa.306000001..306500000
[OK] 4.673.GDB136_chr4H.fa.302400001..302900000
[OK] 4.659.GDB136_chr4H.fa.296100001..296600000
[OK] 4.690.GDB136_chr4H.fa.310050001..310550000
[OK] 4.696.GDB136_chr4H.fa.312750001..313250000
[OK] 4.671.GDB136_chr4H.fa.301500001..302000000
[OK] 4.677.GDB136_chr4H.fa.304200001..304700000
[OK] 4.695.GDB136_chr4H.fa.312300001..312800000
[OK] 4.694.GDB136_chr4H.fa.311850001..312350000
[OK] 4.713.GDB136_chr4H.fa.320400001..320900000
[OK] 4.687.GDB136_chr4H.fa.308700001..309200000
[OK] 4.697.GDB136_chr4H.fa.313200001..313700000
[OK] 4.692.GDB136_chr4H.fa.310950001..311450000
[OK] 4.706.GDB136_chr4H.fa.317250001..317750000
[OK] 4.718.GDB136_chr4H.fa.322650001..323150000
[OK] 4.698.GDB136_chr4H.fa.313650001..314150000
[OK] 4.689.GDB136_chr4H.fa.309600001..310100000
[OK] 4.700.GDB136_chr4H.fa.314550001..315050000
[OK] 4.709.GDB136_chr4H.fa.318600001..319100000
[OK] 4.704.GDB136_chr4H.fa.316350001..316850000
[OK] 4.711.GDB136_chr4H.fa.319500001..320000000
[OK] 4.715.GDB136_chr4H.fa.321300001..321800000
[OK] 4.712.GDB136_chr4H.fa.319950001..320450000
[OK] 4.688.GDB136_chr4H.fa.309150001..309650000
[OK] 4.699.GDB136_chr4H.fa.314100001..314600000
[OK] 4.650.GDB136_chr4H.fa.292050001..292550000
[OK] 4.719.GDB136_chr4H.fa.323100001..323600000
[OK] 4.702.GDB136_chr4H.fa.315450001..315950000
[OK] 4.708.GDB136_chr4H.fa.318150001..318650000
[OK] 4.757.GDB136_chr4H.fa.340200001..340700000
[OK] 4.723.GDB136_chr4H.fa.324900001..325400000
[OK] 4.710.GDB136_chr4H.fa.319050001..319550000
[OK] 4.722.GDB136_chr4H.fa.324450001..324950000
[OK] 4.739.GDB136_chr4H.fa.332100001..332600000
[OK] 4.729.GDB136_chr4H.fa.327600001..328100000
[OK] 4.724.GDB136_chr4H.fa.325350001..325850000
[OK] 4.737.GDB136_chr4H.fa.331200001..331700000
[OK] 4.721.GDB136_chr4H.fa.324000001..324500000
[OK] 4.730.GDB136_chr4H.fa.328050001..328550000
[OK] 4.716.GDB136_chr4H.fa.321750001..322250000
[OK] 4.701.GDB136_chr4H.fa.315000001..315500000
[OK] 4.728.GDB136_chr4H.fa.327150001..327650000
[OK] 4.744.GDB136_chr4H.fa.334350001..334850000
[OK] 4.725.GDB136_chr4H.fa.325800001..326300000
[OK] 4.726.GDB136_chr4H.fa.326250001..326750000
[OK] 4.707.GDB136_chr4H.fa.317700001..318200000
[OK] 4.741.GDB136_chr4H.fa.333000001..333500000
[OK] 4.760.GDB136_chr4H.fa.341550001..342050000
[OK] 4.751.GDB136_chr4H.fa.337500001..338000000
[OK] 4.752.GDB136_chr4H.fa.337950001..338450000
[OK] 4.758.GDB136_chr4H.fa.340650001..341150000
[OK] 4.743.GDB136_chr4H.fa.333900001..334400000
[OK] 4.750.GDB136_chr4H.fa.337050001..337550000
[OK] 4.733.GDB136_chr4H.fa.329400001..329900000
[OK] 4.703.GDB136_chr4H.fa.315900001..316400000
[OK] 4.735.GDB136_chr4H.fa.330300001..330800000
[OK] 4.767.GDB136_chr4H.fa.344700001..345200000
[OK] 4.771.GDB136_chr4H.fa.346500001..347000000
[OK] 4.731.GDB136_chr4H.fa.328500001..329000000
[OK] 4.746.GDB136_chr4H.fa.335250001..335750000
[OK] 4.742.GDB136_chr4H.fa.333450001..333950000
[OK] 4.749.GDB136_chr4H.fa.336600001..337100000
[OK] 4.734.GDB136_chr4H.fa.329850001..330350000
[OK] 4.736.GDB136_chr4H.fa.330750001..331250000
[OK] 4.787.GDB136_chr4H.fa.353700001..354200000
[OK] 4.748.GDB136_chr4H.fa.336150001..336650000
[OK] 4.755.GDB136_chr4H.fa.339300001..339800000
[OK] 4.738.GDB136_chr4H.fa.331650001..332150000
[OK] 4.727.GDB136_chr4H.fa.326700001..327200000
[OK] 4.775.GDB136_chr4H.fa.348300001..348800000
[OK] 4.740.GDB136_chr4H.fa.332550001..333050000
[OK] 4.745.GDB136_chr4H.fa.334800001..335300000
[OK] 4.762.GDB136_chr4H.fa.342450001..342950000
[OK] 4.779.GDB136_chr4H.fa.350100001..350600000
[OK] 4.763.GDB136_chr4H.fa.342900001..343400000
[OK] 4.714.GDB136_chr4H.fa.320850001..321350000
[OK] 4.732.GDB136_chr4H.fa.328950001..329450000
[OK] 4.784.GDB136_chr4H.fa.352350001..352850000
[OK] 4.720.GDB136_chr4H.fa.323550001..324050000
[OK] 4.753.GDB136_chr4H.fa.338400001..338900000
[OK] 4.786.GDB136_chr4H.fa.353250001..353750000
[OK] 4.759.GDB136_chr4H.fa.341100001..341600000
[OK] 4.754.GDB136_chr4H.fa.338850001..339350000
[OK] 4.765.GDB136_chr4H.fa.343800001..344300000
[OK] 4.789.GDB136_chr4H.fa.354600001..355100000
[OK] 4.783.GDB136_chr4H.fa.351900001..352400000
[OK] 4.756.GDB136_chr4H.fa.339750001..340250000
[OK] 4.717.GDB136_chr4H.fa.322200001..322700000
[OK] 4.747.GDB136_chr4H.fa.335700001..336200000
[OK] 4.761.GDB136_chr4H.fa.342000001..342500000
[OK] 4.774.GDB136_chr4H.fa.347850001..348350000
[OK] 4.764.GDB136_chr4H.fa.343350001..343850000
[OK] 4.769.GDB136_chr4H.fa.345600001..346100000
[OK] 4.773.GDB136_chr4H.fa.347400001..347900000
[OK] 4.777.GDB136_chr4H.fa.349200001..349700000
[OK] 4.766.GDB136_chr4H.fa.344250001..344750000
[OK] 4.796.GDB136_chr4H.fa.357750001..358250000
[OK] 4.794.GDB136_chr4H.fa.356850001..357350000
[OK] 4.770.GDB136_chr4H.fa.346050001..346550000
[OK] 4.790.GDB136_chr4H.fa.355050001..355550000
[OK] 4.772.GDB136_chr4H.fa.346950001..347450000
[OK] 4.781.GDB136_chr4H.fa.351000001..351500000
[OK] 4.780.GDB136_chr4H.fa.350550001..351050000
[OK] 4.792.GDB136_chr4H.fa.355950001..356450000
[OK] 4.800.GDB136_chr4H.fa.359550001..360050000
[OK] 4.776.GDB136_chr4H.fa.348750001..349250000
[OK] 4.788.GDB136_chr4H.fa.354150001..354650000
[OK] 4.768.GDB136_chr4H.fa.345150001..345650000
[OK] 4.804.GDB136_chr4H.fa.361350001..361850000
[OK] 4.785.GDB136_chr4H.fa.352800001..353300000
[OK] 4.793.GDB136_chr4H.fa.356400001..356900000
[OK] 4.815.GDB136_chr4H.fa.366300001..366800000
[OK] 4.795.GDB136_chr4H.fa.357300001..357800000
[OK] 4.798.GDB136_chr4H.fa.358650001..359150000
[OK] 4.791.GDB136_chr4H.fa.355500001..356000000
[OK] 4.807.GDB136_chr4H.fa.362700001..363200000
[OK] 4.797.GDB136_chr4H.fa.358200001..358700000
[OK] 4.811.GDB136_chr4H.fa.364500001..365000000
[OK] 4.782.GDB136_chr4H.fa.351450001..351950000
[OK] 4.778.GDB136_chr4H.fa.349650001..350150000
[OK] 4.808.GDB136_chr4H.fa.363150001..363650000
[OK] 4.802.GDB136_chr4H.fa.360450001..360950000
[OK] 4.816.GDB136_chr4H.fa.366750001..367250000
[OK] 4.801.GDB136_chr4H.fa.360000001..360500000
[OK] 4.819.GDB136_chr4H.fa.368100001..368600000
[OK] 4.805.GDB136_chr4H.fa.361800001..362300000
[OK] 4.803.GDB136_chr4H.fa.360900001..361400000
[OK] 4.814.GDB136_chr4H.fa.365850001..366350000
[OK] 4.809.GDB136_chr4H.fa.363600001..364100000
[OK] 4.829.GDB136_chr4H.fa.372600001..373100000
[OK] 4.824.GDB136_chr4H.fa.370350001..370850000
[OK] 4.806.GDB136_chr4H.fa.362250001..362750000
[OK] 4.813.GDB136_chr4H.fa.365400001..365900000
[OK] 4.835.GDB136_chr4H.fa.375300001..375800000
[OK] 4.832.GDB136_chr4H.fa.373950001..374450000
[OK] 4.827.GDB136_chr4H.fa.371700001..372200000
[OK] 4.834.GDB136_chr4H.fa.374850001..375350000
[OK] 4.830.GDB136_chr4H.fa.373050001..373550000
[OK] 4.831.GDB136_chr4H.fa.373500001..374000000
[OK] 4.823.GDB136_chr4H.fa.369900001..370400000
[OK] 4.825.GDB136_chr4H.fa.370800001..371300000
[OK] 4.810.GDB136_chr4H.fa.364050001..364550000
[OK] 4.846.GDB136_chr4H.fa.380250001..380750000
[OK] 4.838.GDB136_chr4H.fa.376650001..377150000
[OK] 4.799.GDB136_chr4H.fa.359100001..359600000
[OK] 4.855.GDB136_chr4H.fa.384300001..384800000
[OK] 4.844.GDB136_chr4H.fa.379350001..379850000
[OK] 4.849.GDB136_chr4H.fa.381600001..382100000
[OK] 4.837.GDB136_chr4H.fa.376200001..376700000
[OK] 4.820.GDB136_chr4H.fa.368550001..369050000
[OK] 4.839.GDB136_chr4H.fa.377100001..377600000
[OK] 4.857.GDB136_chr4H.fa.385200001..385700000
[OK] 4.817.GDB136_chr4H.fa.367200001..367700000
[OK] 4.873.GDB136_chr4H.fa.392400001..392900000
[OK] 4.852.GDB136_chr4H.fa.382950001..383450000
[OK] 4.841.GDB136_chr4H.fa.378000001..378500000
[OK] 4.845.GDB136_chr4H.fa.379800001..380300000
[OK] 4.851.GDB136_chr4H.fa.382500001..383000000
[OK] 4.840.GDB136_chr4H.fa.377550001..378050000
[OK] 4.870.GDB136_chr4H.fa.391050001..391550000
[OK] 4.826.GDB136_chr4H.fa.371250001..371750000
[OK] 4.880.GDB136_chr4H.fa.395550001..396050000
[OK] 4.822.GDB136_chr4H.fa.369450001..369950000
[OK] 4.871.GDB136_chr4H.fa.391500001..392000000
[OK] 4.863.GDB136_chr4H.fa.387900001..388400000
[OK] 4.856.GDB136_chr4H.fa.384750001..385250000
[OK] 4.877.GDB136_chr4H.fa.394200001..394700000
[OK] 4.867.GDB136_chr4H.fa.389700001..390200000
[OK] 4.860.GDB136_chr4H.fa.386550001..387050000
[OK] 4.812.GDB136_chr4H.fa.364950001..365450000
[OK] 4.888.GDB136_chr4H.fa.399150001..399650000
[OK] 4.866.GDB136_chr4H.fa.389250001..389750000
[OK] 4.878.GDB136_chr4H.fa.394650001..395150000
[OK] 4.882.GDB136_chr4H.fa.396450001..396950000
[OK] 4.859.GDB136_chr4H.fa.386100001..386600000
[OK] 4.833.GDB136_chr4H.fa.374400001..374900000
[OK] 4.868.GDB136_chr4H.fa.390150001..390650000
[OK] 4.836.GDB136_chr4H.fa.375750001..376250000
[OK] 4.854.GDB136_chr4H.fa.383850001..384350000
[OK] 4.875.GDB136_chr4H.fa.393300001..393800000
[OK] 4.848.GDB136_chr4H.fa.381150001..381650000
[OK] 4.865.GDB136_chr4H.fa.388800001..389300000
[OK] 4.887.GDB136_chr4H.fa.398700001..399200000
[OK] 4.889.GDB136_chr4H.fa.399600001..400100000
[OK] 4.879.GDB136_chr4H.fa.395100001..395600000
[OK] 4.818.GDB136_chr4H.fa.367650001..368150000
[OK] 4.850.GDB136_chr4H.fa.382050001..382550000
[OK] 4.862.GDB136_chr4H.fa.387450001..387950000
[OK] 4.890.GDB136_chr4H.fa.400050001..400550000
[OK] 4.901.GDB136_chr4H.fa.405000001..405500000
[OK] 4.872.GDB136_chr4H.fa.391950001..392450000
[OK] 4.891.GDB136_chr4H.fa.400500001..401000000
[OK] 4.847.GDB136_chr4H.fa.380700001..381200000
[OK] 4.864.GDB136_chr4H.fa.388350001..388850000
[OK] 4.881.GDB136_chr4H.fa.396000001..396500000
[OK] 4.883.GDB136_chr4H.fa.396900001..397400000
[OK] 4.843.GDB136_chr4H.fa.378900001..379400000
[OK] 4.902.GDB136_chr4H.fa.405450001..405950000
[OK] 4.858.GDB136_chr4H.fa.385650001..386150000
[OK] 4.884.GDB136_chr4H.fa.397350001..397850000
[OK] 4.885.GDB136_chr4H.fa.397800001..398300000
[OK] 4.861.GDB136_chr4H.fa.387000001..387500000
[OK] 4.876.GDB136_chr4H.fa.393750001..394250000
[OK] 4.874.GDB136_chr4H.fa.392850001..393350000
[OK] 4.842.GDB136_chr4H.fa.378450001..378950000
[OK] 4.893.GDB136_chr4H.fa.401400001..401900000
[OK] 4.897.GDB136_chr4H.fa.403200001..403700000
[OK] 4.821.GDB136_chr4H.fa.369000001..369500000
[OK] 4.899.GDB136_chr4H.fa.404100001..404600000
[OK] 4.925.GDB136_chr4H.fa.415800001..416300000
[OK] 4.894.GDB136_chr4H.fa.401850001..402350000
[OK] 4.828.GDB136_chr4H.fa.372150001..372650000
[OK] 4.886.GDB136_chr4H.fa.398250001..398750000
[OK] 4.900.GDB136_chr4H.fa.404550001..405050000
[OK] 4.892.GDB136_chr4H.fa.400950001..401450000
[OK] 4.911.GDB136_chr4H.fa.409500001..410000000
[OK] 4.896.GDB136_chr4H.fa.402750001..403250000
[OK] 4.869.GDB136_chr4H.fa.390600001..391100000
[OK] 4.919.GDB136_chr4H.fa.413100001..413600000
[OK] 4.895.GDB136_chr4H.fa.402300001..402800000
[OK] 4.904.GDB136_chr4H.fa.406350001..406850000
[OK] 4.898.GDB136_chr4H.fa.403650001..404150000
[OK] 4.912.GDB136_chr4H.fa.409950001..410450000
[OK] 4.903.GDB136_chr4H.fa.405900001..406400000
[OK] 4.907.GDB136_chr4H.fa.407700001..408200000
[OK] 4.917.GDB136_chr4H.fa.412200001..412700000
[OK] 4.853.GDB136_chr4H.fa.383400001..383900000
[OK] 4.940.GDB136_chr4H.fa.422550001..423050000
[OK] 4.932.GDB136_chr4H.fa.418950001..419450000
[OK] 4.913.GDB136_chr4H.fa.410400001..410900000
[OK] 4.915.GDB136_chr4H.fa.411300001..411800000
[OK] 4.910.GDB136_chr4H.fa.409050001..409550000
[OK] 4.905.GDB136_chr4H.fa.406800001..407300000
[OK] 4.923.GDB136_chr4H.fa.414900001..415400000
[OK] 4.908.GDB136_chr4H.fa.408150001..408650000
[OK] 4.921.GDB136_chr4H.fa.414000001..414500000
[OK] 4.916.GDB136_chr4H.fa.411750001..412250000
[OK] 4.944.GDB136_chr4H.fa.424350001..424850000
[OK] 4.918.GDB136_chr4H.fa.412650001..413150000
[OK] 4.935.GDB136_chr4H.fa.420300001..420800000
[OK] 4.922.GDB136_chr4H.fa.414450001..414950000
[OK] 4.938.GDB136_chr4H.fa.421650001..422150000
[OK] 4.941.GDB136_chr4H.fa.423000001..423500000
[OK] 4.937.GDB136_chr4H.fa.421200001..421700000
[OK] 4.939.GDB136_chr4H.fa.422100001..422600000
[OK] 4.945.GDB136_chr4H.fa.424800001..425300000
[OK] 4.909.GDB136_chr4H.fa.408600001..409100000
[OK] 4.926.GDB136_chr4H.fa.416250001..416750000
[OK] 4.906.GDB136_chr4H.fa.407250001..407750000
[OK] 4.924.GDB136_chr4H.fa.415350001..415850000
[OK] 4.936.GDB136_chr4H.fa.420750001..421250000
[OK] 4.962.GDB136_chr4H.fa.432450001..432950000
[OK] 4.931.GDB136_chr4H.fa.418500001..419000000
[OK] 4.927.GDB136_chr4H.fa.416700001..417200000
[OK] 4.948.GDB136_chr4H.fa.426150001..426650000
[OK] 4.956.GDB136_chr4H.fa.429750001..430250000
[OK] 4.952.GDB136_chr4H.fa.427950001..428450000
[OK] 4.942.GDB136_chr4H.fa.423450001..423950000
[OK] 4.970.GDB136_chr4H.fa.436050001..436550000
[OK] 4.920.GDB136_chr4H.fa.413550001..414050000
[OK] 4.957.GDB136_chr4H.fa.430200001..430700000
[OK] 4.946.GDB136_chr4H.fa.425250001..425750000
[OK] 4.968.GDB136_chr4H.fa.435150001..435650000
[OK] 4.972.GDB136_chr4H.fa.436950001..437450000
[OK] 4.934.GDB136_chr4H.fa.419850001..420350000
[OK] 4.965.GDB136_chr4H.fa.433800001..434300000
[OK] 4.987.GDB136_chr4H.fa.443700001..444200000
[OK] 4.950.GDB136_chr4H.fa.427050001..427550000
[OK] 4.967.GDB136_chr4H.fa.434700001..435200000
[OK] 4.966.GDB136_chr4H.fa.434250001..434750000
[OK] 4.933.GDB136_chr4H.fa.419400001..419900000
[OK] 4.951.GDB136_chr4H.fa.427500001..428000000
[OK] 4.958.GDB136_chr4H.fa.430650001..431150000
[OK] 4.929.GDB136_chr4H.fa.417600001..418100000
[OK] 4.949.GDB136_chr4H.fa.426600001..427100000
[OK] 4.986.GDB136_chr4H.fa.443250001..443750000
[OK] 4.974.GDB136_chr4H.fa.437850001..438350000
[OK] 4.953.GDB136_chr4H.fa.428400001..428900000
[OK] 4.964.GDB136_chr4H.fa.433350001..433850000
[OK] 4.984.GDB136_chr4H.fa.442350001..442850000
[OK] 4.960.GDB136_chr4H.fa.431550001..432050000
[OK] 4.961.GDB136_chr4H.fa.432000001..432500000
[OK] 4.930.GDB136_chr4H.fa.418050001..418550000
[OK] 4.963.GDB136_chr4H.fa.432900001..433400000
[OK] 4.969.GDB136_chr4H.fa.435600001..436100000
[OK] 4.959.GDB136_chr4H.fa.431100001..431600000
[OK] 4.979.GDB136_chr4H.fa.440100001..440600000
[OK] 4.985.GDB136_chr4H.fa.442800001..443300000
[OK] 4.914.GDB136_chr4H.fa.410850001..411350000
[OK] 4.947.GDB136_chr4H.fa.425700001..426200000
[OK] 4.943.GDB136_chr4H.fa.423900001..424400000
[OK] 4.978.GDB136_chr4H.fa.439650001..440150000
[OK] 4.954.GDB136_chr4H.fa.428850001..429350000
[OK] 4.982.GDB136_chr4H.fa.441450001..441950000
[OK] 4.977.GDB136_chr4H.fa.439200001..439700000
[OK] 4.981.GDB136_chr4H.fa.441000001..441500000
[OK] 4.983.GDB136_chr4H.fa.441900001..442400000
[OK] 4.980.GDB136_chr4H.fa.440550001..441050000
[OK] 4.989.GDB136_chr4H.fa.444600001..445100000
[OK] 4.975.GDB136_chr4H.fa.438300001..438800000
[OK] 4.971.GDB136_chr4H.fa.436500001..437000000
[OK] 4.976.GDB136_chr4H.fa.438750001..439250000
[OK] 4.1003.GDB136_chr4H.fa.450900001..451400000
[OK] 4.1000.GDB136_chr4H.fa.449550001..450050000
[OK] 4.973.GDB136_chr4H.fa.437400001..437900000
[OK] 4.990.GDB136_chr4H.fa.445050001..445550000
[OK] 4.992.GDB136_chr4H.fa.445950001..446450000
[OK] 4.928.GDB136_chr4H.fa.417150001..417650000
[OK] 4.996.GDB136_chr4H.fa.447750001..448250000
[OK] 4.994.GDB136_chr4H.fa.446850001..447350000
[OK] 4.997.GDB136_chr4H.fa.448200001..448700000
[OK] 4.955.GDB136_chr4H.fa.429300001..429800000
[OK] 4.993.GDB136_chr4H.fa.446400001..446900000
[OK] 4.1002.GDB136_chr4H.fa.450450001..450950000
[OK] 4.991.GDB136_chr4H.fa.445500001..446000000
[OK] 4.1001.GDB136_chr4H.fa.450000001..450500000
[OK] 4.995.GDB136_chr4H.fa.447300001..447800000
[OK] 4.1006.GDB136_chr4H.fa.452250001..452750000
[OK] 4.988.GDB136_chr4H.fa.444150001..444650000
[OK] 4.1004.GDB136_chr4H.fa.451350001..451850000
[OK] 4.998.GDB136_chr4H.fa.448650001..449150000
[OK] 4.1005.GDB136_chr4H.fa.451800001..452300000
[OK] 4.1007.GDB136_chr4H.fa.452700001..453200000
[OK] 4.1013.GDB136_chr4H.fa.455400001..455900000
[OK] 4.1011.GDB136_chr4H.fa.454500001..455000000
[OK] 4.1019.GDB136_chr4H.fa.458100001..458600000
[OK] 4.999.GDB136_chr4H.fa.449100001..449600000
[OK] 4.1015.GDB136_chr4H.fa.456300001..456800000
[OK] 4.1037.GDB136_chr4H.fa.466200001..466700000
[OK] 4.1021.GDB136_chr4H.fa.459000001..459500000
[OK] 4.1018.GDB136_chr4H.fa.457650001..458150000
[OK] 4.1040.GDB136_chr4H.fa.467550001..468050000
[OK] 4.1044.GDB136_chr4H.fa.469350001..469850000
[OK] 4.1042.GDB136_chr4H.fa.468450001..468950000
[OK] 4.1020.GDB136_chr4H.fa.458550001..459050000
[OK] 4.1016.GDB136_chr4H.fa.456750001..457250000
[OK] 4.1009.GDB136_chr4H.fa.453600001..454100000
[OK] 4.1008.GDB136_chr4H.fa.453150001..453650000
[OK] 4.1038.GDB136_chr4H.fa.466650001..467150000
[OK] 4.1036.GDB136_chr4H.fa.465750001..466250000
[OK] 4.1014.GDB136_chr4H.fa.455850001..456350000
[OK] 4.1028.GDB136_chr4H.fa.462150001..462650000
[OK] 4.1039.GDB136_chr4H.fa.467100001..467600000
[OK] 4.1045.GDB136_chr4H.fa.469800001..470300000
[OK] 4.1050.GDB136_chr4H.fa.472050001..472550000
[OK] 4.1030.GDB136_chr4H.fa.463050001..463550000
[OK] 4.1054.GDB136_chr4H.fa.473850001..474350000
[OK] 4.1031.GDB136_chr4H.fa.463500001..464000000
[OK] 4.1026.GDB136_chr4H.fa.461250001..461750000
[OK] 4.1035.GDB136_chr4H.fa.465300001..465800000
[OK] 4.1071.GDB136_chr4H.fa.481500001..482000000
[OK] 4.1043.GDB136_chr4H.fa.468900001..469400000
[OK] 4.1017.GDB136_chr4H.fa.457200001..457700000
[OK] 4.1058.GDB136_chr4H.fa.475650001..476150000
[OK] 4.1069.GDB136_chr4H.fa.480600001..481100000
[OK] 4.1029.GDB136_chr4H.fa.462600001..463100000
[OK] 4.1027.GDB136_chr4H.fa.461700001..462200000
[OK] 4.1033.GDB136_chr4H.fa.464400001..464900000
[OK] 4.1076.GDB136_chr4H.fa.483750001..484250000
[OK] 4.1012.GDB136_chr4H.fa.454950001..455450000
[OK] 4.1064.GDB136_chr4H.fa.478350001..478850000
[OK] 4.1022.GDB136_chr4H.fa.459450001..459950000
[OK] 4.1079.GDB136_chr4H.fa.485100001..485600000
[OK] 4.1032.GDB136_chr4H.fa.463950001..464450000
[OK] 4.1081.GDB136_chr4H.fa.486000001..486500000
[OK] 4.1059.GDB136_chr4H.fa.476100001..476600000
[OK] 4.1080.GDB136_chr4H.fa.485550001..486050000
[OK] 4.1051.GDB136_chr4H.fa.472500001..473000000
[OK] 4.1047.GDB136_chr4H.fa.470700001..471200000
[OK] 4.1065.GDB136_chr4H.fa.478800001..479300000
[OK] 4.1068.GDB136_chr4H.fa.480150001..480650000
[OK] 4.1048.GDB136_chr4H.fa.471150001..471650000
[OK] 4.1061.GDB136_chr4H.fa.477000001..477500000
[OK] 4.1087.GDB136_chr4H.fa.488700001..489200000
[OK] 4.1034.GDB136_chr4H.fa.464850001..465350000
[OK] 4.1072.GDB136_chr4H.fa.481950001..482450000
[OK] 4.1055.GDB136_chr4H.fa.474300001..474800000
[OK] 4.1053.GDB136_chr4H.fa.473400001..473900000
[OK] 4.1025.GDB136_chr4H.fa.460800001..461300000
[OK] 4.1090.GDB136_chr4H.fa.490050001..490550000
[OK] 4.1086.GDB136_chr4H.fa.488250001..488750000
[OK] 4.1060.GDB136_chr4H.fa.476550001..477050000
[OK] 4.1046.GDB136_chr4H.fa.470250001..470750000
[OK] 4.1082.GDB136_chr4H.fa.486450001..486950000
[OK] 4.1063.GDB136_chr4H.fa.477900001..478400000
[OK] 4.1066.GDB136_chr4H.fa.479250001..479750000
[OK] 4.1075.GDB136_chr4H.fa.483300001..483800000
[OK] 4.1010.GDB136_chr4H.fa.454050001..454550000
[OK] 4.1077.GDB136_chr4H.fa.484200001..484700000
[OK] 4.1067.GDB136_chr4H.fa.479700001..480200000
[OK] 4.1024.GDB136_chr4H.fa.460350001..460850000
[OK] 4.1102.GDB136_chr4H.fa.495450001..495950000
[OK] 4.1070.GDB136_chr4H.fa.481050001..481550000
[OK] 4.1057.GDB136_chr4H.fa.475200001..475700000
[OK] 4.1083.GDB136_chr4H.fa.486900001..487400000
[OK] 4.1056.GDB136_chr4H.fa.474750001..475250000
[OK] 4.1049.GDB136_chr4H.fa.471600001..472100000
[OK] 4.1100.GDB136_chr4H.fa.494550001..495050000
[OK] 4.1052.GDB136_chr4H.fa.472950001..473450000
[OK] 4.1062.GDB136_chr4H.fa.477450001..477950000
[OK] 4.1073.GDB136_chr4H.fa.482400001..482900000
[OK] 4.1092.GDB136_chr4H.fa.490950001..491450000
[OK] 4.1093.GDB136_chr4H.fa.491400001..491900000
[OK] 4.1074.GDB136_chr4H.fa.482850001..483350000
[OK] 4.1023.GDB136_chr4H.fa.459900001..460400000
[OK] 4.1095.GDB136_chr4H.fa.492300001..492800000
[OK] 4.1078.GDB136_chr4H.fa.484650001..485150000
[OK] 4.1091.GDB136_chr4H.fa.490500001..491000000
[OK] 4.1085.GDB136_chr4H.fa.487800001..488300000
[OK] 4.1089.GDB136_chr4H.fa.489600001..490100000
[OK] 4.1084.GDB136_chr4H.fa.487350001..487850000
[OK] 4.1098.GDB136_chr4H.fa.493650001..494150000
[OK] 4.1099.GDB136_chr4H.fa.494100001..494600000
[OK] 4.1097.GDB136_chr4H.fa.493200001..493700000
[OK] 4.1088.GDB136_chr4H.fa.489150001..489650000
[OK] 4.1041.GDB136_chr4H.fa.468000001..468500000
[OK] 4.1107.GDB136_chr4H.fa.497700001..498200000
[OK] 4.1106.GDB136_chr4H.fa.497250001..497750000
[OK] 4.1111.GDB136_chr4H.fa.499500001..500000000
[OK] 4.1094.GDB136_chr4H.fa.491850001..492350000
[OK] 4.1103.GDB136_chr4H.fa.495900001..496400000
[OK] 4.1110.GDB136_chr4H.fa.499050001..499550000
[OK] 4.1132.GDB136_chr4H.fa.508950001..509450000
[OK] 4.1096.GDB136_chr4H.fa.492750001..493250000
[OK] 4.1120.GDB136_chr4H.fa.503550001..504050000
[OK] 4.1104.GDB136_chr4H.fa.496350001..496850000
[OK] 4.1113.GDB136_chr4H.fa.500400001..500900000
[OK] 4.1128.GDB136_chr4H.fa.507150001..507650000
[OK] 4.1105.GDB136_chr4H.fa.496800001..497300000
[OK] 4.1114.GDB136_chr4H.fa.500850001..501350000
[OK] 4.1133.GDB136_chr4H.fa.509400001..509900000
[OK] 4.1121.GDB136_chr4H.fa.504000001..504500000
[OK] 4.1124.GDB136_chr4H.fa.505350001..505850000
[OK] 4.1109.GDB136_chr4H.fa.498600001..499100000
[OK] 4.1101.GDB136_chr4H.fa.495000001..495500000
[OK] 4.1136.GDB136_chr4H.fa.510750001..511250000
[OK] 4.1142.GDB136_chr4H.fa.513450001..513950000
[OK] 4.1131.GDB136_chr4H.fa.508500001..509000000
[OK] 4.1117.GDB136_chr4H.fa.502200001..502700000
[OK] 4.1138.GDB136_chr4H.fa.511650001..512150000
[OK] 4.1135.GDB136_chr4H.fa.510300001..510800000
[OK] 4.1148.GDB136_chr4H.fa.516150001..516650000
[OK] 4.1139.GDB136_chr4H.fa.512100001..512600000
[OK] 4.1122.GDB136_chr4H.fa.504450001..504950000
[OK] 4.1144.GDB136_chr4H.fa.514350001..514850000
[OK] 4.1127.GDB136_chr4H.fa.506700001..507200000
[OK] 4.1130.GDB136_chr4H.fa.508050001..508550000
[OK] 4.1123.GDB136_chr4H.fa.504900001..505400000
[OK] 4.1125.GDB136_chr4H.fa.505800001..506300000
[OK] 4.1156.GDB136_chr4H.fa.519750001..520250000
[OK] 4.1129.GDB136_chr4H.fa.507600001..508100000
[OK] 4.1159.GDB136_chr4H.fa.521100001..521600000
[OK] 4.1164.GDB136_chr4H.fa.523350001..523850000
[OK] 4.1118.GDB136_chr4H.fa.502650001..503150000
[OK] 4.1150.GDB136_chr4H.fa.517050001..517550000
[OK] 4.1115.GDB136_chr4H.fa.501300001..501800000
[OK] 4.1152.GDB136_chr4H.fa.517950001..518450000
[OK] 4.1162.GDB136_chr4H.fa.522450001..522950000
[OK] 4.1163.GDB136_chr4H.fa.522900001..523400000
[OK] 4.1126.GDB136_chr4H.fa.506250001..506750000
[OK] 4.1172.GDB136_chr4H.fa.526950001..527450000
[OK] 4.1170.GDB136_chr4H.fa.526050001..526550000
[OK] 4.1141.GDB136_chr4H.fa.513000001..513500000
[OK] 4.1145.GDB136_chr4H.fa.514800001..515300000
[OK] 4.1143.GDB136_chr4H.fa.513900001..514400000
[OK] 4.1151.GDB136_chr4H.fa.517500001..518000000
[OK] 4.1165.GDB136_chr4H.fa.523800001..524300000
[OK] 4.1112.GDB136_chr4H.fa.499950001..500450000
[OK] 4.1154.GDB136_chr4H.fa.518850001..519350000
[OK] 4.1176.GDB136_chr4H.fa.528750001..529250000
[OK] 4.1166.GDB136_chr4H.fa.524250001..524750000
[OK] 4.1180.GDB136_chr4H.fa.530550001..531050000
[OK] 4.1119.GDB136_chr4H.fa.503100001..503600000
[OK] 4.1167.GDB136_chr4H.fa.524700001..525200000
[OK] 4.1179.GDB136_chr4H.fa.530100001..530600000
[OK] 4.1169.GDB136_chr4H.fa.525600001..526100000
[OK] 4.1116.GDB136_chr4H.fa.501750001..502250000
[OK] 4.1160.GDB136_chr4H.fa.521550001..522050000
[OK] 4.1137.GDB136_chr4H.fa.511200001..511700000
[OK] 4.1157.GDB136_chr4H.fa.520200001..520700000
[OK] 4.1174.GDB136_chr4H.fa.527850001..528350000
[OK] 4.1175.GDB136_chr4H.fa.528300001..528800000
[OK] 4.1158.GDB136_chr4H.fa.520650001..521150000
[OK] 4.1161.GDB136_chr4H.fa.522000001..522500000
[OK] 4.1147.GDB136_chr4H.fa.515700001..516200000
[OK] 4.1185.GDB136_chr4H.fa.532800001..533300000
[OK] 4.1149.GDB136_chr4H.fa.516600001..517100000
[OK] 4.1173.GDB136_chr4H.fa.527400001..527900000
[OK] 4.1182.GDB136_chr4H.fa.531450001..531950000
[OK] 4.1140.GDB136_chr4H.fa.512550001..513050000
[OK] 4.1171.GDB136_chr4H.fa.526500001..527000000
[OK] 4.1153.GDB136_chr4H.fa.518400001..518900000
[OK] 4.1190.GDB136_chr4H.fa.535050001..535550000
[OK] 4.1183.GDB136_chr4H.fa.531900001..532400000
[OK] 4.1189.GDB136_chr4H.fa.534600001..535100000
[OK] 4.1187.GDB136_chr4H.fa.533700001..534200000
[OK] 4.1146.GDB136_chr4H.fa.515250001..515750000
[OK] 4.1202.GDB136_chr4H.fa.540450001..540950000
[OK] 4.1181.GDB136_chr4H.fa.531000001..531500000
[OK] 4.1155.GDB136_chr4H.fa.519300001..519800000
[OK] 4.1200.GDB136_chr4H.fa.539550001..540050000
[OK] 4.1108.GDB136_chr4H.fa.498150001..498650000
[OK] 4.1188.GDB136_chr4H.fa.534150001..534650000
[OK] 4.1184.GDB136_chr4H.fa.532350001..532850000
[OK] 4.1186.GDB136_chr4H.fa.533250001..533750000
[OK] 4.1205.GDB136_chr4H.fa.541800001..542300000
[OK] 4.1177.GDB136_chr4H.fa.529200001..529700000
[OK] 4.1196.GDB136_chr4H.fa.537750001..538250000
[OK] 4.1203.GDB136_chr4H.fa.540900001..541400000
[OK] 4.1168.GDB136_chr4H.fa.525150001..525650000
[OK] 4.1134.GDB136_chr4H.fa.509850001..510350000
[OK] 4.1192.GDB136_chr4H.fa.535950001..536450000
[OK] 4.1194.GDB136_chr4H.fa.536850001..537350000
[OK] 4.1210.GDB136_chr4H.fa.544050001..544550000
[OK] 4.1218.GDB136_chr4H.fa.547650001..548150000
[OK] 4.1199.GDB136_chr4H.fa.539100001..539600000
[OK] 4.1215.GDB136_chr4H.fa.546300001..546800000
[OK] 4.1195.GDB136_chr4H.fa.537300001..537800000
[OK] 4.1239.GDB136_chr4H.fa.557100001..557600000
[OK] 4.1209.GDB136_chr4H.fa.543600001..544100000
[OK] 4.1211.GDB136_chr4H.fa.544500001..545000000
[OK] 4.1204.GDB136_chr4H.fa.541350001..541850000
[OK] 4.1206.GDB136_chr4H.fa.542250001..542750000
[OK] 4.1228.GDB136_chr4H.fa.552150001..552650000
[OK] 4.1221.GDB136_chr4H.fa.549000001..549500000
[OK] 4.1208.GDB136_chr4H.fa.543150001..543650000
[OK] 4.1198.GDB136_chr4H.fa.538650001..539150000
[OK] 4.1207.GDB136_chr4H.fa.542700001..543200000
[OK] 4.1201.GDB136_chr4H.fa.540000001..540500000
[OK] 4.1191.GDB136_chr4H.fa.535500001..536000000
[OK] 4.1213.GDB136_chr4H.fa.545400001..545900000
[OK] 4.1245.GDB136_chr4H.fa.559800001..560300000
[OK] 4.1224.GDB136_chr4H.fa.550350001..550850000
[OK] 4.1235.GDB136_chr4H.fa.555300001..555800000
[OK] 4.1249.GDB136_chr4H.fa.561600001..562100000
[OK] 4.1220.GDB136_chr4H.fa.548550001..549050000
[OK] 4.1233.GDB136_chr4H.fa.554400001..554900000
[OK] 4.1244.GDB136_chr4H.fa.559350001..559850000
[OK] 4.1227.GDB136_chr4H.fa.551700001..552200000
[OK] 4.1193.GDB136_chr4H.fa.536400001..536900000
[OK] 4.1246.GDB136_chr4H.fa.560250001..560750000
[OK] 4.1266.GDB136_chr4H.fa.569250001..569750000
[OK] 4.1250.GDB136_chr4H.fa.562050001..562550000
[OK] 4.1216.GDB136_chr4H.fa.546750001..547250000
[OK] 4.1212.GDB136_chr4H.fa.544950001..545450000
[OK] 4.1197.GDB136_chr4H.fa.538200001..538700000
[OK] 4.1214.GDB136_chr4H.fa.545850001..546350000
[OK] 4.1219.GDB136_chr4H.fa.548100001..548600000
[OK] 4.1255.GDB136_chr4H.fa.564300001..564800000
[OK] 4.1238.GDB136_chr4H.fa.556650001..557150000
[OK] 4.1259.GDB136_chr4H.fa.566100001..566600000
[OK] 4.1229.GDB136_chr4H.fa.552600001..553100000
[OK] 4.1242.GDB136_chr4H.fa.558450001..558950000
[OK] 4.1230.GDB136_chr4H.fa.553050001..553550000
[OK] 4.1217.GDB136_chr4H.fa.547200001..547700000
[OK] 4.1231.GDB136_chr4H.fa.553500001..554000000
[OK] 4.1248.GDB136_chr4H.fa.561150001..561650000
[OK] 4.1222.GDB136_chr4H.fa.549450001..549950000
[OK] 4.1252.GDB136_chr4H.fa.562950001..563450000
[OK] 4.1237.GDB136_chr4H.fa.556200001..556700000
[OK] 4.1262.GDB136_chr4H.fa.567450001..567950000
[OK] 4.1226.GDB136_chr4H.fa.551250001..551750000
[OK] 4.1270.GDB136_chr4H.fa.571050001..571550000
[OK] 4.1251.GDB136_chr4H.fa.562500001..563000000
[OK] 4.1236.GDB136_chr4H.fa.555750001..556250000
[OK] 4.1232.GDB136_chr4H.fa.553950001..554450000
[OK] 4.1257.GDB136_chr4H.fa.565200001..565700000
[OK] 4.1254.GDB136_chr4H.fa.563850001..564350000
[OK] 4.1225.GDB136_chr4H.fa.550800001..551300000
[OK] 4.1241.GDB136_chr4H.fa.558000001..558500000
[OK] 4.1223.GDB136_chr4H.fa.549900001..550400000
[OK] 4.1268.GDB136_chr4H.fa.570150001..570650000
[OK] 4.1258.GDB136_chr4H.fa.565650001..566150000
[OK] 4.1274.GDB136_chr4H.fa.572850001..573350000
[OK] 4.1278.GDB136_chr4H.fa.574650001..575150000
[OK] 4.1281.GDB136_chr4H.fa.576000001..576500000
[OK] 4.1277.GDB136_chr4H.fa.574200001..574700000
[OK] 4.1264.GDB136_chr4H.fa.568350001..568850000
[OK] 4.1234.GDB136_chr4H.fa.554850001..555350000
[OK] 4.1279.GDB136_chr4H.fa.575100001..575600000
[OK] 4.1256.GDB136_chr4H.fa.564750001..565250000
[OK] 4.1253.GDB136_chr4H.fa.563400001..563900000
[OK] 4.1271.GDB136_chr4H.fa.571500001..572000000
[OK] 4.1269.GDB136_chr4H.fa.570600001..571100000
[OK] 4.1282.GDB136_chr4H.fa.576450001..576950000
[OK] 4.1302.GDB136_chr4H.fa.585450001..585950000
[OK] 4.1287.GDB136_chr4H.fa.578700001..579200000
[OK] 4.1243.GDB136_chr4H.fa.558900001..559400000
[OK] 4.1260.GDB136_chr4H.fa.566550001..567050000
[OK] 4.1265.GDB136_chr4H.fa.568800001..569300000
[OK] 4.1263.GDB136_chr4H.fa.567900001..568400000
[OK] 4.1267.GDB136_chr4H.fa.569700001..570200000
[OK] 4.1240.GDB136_chr4H.fa.557550001..558050000
[OK] 4.1178.GDB136_chr4H.fa.529650001..530150000
[OK] 4.1284.GDB136_chr4H.fa.577350001..577850000
[OK] 4.1285.GDB136_chr4H.fa.577800001..578300000
[OK] 4.1273.GDB136_chr4H.fa.572400001..572900000
[OK] 4.1301.GDB136_chr4H.fa.585000001..585500000
[OK] 4.1297.GDB136_chr4H.fa.583200001..583700000
[OK] 4.1261.GDB136_chr4H.fa.567000001..567500000
[OK] 4.1247.GDB136_chr4H.fa.560700001..561200000
[OK] 4.1292.GDB136_chr4H.fa.580950001..581450000
[OK] 4.1280.GDB136_chr4H.fa.575550001..576050000
[OK] 4.1296.GDB136_chr4H.fa.582750001..583250000
[OK] 4.1290.GDB136_chr4H.fa.580050001..580550000
[OK] 4.1275.GDB136_chr4H.fa.573300001..573800000
[OK] 4.1286.GDB136_chr4H.fa.578250001..578750000
[OK] 4.1308.GDB136_chr4H.fa.588150001..588650000
[OK] 4.1333.GDB136_chr4H.fa.599400001..599900000
[OK] 4.1303.GDB136_chr4H.fa.585900001..586400000
[OK] 4.1317.GDB136_chr4H.fa.592200001..592700000
[OK] 4.1319.GDB136_chr4H.fa.593100001..593600000
[OK] 5.001.GDB136_chr5H.fa.1..500000
[OK] 4.1318.GDB136_chr4H.fa.592650001..593150000
[OK] 4.1312.GDB136_chr4H.fa.589950001..590450000
[OK] 4.1293.GDB136_chr4H.fa.581400001..581900000
[OK] 4.1345.GDB136_chr4H.fa.604800001..605112810
[OK] 4.1291.GDB136_chr4H.fa.580500001..581000000
[OK] 4.1295.GDB136_chr4H.fa.582300001..582800000
[OK] 4.1299.GDB136_chr4H.fa.584100001..584600000
[OK] 4.1311.GDB136_chr4H.fa.589500001..590000000
[OK] 4.1336.GDB136_chr4H.fa.600750001..601250000
[OK] 4.1288.GDB136_chr4H.fa.579150001..579650000
[OK] 4.1276.GDB136_chr4H.fa.573750001..574250000
[OK] 4.1307.GDB136_chr4H.fa.587700001..588200000
[OK] 4.1289.GDB136_chr4H.fa.579600001..580100000
[OK] 4.1310.GDB136_chr4H.fa.589050001..589550000
[OK] 5.007.GDB136_chr5H.fa.2700001..3200000
[OK] 4.1329.GDB136_chr4H.fa.597600001..598100000
[OK] 4.1298.GDB136_chr4H.fa.583650001..584150000
[OK] 4.1314.GDB136_chr4H.fa.590850001..591350000
[OK] 4.1340.GDB136_chr4H.fa.602550001..603050000
[OK] 4.1283.GDB136_chr4H.fa.576900001..577400000
[OK] 4.1339.GDB136_chr4H.fa.602100001..602600000
[OK] 4.1342.GDB136_chr4H.fa.603450001..603950000
[OK] 4.1321.GDB136_chr4H.fa.594000001..594500000
[OK] 4.1334.GDB136_chr4H.fa.599850001..600350000
[OK] 4.1344.GDB136_chr4H.fa.604350001..604850000
[OK] 4.1337.GDB136_chr4H.fa.601200001..601700000
[OK] 4.1328.GDB136_chr4H.fa.597150001..597650000
[OK] 4.1306.GDB136_chr4H.fa.587250001..587750000
[OK] 5.003.GDB136_chr5H.fa.900001..1400000
[OK] 4.1313.GDB136_chr4H.fa.590400001..590900000
[OK] 4.1325.GDB136_chr4H.fa.595800001..596300000
[OK] 4.1304.GDB136_chr4H.fa.586350001..586850000
[OK] 5.004.GDB136_chr5H.fa.1350001..1850000
[OK] 5.006.GDB136_chr5H.fa.2250001..2750000
[OK] 4.1324.GDB136_chr4H.fa.595350001..595850000
[OK] 4.1300.GDB136_chr4H.fa.584550001..585050000
[OK] 4.1332.GDB136_chr4H.fa.598950001..599450000
[OK] 4.1316.GDB136_chr4H.fa.591750001..592250000
[OK] 4.1272.GDB136_chr4H.fa.571950001..572450000
[OK] 4.1331.GDB136_chr4H.fa.598500001..599000000
[OK] 4.1341.GDB136_chr4H.fa.603000001..603500000
[OK] 4.1323.GDB136_chr4H.fa.594900001..595400000
[OK] 5.005.GDB136_chr5H.fa.1800001..2300000
[OK] 4.1305.GDB136_chr4H.fa.586800001..587300000
[OK] 5.016.GDB136_chr5H.fa.6750001..7250000
[OK] 4.1315.GDB136_chr4H.fa.591300001..591800000
[OK] 4.1322.GDB136_chr4H.fa.594450001..594950000
[OK] 5.009.GDB136_chr5H.fa.3600001..4100000
[OK] 5.018.GDB136_chr5H.fa.7650001..8150000
[OK] 5.011.GDB136_chr5H.fa.4500001..5000000
[OK] 5.008.GDB136_chr5H.fa.3150001..3650000
[OK] 5.002.GDB136_chr5H.fa.450001..950000
[OK] 4.1294.GDB136_chr4H.fa.581850001..582350000
[OK] 4.1309.GDB136_chr4H.fa.588600001..589100000
[OK] 5.017.GDB136_chr5H.fa.7200001..7700000
[OK] 4.1335.GDB136_chr4H.fa.600300001..600800000
[OK] 5.015.GDB136_chr5H.fa.6300001..6800000
[OK] 5.026.GDB136_chr5H.fa.11250001..11750000
[OK] 4.1326.GDB136_chr4H.fa.596250001..596750000
[OK] 4.1330.GDB136_chr4H.fa.598050001..598550000
[OK] 5.034.GDB136_chr5H.fa.14850001..15350000
[OK] 5.010.GDB136_chr5H.fa.4050001..4550000
[OK] 5.023.GDB136_chr5H.fa.9900001..10400000
[OK] 4.1327.GDB136_chr4H.fa.596700001..597200000
[OK] 5.022.GDB136_chr5H.fa.9450001..9950000
[OK] 5.050.GDB136_chr5H.fa.22050001..22550000
[OK] 5.044.GDB136_chr5H.fa.19350001..19850000
[OK] 5.035.GDB136_chr5H.fa.15300001..15800000
[OK] 5.020.GDB136_chr5H.fa.8550001..9050000
[OK] 4.1343.GDB136_chr4H.fa.603900001..604400000
[OK] 5.021.GDB136_chr5H.fa.9000001..9500000
[OK] 5.043.GDB136_chr5H.fa.18900001..19400000
[OK] 5.019.GDB136_chr5H.fa.8100001..8600000
[OK] 5.039.GDB136_chr5H.fa.17100001..17600000
[OK] 5.052.GDB136_chr5H.fa.22950001..23450000
[OK] 5.033.GDB136_chr5H.fa.14400001..14900000
[OK] 4.1338.GDB136_chr4H.fa.601650001..602150000
[OK] 5.031.GDB136_chr5H.fa.13500001..14000000
[OK] 5.012.GDB136_chr5H.fa.4950001..5450000
[OK] 5.042.GDB136_chr5H.fa.18450001..18950000
[OK] 5.024.GDB136_chr5H.fa.10350001..10850000
[OK] 5.037.GDB136_chr5H.fa.16200001..16700000
[OK] 5.070.GDB136_chr5H.fa.31050001..31550000
[OK] 5.025.GDB136_chr5H.fa.10800001..11300000
[OK] 5.051.GDB136_chr5H.fa.22500001..23000000
[OK] 5.069.GDB136_chr5H.fa.30600001..31100000
[OK] 5.045.GDB136_chr5H.fa.19800001..20300000
[OK] 5.029.GDB136_chr5H.fa.12600001..13100000
[OK] 5.013.GDB136_chr5H.fa.5400001..5900000
[OK] 5.058.GDB136_chr5H.fa.25650001..26150000
[OK] 5.068.GDB136_chr5H.fa.30150001..30650000
[OK] 5.036.GDB136_chr5H.fa.15750001..16250000
[OK] 5.075.GDB136_chr5H.fa.33300001..33800000
[OK] 5.073.GDB136_chr5H.fa.32400001..32900000
[OK] 5.063.GDB136_chr5H.fa.27900001..28400000
[OK] 5.057.GDB136_chr5H.fa.25200001..25700000
[OK] 5.056.GDB136_chr5H.fa.24750001..25250000
[OK] 5.030.GDB136_chr5H.fa.13050001..13550000
[OK] 5.032.GDB136_chr5H.fa.13950001..14450000
[OK] 5.055.GDB136_chr5H.fa.24300001..24800000
[OK] 5.040.GDB136_chr5H.fa.17550001..18050000
[OK] 5.038.GDB136_chr5H.fa.16650001..17150000
[OK] 5.076.GDB136_chr5H.fa.33750001..34250000
[OK] 5.067.GDB136_chr5H.fa.29700001..30200000
[OK] 5.091.GDB136_chr5H.fa.40500001..41000000
[OK] 5.072.GDB136_chr5H.fa.31950001..32450000
[OK] 5.059.GDB136_chr5H.fa.26100001..26600000
[OK] 5.066.GDB136_chr5H.fa.29250001..29750000
[OK] 5.053.GDB136_chr5H.fa.23400001..23900000
[OK] 5.062.GDB136_chr5H.fa.27450001..27950000
[OK] 5.083.GDB136_chr5H.fa.36900001..37400000
[OK] 5.080.GDB136_chr5H.fa.35550001..36050000
[OK] 5.061.GDB136_chr5H.fa.27000001..27500000
[OK] 5.048.GDB136_chr5H.fa.21150001..21650000
[OK] 5.041.GDB136_chr5H.fa.18000001..18500000
[OK] 4.1320.GDB136_chr4H.fa.593550001..594050000
[OK] 5.097.GDB136_chr5H.fa.43200001..43700000
[OK] 5.047.GDB136_chr5H.fa.20700001..21200000
[OK] 5.054.GDB136_chr5H.fa.23850001..24350000
[OK] 5.028.GDB136_chr5H.fa.12150001..12650000
[OK] 5.084.GDB136_chr5H.fa.37350001..37850000
[OK] 5.046.GDB136_chr5H.fa.20250001..20750000
[OK] 5.089.GDB136_chr5H.fa.39600001..40100000
[OK] 5.085.GDB136_chr5H.fa.37800001..38300000
[OK] 5.092.GDB136_chr5H.fa.40950001..41450000
[OK] 5.027.GDB136_chr5H.fa.11700001..12200000
[OK] 5.088.GDB136_chr5H.fa.39150001..39650000
[OK] 5.071.GDB136_chr5H.fa.31500001..32000000
[OK] 5.077.GDB136_chr5H.fa.34200001..34700000
[OK] 5.093.GDB136_chr5H.fa.41400001..41900000
[OK] 5.086.GDB136_chr5H.fa.38250001..38750000
[OK] 5.101.GDB136_chr5H.fa.45000001..45500000
[OK] 5.065.GDB136_chr5H.fa.28800001..29300000
[OK] 5.082.GDB136_chr5H.fa.36450001..36950000
[OK] 5.094.GDB136_chr5H.fa.41850001..42350000
[OK] 5.098.GDB136_chr5H.fa.43650001..44150000
[OK] 5.095.GDB136_chr5H.fa.42300001..42800000
[OK] 5.079.GDB136_chr5H.fa.35100001..35600000
[OK] 5.081.GDB136_chr5H.fa.36000001..36500000
[OK] 5.074.GDB136_chr5H.fa.32850001..33350000
[OK] 5.103.GDB136_chr5H.fa.45900001..46400000
[OK] 5.014.GDB136_chr5H.fa.5850001..6350000
[OK] 5.078.GDB136_chr5H.fa.34650001..35150000
[OK] 5.049.GDB136_chr5H.fa.21600001..22100000
[OK] 5.096.GDB136_chr5H.fa.42750001..43250000
[OK] 5.105.GDB136_chr5H.fa.46800001..47300000
[OK] 5.087.GDB136_chr5H.fa.38700001..39200000
[OK] 5.120.GDB136_chr5H.fa.53550001..54050000
[OK] 5.110.GDB136_chr5H.fa.49050001..49550000
[OK] 5.090.GDB136_chr5H.fa.40050001..40550000
[OK] 5.100.GDB136_chr5H.fa.44550001..45050000
[OK] 5.116.GDB136_chr5H.fa.51750001..52250000
[OK] 5.064.GDB136_chr5H.fa.28350001..28850000
[OK] 5.107.GDB136_chr5H.fa.47700001..48200000
[OK] 5.111.GDB136_chr5H.fa.49500001..50000000
[OK] 5.140.GDB136_chr5H.fa.62550001..63050000
[OK] 5.132.GDB136_chr5H.fa.58950001..59450000
[OK] 5.099.GDB136_chr5H.fa.44100001..44600000
[OK] 5.108.GDB136_chr5H.fa.48150001..48650000
[OK] 5.060.GDB136_chr5H.fa.26550001..27050000
[OK] 5.109.GDB136_chr5H.fa.48600001..49100000
[OK] 5.104.GDB136_chr5H.fa.46350001..46850000
[OK] 5.118.GDB136_chr5H.fa.52650001..53150000
[OK] 5.122.GDB136_chr5H.fa.54450001..54950000
[OK] 5.137.GDB136_chr5H.fa.61200001..61700000
[OK] 5.119.GDB136_chr5H.fa.53100001..53600000
[OK] 5.138.GDB136_chr5H.fa.61650001..62150000
[OK] 5.106.GDB136_chr5H.fa.47250001..47750000
[OK] 5.135.GDB136_chr5H.fa.60300001..60800000
[OK] 5.115.GDB136_chr5H.fa.51300001..51800000
[OK] 5.113.GDB136_chr5H.fa.50400001..50900000
[OK] 5.150.GDB136_chr5H.fa.67050001..67550000
[OK] 5.139.GDB136_chr5H.fa.62100001..62600000
[OK] 5.134.GDB136_chr5H.fa.59850001..60350000
[OK] 5.143.GDB136_chr5H.fa.63900001..64400000
[OK] 5.114.GDB136_chr5H.fa.50850001..51350000
[OK] 5.144.GDB136_chr5H.fa.64350001..64850000
[OK] 5.136.GDB136_chr5H.fa.60750001..61250000
[OK] 5.121.GDB136_chr5H.fa.54000001..54500000
[OK] 5.112.GDB136_chr5H.fa.49950001..50450000
[OK] 5.159.GDB136_chr5H.fa.71100001..71600000
[OK] 5.147.GDB136_chr5H.fa.65700001..66200000
[OK] 5.169.GDB136_chr5H.fa.75600001..76100000
[OK] 5.161.GDB136_chr5H.fa.72000001..72500000
[OK] 5.154.GDB136_chr5H.fa.68850001..69350000
[OK] 5.142.GDB136_chr5H.fa.63450001..63950000
[OK] 5.158.GDB136_chr5H.fa.70650001..71150000
[OK] 5.146.GDB136_chr5H.fa.65250001..65750000
[OK] 5.148.GDB136_chr5H.fa.66150001..66650000
[OK] 5.171.GDB136_chr5H.fa.76500001..77000000
[OK] 5.153.GDB136_chr5H.fa.68400001..68900000
[OK] 5.152.GDB136_chr5H.fa.67950001..68450000
[OK] 5.131.GDB136_chr5H.fa.58500001..59000000
[OK] 5.141.GDB136_chr5H.fa.63000001..63500000
[OK] 5.133.GDB136_chr5H.fa.59400001..59900000
[OK] 5.151.GDB136_chr5H.fa.67500001..68000000
[OK] 5.157.GDB136_chr5H.fa.70200001..70700000
[OK] 5.162.GDB136_chr5H.fa.72450001..72950000
[OK] 5.164.GDB136_chr5H.fa.73350001..73850000
[OK] 5.175.GDB136_chr5H.fa.78300001..78800000
[OK] 5.168.GDB136_chr5H.fa.75150001..75650000
[OK] 5.170.GDB136_chr5H.fa.76050001..76550000
[OK] 5.181.GDB136_chr5H.fa.81000001..81500000
[OK] 5.129.GDB136_chr5H.fa.57600001..58100000
[OK] 5.180.GDB136_chr5H.fa.80550001..81050000
[OK] 5.145.GDB136_chr5H.fa.64800001..65300000
[OK] 5.155.GDB136_chr5H.fa.69300001..69800000
[OK] 5.117.GDB136_chr5H.fa.52200001..52700000
[OK] 5.165.GDB136_chr5H.fa.73800001..74300000
[OK] 5.176.GDB136_chr5H.fa.78750001..79250000
[OK] 5.174.GDB136_chr5H.fa.77850001..78350000
[OK] 5.160.GDB136_chr5H.fa.71550001..72050000
[OK] 5.166.GDB136_chr5H.fa.74250001..74750000
[OK] 5.177.GDB136_chr5H.fa.79200001..79700000
[OK] 5.149.GDB136_chr5H.fa.66600001..67100000
[OK] 5.172.GDB136_chr5H.fa.76950001..77450000
[OK] 5.182.GDB136_chr5H.fa.81450001..81950000
[OK] 5.193.GDB136_chr5H.fa.86400001..86900000
[OK] 5.190.GDB136_chr5H.fa.85050001..85550000
[OK] 5.156.GDB136_chr5H.fa.69750001..70250000
[OK] 5.128.GDB136_chr5H.fa.57150001..57650000
[OK] 5.102.GDB136_chr5H.fa.45450001..45950000
[OK] 5.173.GDB136_chr5H.fa.77400001..77900000
[OK] 5.184.GDB136_chr5H.fa.82350001..82850000
[OK] 5.202.GDB136_chr5H.fa.90450001..90950000
[OK] 5.183.GDB136_chr5H.fa.81900001..82400000
[OK] 5.163.GDB136_chr5H.fa.72900001..73400000
[OK] 5.125.GDB136_chr5H.fa.55800001..56300000
[OK] 5.124.GDB136_chr5H.fa.55350001..55850000
[OK] 5.204.GDB136_chr5H.fa.91350001..91850000
[OK] 5.123.GDB136_chr5H.fa.54900001..55400000
[OK] 5.205.GDB136_chr5H.fa.91800001..92300000
[OK] 5.188.GDB136_chr5H.fa.84150001..84650000
[OK] 5.208.GDB136_chr5H.fa.93150001..93650000
[OK] 5.196.GDB136_chr5H.fa.87750001..88250000
[OK] 5.200.GDB136_chr5H.fa.89550001..90050000
[OK] 5.189.GDB136_chr5H.fa.84600001..85100000
[OK] 5.207.GDB136_chr5H.fa.92700001..93200000
[OK] 5.187.GDB136_chr5H.fa.83700001..84200000
[OK] 5.194.GDB136_chr5H.fa.86850001..87350000
[OK] 5.192.GDB136_chr5H.fa.85950001..86450000
[OK] 5.195.GDB136_chr5H.fa.87300001..87800000
[OK] 5.126.GDB136_chr5H.fa.56250001..56750000
[OK] 5.186.GDB136_chr5H.fa.83250001..83750000
[OK] 5.185.GDB136_chr5H.fa.82800001..83300000
[OK] 5.178.GDB136_chr5H.fa.79650001..80150000
[OK] 5.203.GDB136_chr5H.fa.90900001..91400000
[OK] 5.191.GDB136_chr5H.fa.85500001..86000000
[OK] 5.130.GDB136_chr5H.fa.58050001..58550000
[OK] 5.167.GDB136_chr5H.fa.74700001..75200000
[OK] 5.220.GDB136_chr5H.fa.98550001..99050000
[OK] 5.199.GDB136_chr5H.fa.89100001..89600000
[OK] 5.211.GDB136_chr5H.fa.94500001..95000000
[OK] 5.215.GDB136_chr5H.fa.96300001..96800000
[OK] 5.201.GDB136_chr5H.fa.90000001..90500000
[OK] 5.209.GDB136_chr5H.fa.93600001..94100000
[OK] 5.212.GDB136_chr5H.fa.94950001..95450000
[OK] 5.197.GDB136_chr5H.fa.88200001..88700000
[OK] 5.217.GDB136_chr5H.fa.97200001..97700000
[OK] 5.225.GDB136_chr5H.fa.100800001..101300000
[OK] 5.210.GDB136_chr5H.fa.94050001..94550000
[OK] 5.219.GDB136_chr5H.fa.98100001..98600000
[OK] 5.231.GDB136_chr5H.fa.103500001..104000000
[OK] 5.216.GDB136_chr5H.fa.96750001..97250000
[OK] 5.235.GDB136_chr5H.fa.105300001..105800000
[OK] 5.234.GDB136_chr5H.fa.104850001..105350000
[OK] 5.226.GDB136_chr5H.fa.101250001..101750000
[OK] 5.213.GDB136_chr5H.fa.95400001..95900000
[OK] 5.236.GDB136_chr5H.fa.105750001..106250000
[OK] 5.237.GDB136_chr5H.fa.106200001..106700000
[OK] 5.233.GDB136_chr5H.fa.104400001..104900000
[OK] 5.198.GDB136_chr5H.fa.88650001..89150000
[OK] 5.218.GDB136_chr5H.fa.97650001..98150000
[OK] 5.179.GDB136_chr5H.fa.80100001..80600000
[OK] 5.206.GDB136_chr5H.fa.92250001..92750000
[OK] 5.221.GDB136_chr5H.fa.99000001..99500000
[OK] 5.238.GDB136_chr5H.fa.106650001..107150000
[OK] 5.240.GDB136_chr5H.fa.107550001..108050000
[OK] 5.243.GDB136_chr5H.fa.108900001..109400000
[OK] 5.239.GDB136_chr5H.fa.107100001..107600000
[OK] 5.230.GDB136_chr5H.fa.103050001..103550000
[OK] 5.253.GDB136_chr5H.fa.113400001..113900000
[OK] 5.232.GDB136_chr5H.fa.103950001..104450000
[OK] 5.214.GDB136_chr5H.fa.95850001..96350000
[OK] 5.254.GDB136_chr5H.fa.113850001..114350000
[OK] 5.224.GDB136_chr5H.fa.100350001..100850000
[OK] 5.247.GDB136_chr5H.fa.110700001..111200000
[OK] 5.241.GDB136_chr5H.fa.108000001..108500000
[OK] 5.227.GDB136_chr5H.fa.101700001..102200000
[OK] 5.262.GDB136_chr5H.fa.117450001..117950000
[OK] 5.255.GDB136_chr5H.fa.114300001..114800000
[OK] 5.249.GDB136_chr5H.fa.111600001..112100000
[OK] 5.250.GDB136_chr5H.fa.112050001..112550000
[OK] 5.229.GDB136_chr5H.fa.102600001..103100000
[OK] 5.248.GDB136_chr5H.fa.111150001..111650000
[OK] 5.228.GDB136_chr5H.fa.102150001..102650000
[OK] 5.258.GDB136_chr5H.fa.115650001..116150000
[OK] 5.242.GDB136_chr5H.fa.108450001..108950000
[OK] 5.269.GDB136_chr5H.fa.120600001..121100000
[OK] 5.259.GDB136_chr5H.fa.116100001..116600000
[OK] 5.223.GDB136_chr5H.fa.99900001..100400000
[OK] 5.268.GDB136_chr5H.fa.120150001..120650000
[OK] 5.278.GDB136_chr5H.fa.124650001..125150000
[OK] 5.265.GDB136_chr5H.fa.118800001..119300000
[OK] 5.282.GDB136_chr5H.fa.126450001..126950000
[OK] 5.246.GDB136_chr5H.fa.110250001..110750000
[OK] 5.274.GDB136_chr5H.fa.122850001..123350000
[OK] 5.264.GDB136_chr5H.fa.118350001..118850000
[OK] 5.245.GDB136_chr5H.fa.109800001..110300000
[OK] 5.266.GDB136_chr5H.fa.119250001..119750000
[OK] 5.271.GDB136_chr5H.fa.121500001..122000000
[OK] 5.257.GDB136_chr5H.fa.115200001..115700000
[OK] 5.244.GDB136_chr5H.fa.109350001..109850000
[OK] 5.289.GDB136_chr5H.fa.129600001..130100000
[OK] 5.273.GDB136_chr5H.fa.122400001..122900000
[OK] 5.260.GDB136_chr5H.fa.116550001..117050000
[OK] 5.251.GDB136_chr5H.fa.112500001..113000000
[OK] 5.261.GDB136_chr5H.fa.117000001..117500000
[OK] 5.285.GDB136_chr5H.fa.127800001..128300000
[OK] 5.272.GDB136_chr5H.fa.121950001..122450000
[OK] 5.127.GDB136_chr5H.fa.56700001..57200000
[OK] 5.270.GDB136_chr5H.fa.121050001..121550000
[OK] 5.281.GDB136_chr5H.fa.126000001..126500000
[OK] 5.286.GDB136_chr5H.fa.128250001..128750000
[OK] 5.279.GDB136_chr5H.fa.125100001..125600000
[OK] 5.277.GDB136_chr5H.fa.124200001..124700000
[OK] 5.252.GDB136_chr5H.fa.112950001..113450000
[OK] 5.276.GDB136_chr5H.fa.123750001..124250000
[OK] 5.263.GDB136_chr5H.fa.117900001..118400000
[OK] 5.280.GDB136_chr5H.fa.125550001..126050000
[OK] 5.284.GDB136_chr5H.fa.127350001..127850000
[OK] 5.288.GDB136_chr5H.fa.129150001..129650000
[OK] 5.283.GDB136_chr5H.fa.126900001..127400000
[OK] 5.275.GDB136_chr5H.fa.123300001..123800000
[OK] 5.287.GDB136_chr5H.fa.128700001..129200000
[OK] 5.293.GDB136_chr5H.fa.131400001..131900000
[OK] 5.222.GDB136_chr5H.fa.99450001..99950000
[OK] 5.296.GDB136_chr5H.fa.132750001..133250000
[OK] 5.298.GDB136_chr5H.fa.133650001..134150000
[OK] 5.290.GDB136_chr5H.fa.130050001..130550000
[OK] 5.304.GDB136_chr5H.fa.136350001..136850000
[OK] 5.302.GDB136_chr5H.fa.135450001..135950000
[OK] 5.300.GDB136_chr5H.fa.134550001..135050000
[OK] 5.294.GDB136_chr5H.fa.131850001..132350000
[OK] 5.256.GDB136_chr5H.fa.114750001..115250000
[OK] 5.267.GDB136_chr5H.fa.119700001..120200000
[OK] 5.303.GDB136_chr5H.fa.135900001..136400000
[OK] 5.297.GDB136_chr5H.fa.133200001..133700000
[OK] 5.308.GDB136_chr5H.fa.138150001..138650000
[OK] 5.305.GDB136_chr5H.fa.136800001..137300000
[OK] 5.301.GDB136_chr5H.fa.135000001..135500000
[OK] 5.295.GDB136_chr5H.fa.132300001..132800000
[OK] 5.292.GDB136_chr5H.fa.130950001..131450000
[OK] 5.310.GDB136_chr5H.fa.139050001..139550000
[OK] 5.313.GDB136_chr5H.fa.140400001..140900000
[OK] 5.311.GDB136_chr5H.fa.139500001..140000000
[OK] 5.317.GDB136_chr5H.fa.142200001..142700000
[OK] 5.318.GDB136_chr5H.fa.142650001..143150000
[OK] 5.306.GDB136_chr5H.fa.137250001..137750000
[OK] 5.331.GDB136_chr5H.fa.148500001..149000000
[OK] 5.307.GDB136_chr5H.fa.137700001..138200000
[OK] 5.291.GDB136_chr5H.fa.130500001..131000000
[OK] 5.329.GDB136_chr5H.fa.147600001..148100000
[OK] 5.299.GDB136_chr5H.fa.134100001..134600000
[OK] 5.336.GDB136_chr5H.fa.150750001..151250000
[OK] 5.312.GDB136_chr5H.fa.139950001..140450000
[OK] 5.332.GDB136_chr5H.fa.148950001..149450000
[OK] 5.327.GDB136_chr5H.fa.146700001..147200000
[OK] 5.359.GDB136_chr5H.fa.161100001..161600000
[OK] 5.335.GDB136_chr5H.fa.150300001..150800000
[OK] 5.333.GDB136_chr5H.fa.149400001..149900000
[OK] 5.324.GDB136_chr5H.fa.145350001..145850000
[OK] 5.328.GDB136_chr5H.fa.147150001..147650000
[OK] 5.326.GDB136_chr5H.fa.146250001..146750000
[OK] 5.319.GDB136_chr5H.fa.143100001..143600000
[OK] 5.322.GDB136_chr5H.fa.144450001..144950000
[OK] 5.314.GDB136_chr5H.fa.140850001..141350000
[OK] 5.330.GDB136_chr5H.fa.148050001..148550000
[OK] 5.358.GDB136_chr5H.fa.160650001..161150000
[OK] 5.325.GDB136_chr5H.fa.145800001..146300000
[OK] 5.334.GDB136_chr5H.fa.149850001..150350000
[OK] 5.340.GDB136_chr5H.fa.152550001..153050000
[OK] 5.323.GDB136_chr5H.fa.144900001..145400000
[OK] 5.349.GDB136_chr5H.fa.156600001..157100000
[OK] 5.347.GDB136_chr5H.fa.155700001..156200000
[OK] 5.348.GDB136_chr5H.fa.156150001..156650000
[OK] 5.357.GDB136_chr5H.fa.160200001..160700000
[OK] 5.341.GDB136_chr5H.fa.153000001..153500000
[OK] 5.353.GDB136_chr5H.fa.158400001..158900000
[OK] 5.321.GDB136_chr5H.fa.144000001..144500000
[OK] 5.320.GDB136_chr5H.fa.143550001..144050000
[OK] 5.365.GDB136_chr5H.fa.163800001..164300000
[OK] 5.338.GDB136_chr5H.fa.151650001..152150000
[OK] 5.315.GDB136_chr5H.fa.141300001..141800000
[OK] 5.368.GDB136_chr5H.fa.165150001..165650000
[OK] 5.309.GDB136_chr5H.fa.138600001..139100000
[OK] 5.351.GDB136_chr5H.fa.157500001..158000000
[OK] 5.350.GDB136_chr5H.fa.157050001..157550000
[OK] 5.342.GDB136_chr5H.fa.153450001..153950000
[OK] 5.369.GDB136_chr5H.fa.165600001..166100000
[OK] 5.343.GDB136_chr5H.fa.153900001..154400000
[OK] 5.346.GDB136_chr5H.fa.155250001..155750000
[OK] 5.354.GDB136_chr5H.fa.158850001..159350000
[OK] 5.360.GDB136_chr5H.fa.161550001..162050000
[OK] 5.356.GDB136_chr5H.fa.159750001..160250000
[OK] 5.339.GDB136_chr5H.fa.152100001..152600000
[OK] 5.366.GDB136_chr5H.fa.164250001..164750000
[OK] 5.345.GDB136_chr5H.fa.154800001..155300000
[OK] 5.375.GDB136_chr5H.fa.168300001..168800000
[OK] 5.352.GDB136_chr5H.fa.157950001..158450000
[OK] 5.380.GDB136_chr5H.fa.170550001..171050000
[OK] 5.355.GDB136_chr5H.fa.159300001..159800000
[OK] 5.374.GDB136_chr5H.fa.167850001..168350000
[OK] 5.364.GDB136_chr5H.fa.163350001..163850000
[OK] 5.363.GDB136_chr5H.fa.162900001..163400000
[OK] 5.379.GDB136_chr5H.fa.170100001..170600000
[OK] 5.367.GDB136_chr5H.fa.164700001..165200000
[OK] 5.376.GDB136_chr5H.fa.168750001..169250000
[OK] 5.383.GDB136_chr5H.fa.171900001..172400000
[OK] 5.371.GDB136_chr5H.fa.166500001..167000000
[OK] 5.378.GDB136_chr5H.fa.169650001..170150000
[OK] 5.370.GDB136_chr5H.fa.166050001..166550000
[OK] 5.390.GDB136_chr5H.fa.175050001..175550000
[OK] 5.384.GDB136_chr5H.fa.172350001..172850000
[OK] 5.362.GDB136_chr5H.fa.162450001..162950000
[OK] 5.361.GDB136_chr5H.fa.162000001..162500000
[OK] 5.381.GDB136_chr5H.fa.171000001..171500000
[OK] 5.410.GDB136_chr5H.fa.184050001..184550000
[OK] 5.389.GDB136_chr5H.fa.174600001..175100000
[OK] 5.382.GDB136_chr5H.fa.171450001..171950000
[OK] 5.385.GDB136_chr5H.fa.172800001..173300000
[OK] 5.392.GDB136_chr5H.fa.175950001..176450000
[OK] 5.377.GDB136_chr5H.fa.169200001..169700000
[OK] 5.394.GDB136_chr5H.fa.176850001..177350000
[OK] 5.397.GDB136_chr5H.fa.178200001..178700000
[OK] 5.396.GDB136_chr5H.fa.177750001..178250000
[OK] 5.386.GDB136_chr5H.fa.173250001..173750000
[OK] 5.344.GDB136_chr5H.fa.154350001..154850000
[OK] 5.412.GDB136_chr5H.fa.184950001..185450000
[OK] 5.399.GDB136_chr5H.fa.179100001..179600000
[OK] 5.408.GDB136_chr5H.fa.183150001..183650000
[OK] 5.400.GDB136_chr5H.fa.179550001..180050000
[OK] 5.388.GDB136_chr5H.fa.174150001..174650000
[OK] 5.398.GDB136_chr5H.fa.178650001..179150000
[OK] 5.337.GDB136_chr5H.fa.151200001..151700000
[OK] 5.402.GDB136_chr5H.fa.180450001..180950000
[OK] 5.401.GDB136_chr5H.fa.180000001..180500000
[OK] 5.416.GDB136_chr5H.fa.186750001..187250000
[OK] 5.413.GDB136_chr5H.fa.185400001..185900000
[OK] 5.422.GDB136_chr5H.fa.189450001..189950000
[OK] 5.395.GDB136_chr5H.fa.177300001..177800000
[OK] 5.405.GDB136_chr5H.fa.181800001..182300000
[OK] 5.387.GDB136_chr5H.fa.173700001..174200000
[OK] 5.426.GDB136_chr5H.fa.191250001..191750000
[OK] 5.391.GDB136_chr5H.fa.175500001..176000000
[OK] 5.424.GDB136_chr5H.fa.190350001..190850000
[OK] 5.411.GDB136_chr5H.fa.184500001..185000000
[OK] 5.406.GDB136_chr5H.fa.182250001..182750000
[OK] 5.417.GDB136_chr5H.fa.187200001..187700000
[OK] 5.414.GDB136_chr5H.fa.185850001..186350000
[OK] 5.419.GDB136_chr5H.fa.188100001..188600000
[OK] 5.407.GDB136_chr5H.fa.182700001..183200000
[OK] 5.403.GDB136_chr5H.fa.180900001..181400000
[OK] 5.429.GDB136_chr5H.fa.192600001..193100000
[OK] 5.454.GDB136_chr5H.fa.203850001..204350000
[OK] 5.404.GDB136_chr5H.fa.181350001..181850000
[OK] 5.372.GDB136_chr5H.fa.166950001..167450000
[OK] 5.430.GDB136_chr5H.fa.193050001..193550000
[OK] 5.446.GDB136_chr5H.fa.200250001..200750000
[OK] 5.423.GDB136_chr5H.fa.189900001..190400000
[OK] 5.393.GDB136_chr5H.fa.176400001..176900000
[OK] 5.455.GDB136_chr5H.fa.204300001..204800000
[OK] 5.427.GDB136_chr5H.fa.191700001..192200000
[OK] 5.428.GDB136_chr5H.fa.192150001..192650000
[OK] 5.420.GDB136_chr5H.fa.188550001..189050000
[OK] 5.373.GDB136_chr5H.fa.167400001..167900000
[OK] 5.431.GDB136_chr5H.fa.193500001..194000000
[OK] 5.425.GDB136_chr5H.fa.190800001..191300000
[OK] 5.440.GDB136_chr5H.fa.197550001..198050000
[OK] 5.418.GDB136_chr5H.fa.187650001..188150000
[OK] 5.409.GDB136_chr5H.fa.183600001..184100000
[OK] 5.458.GDB136_chr5H.fa.205650001..206150000
[OK] 5.432.GDB136_chr5H.fa.193950001..194450000
[OK] 5.442.GDB136_chr5H.fa.198450001..198950000
[OK] 5.453.GDB136_chr5H.fa.203400001..203900000
[OK] 5.444.GDB136_chr5H.fa.199350001..199850000
[OK] 5.437.GDB136_chr5H.fa.196200001..196700000
[OK] 5.439.GDB136_chr5H.fa.197100001..197600000
[OK] 5.456.GDB136_chr5H.fa.204750001..205250000
[OK] 5.459.GDB136_chr5H.fa.206100001..206600000
[OK] 5.421.GDB136_chr5H.fa.189000001..189500000
[OK] 5.466.GDB136_chr5H.fa.209250001..209750000
[OK] 5.471.GDB136_chr5H.fa.211500001..212000000
[OK] 5.415.GDB136_chr5H.fa.186300001..186800000
[OK] 5.438.GDB136_chr5H.fa.196650001..197150000
[OK] 5.464.GDB136_chr5H.fa.208350001..208850000
[OK] 5.463.GDB136_chr5H.fa.207900001..208400000
[OK] 5.452.GDB136_chr5H.fa.202950001..203450000
[OK] 5.465.GDB136_chr5H.fa.208800001..209300000
[OK] 5.445.GDB136_chr5H.fa.199800001..200300000
[OK] 5.443.GDB136_chr5H.fa.198900001..199400000
[OK] 5.436.GDB136_chr5H.fa.195750001..196250000
[OK] 5.316.GDB136_chr5H.fa.141750001..142250000
[OK] 5.457.GDB136_chr5H.fa.205200001..205700000
[OK] 5.469.GDB136_chr5H.fa.210600001..211100000
[OK] 5.441.GDB136_chr5H.fa.198000001..198500000
[OK] 5.467.GDB136_chr5H.fa.209700001..210200000
[OK] 5.434.GDB136_chr5H.fa.194850001..195350000
[OK] 5.451.GDB136_chr5H.fa.202500001..203000000
[OK] 5.433.GDB136_chr5H.fa.194400001..194900000
[OK] 5.450.GDB136_chr5H.fa.202050001..202550000
[OK] 5.449.GDB136_chr5H.fa.201600001..202100000
[OK] 5.482.GDB136_chr5H.fa.216450001..216950000
[OK] 5.435.GDB136_chr5H.fa.195300001..195800000
[OK] 5.478.GDB136_chr5H.fa.214650001..215150000
[OK] 5.447.GDB136_chr5H.fa.200700001..201200000
[OK] 5.472.GDB136_chr5H.fa.211950001..212450000
[OK] 5.462.GDB136_chr5H.fa.207450001..207950000
[OK] 5.461.GDB136_chr5H.fa.207000001..207500000
[OK] 5.473.GDB136_chr5H.fa.212400001..212900000
[OK] 5.448.GDB136_chr5H.fa.201150001..201650000
[OK] 5.475.GDB136_chr5H.fa.213300001..213800000
[OK] 5.474.GDB136_chr5H.fa.212850001..213350000
[OK] 5.496.GDB136_chr5H.fa.222750001..223250000
[OK] 5.479.GDB136_chr5H.fa.215100001..215600000
[OK] 5.483.GDB136_chr5H.fa.216900001..217400000
[OK] 5.500.GDB136_chr5H.fa.224550001..225050000
[OK] 5.490.GDB136_chr5H.fa.220050001..220550000
[OK] 5.487.GDB136_chr5H.fa.218700001..219200000
[OK] 5.480.GDB136_chr5H.fa.215550001..216050000
[OK] 5.460.GDB136_chr5H.fa.206550001..207050000
[OK] 5.476.GDB136_chr5H.fa.213750001..214250000
[OK] 5.470.GDB136_chr5H.fa.211050001..211550000
[OK] 5.489.GDB136_chr5H.fa.219600001..220100000
[OK] 5.491.GDB136_chr5H.fa.220500001..221000000
[OK] 5.498.GDB136_chr5H.fa.223650001..224150000
[OK] 5.486.GDB136_chr5H.fa.218250001..218750000
[OK] 5.497.GDB136_chr5H.fa.223200001..223700000
[OK] 5.509.GDB136_chr5H.fa.228600001..229100000
[OK] 5.481.GDB136_chr5H.fa.216000001..216500000
[OK] 5.503.GDB136_chr5H.fa.225900001..226400000
[OK] 5.499.GDB136_chr5H.fa.224100001..224600000
[OK] 5.520.GDB136_chr5H.fa.233550001..234050000
[OK] 5.485.GDB136_chr5H.fa.217800001..218300000
[OK] 5.505.GDB136_chr5H.fa.226800001..227300000
[OK] 5.493.GDB136_chr5H.fa.221400001..221900000
[OK] 5.488.GDB136_chr5H.fa.219150001..219650000
[OK] 5.477.GDB136_chr5H.fa.214200001..214700000
[OK] 5.501.GDB136_chr5H.fa.225000001..225500000
[OK] 5.507.GDB136_chr5H.fa.227700001..228200000
[OK] 5.492.GDB136_chr5H.fa.220950001..221450000
[OK] 5.495.GDB136_chr5H.fa.222300001..222800000
[OK] 5.484.GDB136_chr5H.fa.217350001..217850000
[OK] 5.508.GDB136_chr5H.fa.228150001..228650000
[OK] 5.506.GDB136_chr5H.fa.227250001..227750000
[OK] 5.504.GDB136_chr5H.fa.226350001..226850000
[OK] 5.538.GDB136_chr5H.fa.241650001..242150000
[OK] 5.517.GDB136_chr5H.fa.232200001..232700000
[OK] 5.512.GDB136_chr5H.fa.229950001..230450000
[OK] 5.521.GDB136_chr5H.fa.234000001..234500000
[OK] 5.502.GDB136_chr5H.fa.225450001..225950000
[OK] 5.510.GDB136_chr5H.fa.229050001..229550000
[OK] 5.518.GDB136_chr5H.fa.232650001..233150000
[OK] 5.522.GDB136_chr5H.fa.234450001..234950000
[OK] 5.537.GDB136_chr5H.fa.241200001..241700000
[OK] 5.511.GDB136_chr5H.fa.229500001..230000000
[OK] 5.494.GDB136_chr5H.fa.221850001..222350000
[OK] 5.527.GDB136_chr5H.fa.236700001..237200000
[OK] 5.519.GDB136_chr5H.fa.233100001..233600000
[OK] 5.540.GDB136_chr5H.fa.242550001..243050000
[OK] 5.515.GDB136_chr5H.fa.231300001..231800000
[OK] 5.524.GDB136_chr5H.fa.235350001..235850000
[OK] 5.523.GDB136_chr5H.fa.234900001..235400000
[OK] 5.526.GDB136_chr5H.fa.236250001..236750000
[OK] 5.541.GDB136_chr5H.fa.243000001..243500000
[OK] 5.528.GDB136_chr5H.fa.237150001..237650000
[OK] 5.533.GDB136_chr5H.fa.239400001..239900000
[OK] 5.548.GDB136_chr5H.fa.246150001..246650000
[OK] 5.532.GDB136_chr5H.fa.238950001..239450000
[OK] 5.547.GDB136_chr5H.fa.245700001..246200000
[OK] 5.536.GDB136_chr5H.fa.240750001..241250000
[OK] 5.553.GDB136_chr5H.fa.248400001..248900000
[OK] 5.534.GDB136_chr5H.fa.239850001..240350000
[OK] 5.514.GDB136_chr5H.fa.230850001..231350000
[OK] 5.513.GDB136_chr5H.fa.230400001..230900000
[OK] 5.516.GDB136_chr5H.fa.231750001..232250000
[OK] 5.543.GDB136_chr5H.fa.243900001..244400000
[OK] 5.550.GDB136_chr5H.fa.247050001..247550000
[OK] 5.530.GDB136_chr5H.fa.238050001..238550000
[OK] 5.539.GDB136_chr5H.fa.242100001..242600000
[OK] 5.531.GDB136_chr5H.fa.238500001..239000000
[OK] 5.571.GDB136_chr5H.fa.256500001..257000000
[OK] 5.529.GDB136_chr5H.fa.237600001..238100000
[OK] 5.535.GDB136_chr5H.fa.240300001..240800000
[OK] 5.573.GDB136_chr5H.fa.257400001..257900000
[OK] 5.544.GDB136_chr5H.fa.244350001..244850000
[OK] 5.525.GDB136_chr5H.fa.235800001..236300000
[OK] 5.556.GDB136_chr5H.fa.249750001..250250000
[OK] 5.551.GDB136_chr5H.fa.247500001..248000000
[OK] 5.568.GDB136_chr5H.fa.255150001..255650000
[OK] 5.557.GDB136_chr5H.fa.250200001..250700000
[OK] 5.561.GDB136_chr5H.fa.252000001..252500000
[OK] 5.569.GDB136_chr5H.fa.255600001..256100000
[OK] 5.558.GDB136_chr5H.fa.250650001..251150000
[OK] 5.546.GDB136_chr5H.fa.245250001..245750000
[OK] 5.563.GDB136_chr5H.fa.252900001..253400000
[OK] 5.560.GDB136_chr5H.fa.251550001..252050000
[OK] 5.545.GDB136_chr5H.fa.244800001..245300000
[OK] 5.468.GDB136_chr5H.fa.210150001..210650000
[OK] 5.570.GDB136_chr5H.fa.256050001..256550000
[OK] 5.559.GDB136_chr5H.fa.251100001..251600000
[OK] 5.542.GDB136_chr5H.fa.243450001..243950000
[OK] 5.567.GDB136_chr5H.fa.254700001..255200000
[OK] 5.582.GDB136_chr5H.fa.261450001..261950000
[OK] 5.562.GDB136_chr5H.fa.252450001..252950000
[OK] 5.602.GDB136_chr5H.fa.270450001..270950000
[OK] 5.565.GDB136_chr5H.fa.253800001..254300000
[OK] 5.572.GDB136_chr5H.fa.256950001..257450000
[OK] 5.580.GDB136_chr5H.fa.260550001..261050000
[OK] 5.591.GDB136_chr5H.fa.265500001..266000000
[OK] 5.587.GDB136_chr5H.fa.263700001..264200000
[OK] 5.589.GDB136_chr5H.fa.264600001..265100000
[OK] 5.590.GDB136_chr5H.fa.265050001..265550000
[OK] 5.564.GDB136_chr5H.fa.253350001..253850000
[OK] 5.554.GDB136_chr5H.fa.248850001..249350000
[OK] 5.549.GDB136_chr5H.fa.246600001..247100000
[OK] 5.566.GDB136_chr5H.fa.254250001..254750000
[OK] 5.593.GDB136_chr5H.fa.266400001..266900000
[OK] 5.575.GDB136_chr5H.fa.258300001..258800000
[OK] 5.585.GDB136_chr5H.fa.262800001..263300000
[OK] 5.579.GDB136_chr5H.fa.260100001..260600000
[OK] 5.576.GDB136_chr5H.fa.258750001..259250000
[OK] 5.595.GDB136_chr5H.fa.267300001..267800000
[OK] 5.604.GDB136_chr5H.fa.271350001..271850000
[OK] 5.605.GDB136_chr5H.fa.271800001..272300000
[OK] 5.628.GDB136_chr5H.fa.282150001..282650000
[OK] 5.574.GDB136_chr5H.fa.257850001..258350000
[OK] 5.615.GDB136_chr5H.fa.276300001..276800000
[OK] 5.596.GDB136_chr5H.fa.267750001..268250000
[OK] 5.584.GDB136_chr5H.fa.262350001..262850000
[OK] 5.588.GDB136_chr5H.fa.264150001..264650000
[OK] 5.609.GDB136_chr5H.fa.273600001..274100000
[OK] 5.594.GDB136_chr5H.fa.266850001..267350000
[OK] 5.555.GDB136_chr5H.fa.249300001..249800000
[OK] 5.617.GDB136_chr5H.fa.277200001..277700000
[OK] 5.601.GDB136_chr5H.fa.270000001..270500000
[OK] 5.611.GDB136_chr5H.fa.274500001..275000000
[OK] 5.624.GDB136_chr5H.fa.280350001..280850000
[OK] 5.614.GDB136_chr5H.fa.275850001..276350000
[OK] 5.581.GDB136_chr5H.fa.261000001..261500000
[OK] 5.552.GDB136_chr5H.fa.247950001..248450000
[OK] 5.623.GDB136_chr5H.fa.279900001..280400000
[OK] 5.618.GDB136_chr5H.fa.277650001..278150000
[OK] 5.608.GDB136_chr5H.fa.273150001..273650000
[OK] 5.592.GDB136_chr5H.fa.265950001..266450000
[OK] 5.597.GDB136_chr5H.fa.268200001..268700000
[OK] 5.578.GDB136_chr5H.fa.259650001..260150000
[OK] 5.620.GDB136_chr5H.fa.278550001..279050000
[OK] 5.598.GDB136_chr5H.fa.268650001..269150000
[OK] 5.621.GDB136_chr5H.fa.279000001..279500000
[OK] 5.599.GDB136_chr5H.fa.269100001..269600000
[OK] 5.606.GDB136_chr5H.fa.272250001..272750000
[OK] 5.629.GDB136_chr5H.fa.282600001..283100000
[OK] 5.600.GDB136_chr5H.fa.269550001..270050000
[OK] 5.612.GDB136_chr5H.fa.274950001..275450000
[OK] 5.616.GDB136_chr5H.fa.276750001..277250000
[OK] 5.613.GDB136_chr5H.fa.275400001..275900000
[OK] 5.626.GDB136_chr5H.fa.281250001..281750000
[OK] 5.577.GDB136_chr5H.fa.259200001..259700000
[OK] 5.610.GDB136_chr5H.fa.274050001..274550000
[OK] 5.607.GDB136_chr5H.fa.272700001..273200000
[OK] 5.630.GDB136_chr5H.fa.283050001..283550000
[OK] 5.619.GDB136_chr5H.fa.278100001..278600000
[OK] 5.637.GDB136_chr5H.fa.286200001..286700000
[OK] 5.632.GDB136_chr5H.fa.283950001..284450000
[OK] 5.636.GDB136_chr5H.fa.285750001..286250000
[OK] 5.635.GDB136_chr5H.fa.285300001..285800000
[OK] 5.625.GDB136_chr5H.fa.280800001..281300000
[OK] 5.643.GDB136_chr5H.fa.288900001..289400000
[OK] 5.622.GDB136_chr5H.fa.279450001..279950000
[OK] 5.627.GDB136_chr5H.fa.281700001..282200000
[OK] 5.648.GDB136_chr5H.fa.291150001..291650000
[OK] 5.631.GDB136_chr5H.fa.283500001..284000000
[OK] 5.639.GDB136_chr5H.fa.287100001..287600000
[OK] 5.638.GDB136_chr5H.fa.286650001..287150000
[OK] 5.642.GDB136_chr5H.fa.288450001..288950000
[OK] 5.586.GDB136_chr5H.fa.263250001..263750000
[OK] 5.645.GDB136_chr5H.fa.289800001..290300000
[OK] 5.649.GDB136_chr5H.fa.291600001..292100000
[OK] 5.657.GDB136_chr5H.fa.295200001..295700000
[OK] 5.633.GDB136_chr5H.fa.284400001..284900000
[OK] 5.640.GDB136_chr5H.fa.287550001..288050000
[OK] 5.634.GDB136_chr5H.fa.284850001..285350000
[OK] 5.653.GDB136_chr5H.fa.293400001..293900000
[OK] 5.644.GDB136_chr5H.fa.289350001..289850000
[OK] 5.651.GDB136_chr5H.fa.292500001..293000000
[OK] 5.583.GDB136_chr5H.fa.261900001..262400000
[OK] 5.650.GDB136_chr5H.fa.292050001..292550000
[OK] 5.655.GDB136_chr5H.fa.294300001..294800000
[OK] 5.646.GDB136_chr5H.fa.290250001..290750000
[OK] 5.660.GDB136_chr5H.fa.296550001..297050000
[OK] 5.658.GDB136_chr5H.fa.295650001..296150000
[OK] 5.661.GDB136_chr5H.fa.297000001..297500000
[OK] 5.656.GDB136_chr5H.fa.294750001..295250000
[OK] 5.663.GDB136_chr5H.fa.297900001..298400000
[OK] 5.641.GDB136_chr5H.fa.288000001..288500000
[OK] 5.665.GDB136_chr5H.fa.298800001..299300000
[OK] 5.647.GDB136_chr5H.fa.290700001..291200000
[OK] 5.659.GDB136_chr5H.fa.296100001..296600000
[OK] 5.686.GDB136_chr5H.fa.308250001..308750000
[OK] 5.652.GDB136_chr5H.fa.292950001..293450000
[OK] 5.603.GDB136_chr5H.fa.270900001..271400000
[OK] 5.681.GDB136_chr5H.fa.306000001..306500000
[OK] 5.693.GDB136_chr5H.fa.311400001..311900000
[OK] 5.666.GDB136_chr5H.fa.299250001..299750000
[OK] 5.654.GDB136_chr5H.fa.293850001..294350000
[OK] 5.684.GDB136_chr5H.fa.307350001..307850000
[OK] 5.662.GDB136_chr5H.fa.297450001..297950000
[OK] 5.683.GDB136_chr5H.fa.306900001..307400000
[OK] 5.687.GDB136_chr5H.fa.308700001..309200000
[OK] 5.677.GDB136_chr5H.fa.304200001..304700000
[OK] 5.667.GDB136_chr5H.fa.299700001..300200000
[OK] 5.668.GDB136_chr5H.fa.300150001..300650000
[OK] 5.685.GDB136_chr5H.fa.307800001..308300000
[OK] 5.699.GDB136_chr5H.fa.314100001..314600000
[OK] 5.678.GDB136_chr5H.fa.304650001..305150000
[OK] 5.701.GDB136_chr5H.fa.315000001..315500000
[OK] 5.670.GDB136_chr5H.fa.301050001..301550000
[OK] 5.676.GDB136_chr5H.fa.303750001..304250000
[OK] 5.696.GDB136_chr5H.fa.312750001..313250000
[OK] 5.697.GDB136_chr5H.fa.313200001..313700000
[OK] 5.695.GDB136_chr5H.fa.312300001..312800000
[OK] 5.675.GDB136_chr5H.fa.303300001..303800000
[OK] 5.680.GDB136_chr5H.fa.305550001..306050000
[OK] 5.703.GDB136_chr5H.fa.315900001..316400000
[OK] 5.673.GDB136_chr5H.fa.302400001..302900000
[OK] 5.702.GDB136_chr5H.fa.315450001..315950000
[OK] 5.698.GDB136_chr5H.fa.313650001..314150000
[OK] 5.707.GDB136_chr5H.fa.317700001..318200000
[OK] 5.692.GDB136_chr5H.fa.310950001..311450000
[OK] 5.708.GDB136_chr5H.fa.318150001..318650000
[OK] 5.682.GDB136_chr5H.fa.306450001..306950000
[OK] 5.691.GDB136_chr5H.fa.310500001..311000000
[OK] 5.704.GDB136_chr5H.fa.316350001..316850000
[OK] 5.672.GDB136_chr5H.fa.301950001..302450000
[OK] 5.711.GDB136_chr5H.fa.319500001..320000000
[OK] 5.723.GDB136_chr5H.fa.324900001..325400000
[OK] 5.694.GDB136_chr5H.fa.311850001..312350000
[OK] 5.722.GDB136_chr5H.fa.324450001..324950000
[OK] 5.669.GDB136_chr5H.fa.300600001..301100000
[OK] 5.710.GDB136_chr5H.fa.319050001..319550000
[OK] 5.715.GDB136_chr5H.fa.321300001..321800000
[OK] 5.718.GDB136_chr5H.fa.322650001..323150000
[OK] 5.690.GDB136_chr5H.fa.310050001..310550000
[OK] 5.725.GDB136_chr5H.fa.325800001..326300000
[OK] 5.726.GDB136_chr5H.fa.326250001..326750000
[OK] 5.713.GDB136_chr5H.fa.320400001..320900000
[OK] 5.720.GDB136_chr5H.fa.323550001..324050000
[OK] 5.724.GDB136_chr5H.fa.325350001..325850000
[OK] 5.712.GDB136_chr5H.fa.319950001..320450000
[OK] 5.709.GDB136_chr5H.fa.318600001..319100000
[OK] 5.716.GDB136_chr5H.fa.321750001..322250000
[OK] 5.674.GDB136_chr5H.fa.302850001..303350000
[OK] 5.664.GDB136_chr5H.fa.298350001..298850000
[OK] 5.719.GDB136_chr5H.fa.323100001..323600000
[OK] 5.717.GDB136_chr5H.fa.322200001..322700000
[OK] 5.689.GDB136_chr5H.fa.309600001..310100000
[OK] 5.732.GDB136_chr5H.fa.328950001..329450000
[OK] 5.706.GDB136_chr5H.fa.317250001..317750000
[OK] 5.671.GDB136_chr5H.fa.301500001..302000000
[OK] 5.714.GDB136_chr5H.fa.320850001..321350000
[OK] 5.721.GDB136_chr5H.fa.324000001..324500000
[OK] 5.705.GDB136_chr5H.fa.316800001..317300000
[OK] 5.735.GDB136_chr5H.fa.330300001..330800000
[OK] 5.679.GDB136_chr5H.fa.305100001..305600000
[OK] 5.688.GDB136_chr5H.fa.309150001..309650000
[OK] 5.740.GDB136_chr5H.fa.332550001..333050000
[OK] 5.729.GDB136_chr5H.fa.327600001..328100000
[OK] 5.747.GDB136_chr5H.fa.335700001..336200000
[OK] 5.734.GDB136_chr5H.fa.329850001..330350000
[OK] 5.727.GDB136_chr5H.fa.326700001..327200000
[OK] 5.730.GDB136_chr5H.fa.328050001..328550000
[OK] 5.700.GDB136_chr5H.fa.314550001..315050000
[OK] 5.738.GDB136_chr5H.fa.331650001..332150000
[OK] 5.728.GDB136_chr5H.fa.327150001..327650000
[OK] 5.731.GDB136_chr5H.fa.328500001..329000000
[OK] 5.741.GDB136_chr5H.fa.333000001..333500000
[OK] 5.746.GDB136_chr5H.fa.335250001..335750000
[OK] 5.736.GDB136_chr5H.fa.330750001..331250000
[OK] 5.739.GDB136_chr5H.fa.332100001..332600000
[OK] 5.744.GDB136_chr5H.fa.334350001..334850000
[OK] 5.760.GDB136_chr5H.fa.341550001..342050000
[OK] 5.757.GDB136_chr5H.fa.340200001..340700000
[OK] 5.752.GDB136_chr5H.fa.337950001..338450000
[OK] 5.742.GDB136_chr5H.fa.333450001..333950000
[OK] 5.751.GDB136_chr5H.fa.337500001..338000000
[OK] 5.749.GDB136_chr5H.fa.336600001..337100000
[OK] 5.748.GDB136_chr5H.fa.336150001..336650000
[OK] 5.756.GDB136_chr5H.fa.339750001..340250000
[OK] 5.775.GDB136_chr5H.fa.348300001..348800000
[OK] 5.750.GDB136_chr5H.fa.337050001..337550000
[OK] 5.737.GDB136_chr5H.fa.331200001..331700000
[OK] 5.776.GDB136_chr5H.fa.348750001..349250000
[OK] 5.777.GDB136_chr5H.fa.349200001..349700000
[OK] 5.771.GDB136_chr5H.fa.346500001..347000000
[OK] 5.766.GDB136_chr5H.fa.344250001..344750000
[OK] 5.772.GDB136_chr5H.fa.346950001..347450000
[OK] 5.754.GDB136_chr5H.fa.338850001..339350000
[OK] 5.780.GDB136_chr5H.fa.350550001..351050000
[OK] 5.733.GDB136_chr5H.fa.329400001..329900000
[OK] 5.761.GDB136_chr5H.fa.342000001..342500000
[OK] 5.787.GDB136_chr5H.fa.353700001..354200000
[OK] 5.798.GDB136_chr5H.fa.358650001..359150000
[OK] 5.773.GDB136_chr5H.fa.347400001..347900000
[OK] 5.763.GDB136_chr5H.fa.342900001..343400000
[OK] 5.782.GDB136_chr5H.fa.351450001..351950000
[OK] 5.762.GDB136_chr5H.fa.342450001..342950000
[OK] 5.786.GDB136_chr5H.fa.353250001..353750000
[OK] 5.743.GDB136_chr5H.fa.333900001..334400000
[OK] 5.769.GDB136_chr5H.fa.345600001..346100000
[OK] 5.758.GDB136_chr5H.fa.340650001..341150000
[OK] 5.770.GDB136_chr5H.fa.346050001..346550000
[OK] 5.767.GDB136_chr5H.fa.344700001..345200000
[OK] 5.753.GDB136_chr5H.fa.338400001..338900000
[OK] 5.792.GDB136_chr5H.fa.355950001..356450000
[OK] 5.779.GDB136_chr5H.fa.350100001..350600000
[OK] 5.793.GDB136_chr5H.fa.356400001..356900000
[OK] 5.745.GDB136_chr5H.fa.334800001..335300000
[OK] 5.765.GDB136_chr5H.fa.343800001..344300000
[OK] 5.759.GDB136_chr5H.fa.341100001..341600000
[OK] 5.784.GDB136_chr5H.fa.352350001..352850000
[OK] 5.781.GDB136_chr5H.fa.351000001..351500000
[OK] 5.799.GDB136_chr5H.fa.359100001..359600000
[OK] 5.794.GDB136_chr5H.fa.356850001..357350000
[OK] 5.801.GDB136_chr5H.fa.360000001..360500000
[OK] 5.755.GDB136_chr5H.fa.339300001..339800000
[OK] 5.774.GDB136_chr5H.fa.347850001..348350000
[OK] 5.808.GDB136_chr5H.fa.363150001..363650000
[OK] 5.791.GDB136_chr5H.fa.355500001..356000000
[OK] 5.783.GDB136_chr5H.fa.351900001..352400000
[OK] 5.809.GDB136_chr5H.fa.363600001..364100000
[OK] 5.802.GDB136_chr5H.fa.360450001..360950000
[OK] 5.764.GDB136_chr5H.fa.343350001..343850000
[OK] 5.768.GDB136_chr5H.fa.345150001..345650000
[OK] 5.807.GDB136_chr5H.fa.362700001..363200000
[OK] 5.816.GDB136_chr5H.fa.366750001..367250000
[OK] 5.814.GDB136_chr5H.fa.365850001..366350000
[OK] 5.778.GDB136_chr5H.fa.349650001..350150000
[OK] 5.788.GDB136_chr5H.fa.354150001..354650000
[OK] 5.805.GDB136_chr5H.fa.361800001..362300000
[OK] 5.806.GDB136_chr5H.fa.362250001..362750000
[OK] 5.790.GDB136_chr5H.fa.355050001..355550000
[OK] 5.800.GDB136_chr5H.fa.359550001..360050000
[OK] 5.812.GDB136_chr5H.fa.364950001..365450000
[OK] 5.797.GDB136_chr5H.fa.358200001..358700000
[OK] 5.822.GDB136_chr5H.fa.369450001..369950000
[OK] 5.803.GDB136_chr5H.fa.360900001..361400000
[OK] 5.785.GDB136_chr5H.fa.352800001..353300000
[OK] 5.821.GDB136_chr5H.fa.369000001..369500000
[OK] 5.817.GDB136_chr5H.fa.367200001..367700000
[OK] 5.796.GDB136_chr5H.fa.357750001..358250000
[OK] 5.819.GDB136_chr5H.fa.368100001..368600000
[OK] 5.811.GDB136_chr5H.fa.364500001..365000000
[OK] 5.840.GDB136_chr5H.fa.377550001..378050000
[OK] 5.823.GDB136_chr5H.fa.369900001..370400000
[OK] 5.813.GDB136_chr5H.fa.365400001..365900000
[OK] 5.830.GDB136_chr5H.fa.373050001..373550000
[OK] 5.820.GDB136_chr5H.fa.368550001..369050000
[OK] 5.804.GDB136_chr5H.fa.361350001..361850000
[OK] 5.818.GDB136_chr5H.fa.367650001..368150000
[OK] 5.815.GDB136_chr5H.fa.366300001..366800000
[OK] 5.829.GDB136_chr5H.fa.372600001..373100000
[OK] 5.838.GDB136_chr5H.fa.376650001..377150000
[OK] 5.832.GDB136_chr5H.fa.373950001..374450000
[OK] 5.795.GDB136_chr5H.fa.357300001..357800000
[OK] 5.837.GDB136_chr5H.fa.376200001..376700000
[OK] 5.810.GDB136_chr5H.fa.364050001..364550000
[OK] 5.824.GDB136_chr5H.fa.370350001..370850000
[OK] 5.826.GDB136_chr5H.fa.371250001..371750000
[OK] 5.825.GDB136_chr5H.fa.370800001..371300000
[OK] 5.850.GDB136_chr5H.fa.382050001..382550000
[OK] 5.876.GDB136_chr5H.fa.393750001..394250000
[OK] 5.833.GDB136_chr5H.fa.374400001..374900000
[OK] 5.828.GDB136_chr5H.fa.372150001..372650000
[OK] 5.879.GDB136_chr5H.fa.395100001..395600000
[OK] 5.836.GDB136_chr5H.fa.375750001..376250000
[OK] 5.872.GDB136_chr5H.fa.391950001..392450000
[OK] 5.839.GDB136_chr5H.fa.377100001..377600000
[OK] 5.841.GDB136_chr5H.fa.378000001..378500000
[OK] 5.845.GDB136_chr5H.fa.379800001..380300000
[OK] 5.851.GDB136_chr5H.fa.382500001..383000000
[OK] 5.831.GDB136_chr5H.fa.373500001..374000000
[OK] 5.846.GDB136_chr5H.fa.380250001..380750000
[OK] 5.854.GDB136_chr5H.fa.383850001..384350000
[OK] 5.884.GDB136_chr5H.fa.397350001..397850000
[OK] 5.847.GDB136_chr5H.fa.380700001..381200000
[OK] 5.867.GDB136_chr5H.fa.389700001..390200000
[OK] 5.868.GDB136_chr5H.fa.390150001..390650000
[OK] 5.844.GDB136_chr5H.fa.379350001..379850000
[OK] 5.866.GDB136_chr5H.fa.389250001..389750000
[OK] 5.863.GDB136_chr5H.fa.387900001..388400000
[OK] 5.858.GDB136_chr5H.fa.385650001..386150000
[OK] 5.857.GDB136_chr5H.fa.385200001..385700000
[OK] 5.835.GDB136_chr5H.fa.375300001..375800000
[OK] 5.834.GDB136_chr5H.fa.374850001..375350000
[OK] 5.859.GDB136_chr5H.fa.386100001..386600000
[OK] 5.869.GDB136_chr5H.fa.390600001..391100000
[OK] 5.874.GDB136_chr5H.fa.392850001..393350000
[OK] 5.878.GDB136_chr5H.fa.394650001..395150000
[OK] 5.860.GDB136_chr5H.fa.386550001..387050000
[OK] 5.789.GDB136_chr5H.fa.354600001..355100000
[OK] 5.853.GDB136_chr5H.fa.383400001..383900000
[OK] 5.849.GDB136_chr5H.fa.381600001..382100000
[OK] 5.827.GDB136_chr5H.fa.371700001..372200000
[OK] 5.843.GDB136_chr5H.fa.378900001..379400000
[OK] 5.852.GDB136_chr5H.fa.382950001..383450000
[OK] 5.864.GDB136_chr5H.fa.388350001..388850000
[OK] 5.855.GDB136_chr5H.fa.384300001..384800000
[OK] 5.865.GDB136_chr5H.fa.388800001..389300000
[OK] 5.871.GDB136_chr5H.fa.391500001..392000000
[OK] 5.881.GDB136_chr5H.fa.396000001..396500000
[OK] 5.888.GDB136_chr5H.fa.399150001..399650000
[OK] 5.880.GDB136_chr5H.fa.395550001..396050000
[OK] 5.842.GDB136_chr5H.fa.378450001..378950000
[OK] 5.856.GDB136_chr5H.fa.384750001..385250000
[OK] 5.877.GDB136_chr5H.fa.394200001..394700000
[OK] 5.848.GDB136_chr5H.fa.381150001..381650000
[OK] 5.875.GDB136_chr5H.fa.393300001..393800000
[OK] 5.893.GDB136_chr5H.fa.401400001..401900000
[OK] 5.883.GDB136_chr5H.fa.396900001..397400000
[OK] 5.899.GDB136_chr5H.fa.404100001..404600000
[OK] 5.907.GDB136_chr5H.fa.407700001..408200000
[OK] 5.889.GDB136_chr5H.fa.399600001..400100000
[OK] 5.894.GDB136_chr5H.fa.401850001..402350000
[OK] 5.861.GDB136_chr5H.fa.387000001..387500000
[OK] 5.886.GDB136_chr5H.fa.398250001..398750000
[OK] 5.890.GDB136_chr5H.fa.400050001..400550000
[OK] 5.870.GDB136_chr5H.fa.391050001..391550000
[OK] 5.882.GDB136_chr5H.fa.396450001..396950000
[OK] 5.905.GDB136_chr5H.fa.406800001..407300000
[OK] 5.911.GDB136_chr5H.fa.409500001..410000000
[OK] 5.892.GDB136_chr5H.fa.400950001..401450000
[OK] 5.862.GDB136_chr5H.fa.387450001..387950000
[OK] 5.891.GDB136_chr5H.fa.400500001..401000000
[OK] 5.908.GDB136_chr5H.fa.408150001..408650000
[OK] 5.904.GDB136_chr5H.fa.406350001..406850000
[OK] 5.902.GDB136_chr5H.fa.405450001..405950000
[OK] 5.909.GDB136_chr5H.fa.408600001..409100000
[OK] 5.885.GDB136_chr5H.fa.397800001..398300000
[OK] 5.898.GDB136_chr5H.fa.403650001..404150000
[OK] 5.873.GDB136_chr5H.fa.392400001..392900000
[OK] 5.906.GDB136_chr5H.fa.407250001..407750000
[OK] 5.913.GDB136_chr5H.fa.410400001..410900000
[OK] 5.901.GDB136_chr5H.fa.405000001..405500000
[OK] 5.887.GDB136_chr5H.fa.398700001..399200000
[OK] 5.920.GDB136_chr5H.fa.413550001..414050000
[OK] 5.895.GDB136_chr5H.fa.402300001..402800000
[OK] 5.919.GDB136_chr5H.fa.413100001..413600000
[OK] 5.903.GDB136_chr5H.fa.405900001..406400000
[OK] 5.914.GDB136_chr5H.fa.410850001..411350000
[OK] 5.897.GDB136_chr5H.fa.403200001..403700000
[OK] 5.952.GDB136_chr5H.fa.427950001..428450000
[OK] 5.917.GDB136_chr5H.fa.412200001..412700000
[OK] 5.900.GDB136_chr5H.fa.404550001..405050000
[OK] 5.946.GDB136_chr5H.fa.425250001..425750000
[OK] 5.944.GDB136_chr5H.fa.424350001..424850000
[OK] 5.923.GDB136_chr5H.fa.414900001..415400000
[OK] 5.912.GDB136_chr5H.fa.409950001..410450000
[OK] 5.926.GDB136_chr5H.fa.416250001..416750000
[OK] 5.933.GDB136_chr5H.fa.419400001..419900000
[OK] 5.938.GDB136_chr5H.fa.421650001..422150000
[OK] 5.924.GDB136_chr5H.fa.415350001..415850000
[OK] 5.937.GDB136_chr5H.fa.421200001..421700000
[OK] 5.955.GDB136_chr5H.fa.429300001..429800000
[OK] 5.935.GDB136_chr5H.fa.420300001..420800000
[OK] 5.949.GDB136_chr5H.fa.426600001..427100000
[OK] 5.932.GDB136_chr5H.fa.418950001..419450000
[OK] 5.916.GDB136_chr5H.fa.411750001..412250000
[OK] 5.943.GDB136_chr5H.fa.423900001..424400000
[OK] 5.950.GDB136_chr5H.fa.427050001..427550000
[OK] 5.918.GDB136_chr5H.fa.412650001..413150000
[OK] 5.951.GDB136_chr5H.fa.427500001..428000000
[OK] 5.961.GDB136_chr5H.fa.432000001..432500000
[OK] 5.939.GDB136_chr5H.fa.422100001..422600000
[OK] 5.931.GDB136_chr5H.fa.418500001..419000000
[OK] 5.929.GDB136_chr5H.fa.417600001..418100000
[OK] 5.959.GDB136_chr5H.fa.431100001..431600000
[OK] 5.941.GDB136_chr5H.fa.423000001..423500000
[OK] 5.928.GDB136_chr5H.fa.417150001..417650000
[OK] 5.971.GDB136_chr5H.fa.436500001..437000000
[OK] 5.910.GDB136_chr5H.fa.409050001..409550000
[OK] 5.966.GDB136_chr5H.fa.434250001..434750000
[OK] 5.970.GDB136_chr5H.fa.436050001..436550000
[OK] 5.927.GDB136_chr5H.fa.416700001..417200000
[OK] 5.945.GDB136_chr5H.fa.424800001..425300000
[OK] 5.925.GDB136_chr5H.fa.415800001..416300000
[OK] 5.960.GDB136_chr5H.fa.431550001..432050000
[OK] 5.940.GDB136_chr5H.fa.422550001..423050000
[OK] 5.963.GDB136_chr5H.fa.432900001..433400000
[OK] 5.957.GDB136_chr5H.fa.430200001..430700000
[OK] 5.972.GDB136_chr5H.fa.436950001..437450000
[OK] 5.922.GDB136_chr5H.fa.414450001..414950000
[OK] 5.921.GDB136_chr5H.fa.414000001..414500000
[OK] 5.948.GDB136_chr5H.fa.426150001..426650000
[OK] 5.896.GDB136_chr5H.fa.402750001..403250000
[OK] 5.934.GDB136_chr5H.fa.419850001..420350000
[OK] 5.985.GDB136_chr5H.fa.442800001..443300000
[OK] 5.969.GDB136_chr5H.fa.435600001..436100000
[OK] 5.953.GDB136_chr5H.fa.428400001..428900000
[OK] 5.975.GDB136_chr5H.fa.438300001..438800000
[OK] 5.983.GDB136_chr5H.fa.441900001..442400000
[OK] 5.954.GDB136_chr5H.fa.428850001..429350000
[OK] 5.964.GDB136_chr5H.fa.433350001..433850000
[OK] 5.936.GDB136_chr5H.fa.420750001..421250000
[OK] 5.962.GDB136_chr5H.fa.432450001..432950000
[OK] 5.980.GDB136_chr5H.fa.440550001..441050000
[OK] 5.974.GDB136_chr5H.fa.437850001..438350000
[OK] 5.965.GDB136_chr5H.fa.433800001..434300000
[OK] 5.988.GDB136_chr5H.fa.444150001..444650000
[OK] 5.930.GDB136_chr5H.fa.418050001..418550000
[OK] 5.991.GDB136_chr5H.fa.445500001..446000000
[OK] 5.973.GDB136_chr5H.fa.437400001..437900000
[OK] 5.977.GDB136_chr5H.fa.439200001..439700000
[OK] 5.992.GDB136_chr5H.fa.445950001..446450000
[OK] 5.956.GDB136_chr5H.fa.429750001..430250000
[OK] 5.942.GDB136_chr5H.fa.423450001..423950000
[OK] 5.967.GDB136_chr5H.fa.434700001..435200000
[OK] 5.996.GDB136_chr5H.fa.447750001..448250000
[OK] 5.999.GDB136_chr5H.fa.449100001..449600000
[OK] 5.915.GDB136_chr5H.fa.411300001..411800000
[OK] 5.968.GDB136_chr5H.fa.435150001..435650000
[OK] 5.947.GDB136_chr5H.fa.425700001..426200000
[OK] 5.986.GDB136_chr5H.fa.443250001..443750000
[OK] 5.984.GDB136_chr5H.fa.442350001..442850000
[OK] 5.989.GDB136_chr5H.fa.444600001..445100000
[OK] 5.976.GDB136_chr5H.fa.438750001..439250000
[OK] 5.1001.GDB136_chr5H.fa.450000001..450500000
[OK] 5.994.GDB136_chr5H.fa.446850001..447350000
[OK] 5.981.GDB136_chr5H.fa.441000001..441500000
[OK] 5.982.GDB136_chr5H.fa.441450001..441950000
[OK] 5.958.GDB136_chr5H.fa.430650001..431150000
[OK] 5.978.GDB136_chr5H.fa.439650001..440150000
[OK] 5.993.GDB136_chr5H.fa.446400001..446900000
[OK] 5.1018.GDB136_chr5H.fa.457650001..458150000
[OK] 5.987.GDB136_chr5H.fa.443700001..444200000
[OK] 5.1007.GDB136_chr5H.fa.452700001..453200000
[OK] 5.1008.GDB136_chr5H.fa.453150001..453650000
[OK] 5.1005.GDB136_chr5H.fa.451800001..452300000
[OK] 5.1026.GDB136_chr5H.fa.461250001..461750000
[OK] 5.1000.GDB136_chr5H.fa.449550001..450050000
[OK] 5.1013.GDB136_chr5H.fa.455400001..455900000
[OK] 5.979.GDB136_chr5H.fa.440100001..440600000
[OK] 5.1024.GDB136_chr5H.fa.460350001..460850000
[OK] 5.1006.GDB136_chr5H.fa.452250001..452750000
[OK] 5.1011.GDB136_chr5H.fa.454500001..455000000
[OK] 5.1002.GDB136_chr5H.fa.450450001..450950000
[OK] 5.1019.GDB136_chr5H.fa.458100001..458600000
[OK] 5.995.GDB136_chr5H.fa.447300001..447800000
[OK] 5.1003.GDB136_chr5H.fa.450900001..451400000
[OK] 5.1020.GDB136_chr5H.fa.458550001..459050000
[OK] 5.1017.GDB136_chr5H.fa.457200001..457700000
[OK] 5.1012.GDB136_chr5H.fa.454950001..455450000
[OK] 5.997.GDB136_chr5H.fa.448200001..448700000
[OK] 5.1009.GDB136_chr5H.fa.453600001..454100000
[OK] 5.1038.GDB136_chr5H.fa.466650001..467150000
[OK] 5.1004.GDB136_chr5H.fa.451350001..451850000
[OK] 5.1022.GDB136_chr5H.fa.459450001..459950000
[OK] 5.1030.GDB136_chr5H.fa.463050001..463550000
[OK] 5.1016.GDB136_chr5H.fa.456750001..457250000
[OK] 5.1010.GDB136_chr5H.fa.454050001..454550000
[OK] 5.1033.GDB136_chr5H.fa.464400001..464900000
[OK] 5.1014.GDB136_chr5H.fa.455850001..456350000
[OK] 5.1025.GDB136_chr5H.fa.460800001..461300000
[OK] 5.1036.GDB136_chr5H.fa.465750001..466250000
[OK] 5.998.GDB136_chr5H.fa.448650001..449150000
[OK] 5.1023.GDB136_chr5H.fa.459900001..460400000
[OK] 5.1041.GDB136_chr5H.fa.468000001..468500000
[OK] 5.1042.GDB136_chr5H.fa.468450001..468950000
[OK] 5.1021.GDB136_chr5H.fa.459000001..459500000
[OK] 5.1043.GDB136_chr5H.fa.468900001..469400000
[OK] 5.1015.GDB136_chr5H.fa.456300001..456800000
[OK] 5.1044.GDB136_chr5H.fa.469350001..469850000
[OK] 5.1037.GDB136_chr5H.fa.466200001..466700000
[OK] 5.1035.GDB136_chr5H.fa.465300001..465800000
[OK] 5.1047.GDB136_chr5H.fa.470700001..471200000
[OK] 5.1050.GDB136_chr5H.fa.472050001..472550000
[OK] 5.1065.GDB136_chr5H.fa.478800001..479300000
[OK] 5.1049.GDB136_chr5H.fa.471600001..472100000
[OK] 5.1051.GDB136_chr5H.fa.472500001..473000000
[OK] 5.1040.GDB136_chr5H.fa.467550001..468050000
[OK] 5.1053.GDB136_chr5H.fa.473400001..473900000
[OK] 5.1045.GDB136_chr5H.fa.469800001..470300000
[OK] 5.1034.GDB136_chr5H.fa.464850001..465350000
[OK] 5.990.GDB136_chr5H.fa.445050001..445550000
[OK] 5.1048.GDB136_chr5H.fa.471150001..471650000
[OK] 5.1055.GDB136_chr5H.fa.474300001..474800000
[OK] 5.1060.GDB136_chr5H.fa.476550001..477050000
[OK] 5.1057.GDB136_chr5H.fa.475200001..475700000
[OK] 5.1031.GDB136_chr5H.fa.463500001..464000000
[OK] 5.1029.GDB136_chr5H.fa.462600001..463100000
[OK] 5.1061.GDB136_chr5H.fa.477000001..477500000
[OK] 5.1032.GDB136_chr5H.fa.463950001..464450000
[OK] 5.1063.GDB136_chr5H.fa.477900001..478400000
[OK] 5.1070.GDB136_chr5H.fa.481050001..481550000
[OK] 5.1069.GDB136_chr5H.fa.480600001..481100000
[OK] 5.1039.GDB136_chr5H.fa.467100001..467600000
[OK] 5.1028.GDB136_chr5H.fa.462150001..462650000
[OK] 5.1058.GDB136_chr5H.fa.475650001..476150000
[OK] 5.1054.GDB136_chr5H.fa.473850001..474350000
[OK] 5.1072.GDB136_chr5H.fa.481950001..482450000
[OK] 5.1056.GDB136_chr5H.fa.474750001..475250000
[OK] 5.1064.GDB136_chr5H.fa.478350001..478850000
[OK] 5.1067.GDB136_chr5H.fa.479700001..480200000
[OK] 5.1059.GDB136_chr5H.fa.476100001..476600000
[OK] 5.1084.GDB136_chr5H.fa.487350001..487850000
[OK] 5.1027.GDB136_chr5H.fa.461700001..462200000
[OK] 5.1066.GDB136_chr5H.fa.479250001..479750000
[OK] 5.1081.GDB136_chr5H.fa.486000001..486500000
[OK] 5.1078.GDB136_chr5H.fa.484650001..485150000
[OK] 5.1062.GDB136_chr5H.fa.477450001..477950000
[OK] 5.1052.GDB136_chr5H.fa.472950001..473450000
[OK] 5.1103.GDB136_chr5H.fa.495900001..496400000
[OK] 5.1074.GDB136_chr5H.fa.482850001..483350000
[OK] 5.1085.GDB136_chr5H.fa.487800001..488300000
[OK] 5.1094.GDB136_chr5H.fa.491850001..492350000
[OK] 5.1068.GDB136_chr5H.fa.480150001..480650000
[OK] 5.1102.GDB136_chr5H.fa.495450001..495950000
[OK] 5.1071.GDB136_chr5H.fa.481500001..482000000
[OK] 5.1113.GDB136_chr5H.fa.500400001..500900000
[OK] 5.1076.GDB136_chr5H.fa.483750001..484250000
[OK] 5.1109.GDB136_chr5H.fa.498600001..499100000
[OK] 5.1080.GDB136_chr5H.fa.485550001..486050000
[OK] 5.1088.GDB136_chr5H.fa.489150001..489650000
[OK] 5.1077.GDB136_chr5H.fa.484200001..484700000
[OK] 5.1087.GDB136_chr5H.fa.488700001..489200000
[OK] 5.1120.GDB136_chr5H.fa.503550001..504050000
[OK] 5.1046.GDB136_chr5H.fa.470250001..470750000
[OK] 5.1125.GDB136_chr5H.fa.505800001..506300000
[OK] 5.1097.GDB136_chr5H.fa.493200001..493700000
[OK] 5.1089.GDB136_chr5H.fa.489600001..490100000
[OK] 5.1075.GDB136_chr5H.fa.483300001..483800000
[OK] 5.1116.GDB136_chr5H.fa.501750001..502250000
[OK] 5.1101.GDB136_chr5H.fa.495000001..495500000
[OK] 5.1110.GDB136_chr5H.fa.499050001..499550000
[OK] 5.1126.GDB136_chr5H.fa.506250001..506750000
[OK] 5.1086.GDB136_chr5H.fa.488250001..488750000
[OK] 5.1091.GDB136_chr5H.fa.490500001..491000000
[OK] 5.1083.GDB136_chr5H.fa.486900001..487400000
[OK] 5.1082.GDB136_chr5H.fa.486450001..486950000
[OK] 5.1115.GDB136_chr5H.fa.501300001..501800000
[OK] 5.1095.GDB136_chr5H.fa.492300001..492800000
[OK] 5.1079.GDB136_chr5H.fa.485100001..485600000
[OK] 5.1073.GDB136_chr5H.fa.482400001..482900000
[OK] 5.1098.GDB136_chr5H.fa.493650001..494150000
[OK] 5.1107.GDB136_chr5H.fa.497700001..498200000
[OK] 5.1122.GDB136_chr5H.fa.504450001..504950000
[OK] 5.1105.GDB136_chr5H.fa.496800001..497300000
[OK] 5.1092.GDB136_chr5H.fa.490950001..491450000
[OK] 5.1123.GDB136_chr5H.fa.504900001..505400000
[OK] 5.1128.GDB136_chr5H.fa.507150001..507650000
[OK] 5.1106.GDB136_chr5H.fa.497250001..497750000
[OK] 5.1104.GDB136_chr5H.fa.496350001..496850000
[OK] 5.1117.GDB136_chr5H.fa.502200001..502700000
[OK] 5.1129.GDB136_chr5H.fa.507600001..508100000
[OK] 5.1090.GDB136_chr5H.fa.490050001..490550000
[OK] 5.1111.GDB136_chr5H.fa.499500001..500000000
[OK] 5.1114.GDB136_chr5H.fa.500850001..501350000
[OK] 5.1108.GDB136_chr5H.fa.498150001..498650000
[OK] 5.1137.GDB136_chr5H.fa.511200001..511700000
[OK] 5.1150.GDB136_chr5H.fa.517050001..517550000
[OK] 5.1096.GDB136_chr5H.fa.492750001..493250000
[OK] 5.1146.GDB136_chr5H.fa.515250001..515750000
[OK] 5.1099.GDB136_chr5H.fa.494100001..494600000
[OK] 5.1112.GDB136_chr5H.fa.499950001..500450000
[OK] 5.1154.GDB136_chr5H.fa.518850001..519350000
[OK] 5.1142.GDB136_chr5H.fa.513450001..513950000
[OK] 5.1124.GDB136_chr5H.fa.505350001..505850000
[OK] 5.1134.GDB136_chr5H.fa.509850001..510350000
[OK] 5.1138.GDB136_chr5H.fa.511650001..512150000
[OK] 5.1119.GDB136_chr5H.fa.503100001..503600000
[OK] 5.1133.GDB136_chr5H.fa.509400001..509900000
[OK] 5.1141.GDB136_chr5H.fa.513000001..513500000
[OK] 5.1151.GDB136_chr5H.fa.517500001..518000000
[OK] 5.1100.GDB136_chr5H.fa.494550001..495050000
[OK] 5.1121.GDB136_chr5H.fa.504000001..504500000
[OK] 5.1130.GDB136_chr5H.fa.508050001..508550000
[OK] 5.1118.GDB136_chr5H.fa.502650001..503150000
[OK] 5.1155.GDB136_chr5H.fa.519300001..519800000
[OK] 5.1132.GDB136_chr5H.fa.508950001..509450000
[OK] 5.1161.GDB136_chr5H.fa.522000001..522500000
[OK] 5.1159.GDB136_chr5H.fa.521100001..521600000
[OK] 5.1136.GDB136_chr5H.fa.510750001..511250000
[OK] 5.1166.GDB136_chr5H.fa.524250001..524750000
[OK] 5.1157.GDB136_chr5H.fa.520200001..520700000
[OK] 5.1139.GDB136_chr5H.fa.512100001..512600000
[OK] 5.1144.GDB136_chr5H.fa.514350001..514850000
[OK] 5.1093.GDB136_chr5H.fa.491400001..491900000
[OK] 5.1181.GDB136_chr5H.fa.531000001..531500000
[OK] 5.1145.GDB136_chr5H.fa.514800001..515300000
[OK] 5.1148.GDB136_chr5H.fa.516150001..516650000
[OK] 5.1169.GDB136_chr5H.fa.525600001..526100000
[OK] 5.1177.GDB136_chr5H.fa.529200001..529700000
[OK] 5.1165.GDB136_chr5H.fa.523800001..524300000
[OK] 5.1192.GDB136_chr5H.fa.535950001..536450000
[OK] 5.1158.GDB136_chr5H.fa.520650001..521150000
[OK] 5.1153.GDB136_chr5H.fa.518400001..518900000
[OK] 5.1173.GDB136_chr5H.fa.527400001..527900000
[OK] 5.1164.GDB136_chr5H.fa.523350001..523850000
[OK] 5.1140.GDB136_chr5H.fa.512550001..513050000
[OK] 5.1160.GDB136_chr5H.fa.521550001..522050000
[OK] 5.1143.GDB136_chr5H.fa.513900001..514400000
[OK] 5.1170.GDB136_chr5H.fa.526050001..526550000
[OK] 5.1147.GDB136_chr5H.fa.515700001..516200000
[OK] 5.1187.GDB136_chr5H.fa.533700001..534200000
[OK] 5.1156.GDB136_chr5H.fa.519750001..520250000
[OK] 5.1152.GDB136_chr5H.fa.517950001..518450000
[OK] 5.1174.GDB136_chr5H.fa.527850001..528350000
[OK] 5.1162.GDB136_chr5H.fa.522450001..522950000
[OK] 5.1184.GDB136_chr5H.fa.532350001..532850000
[OK] 5.1127.GDB136_chr5H.fa.506700001..507200000
[OK] 5.1180.GDB136_chr5H.fa.530550001..531050000
[OK] 5.1149.GDB136_chr5H.fa.516600001..517100000
[OK] 5.1185.GDB136_chr5H.fa.532800001..533300000
[OK] 5.1168.GDB136_chr5H.fa.525150001..525650000
[OK] 5.1205.GDB136_chr5H.fa.541800001..542300000
[OK] 5.1207.GDB136_chr5H.fa.542700001..543200000
[OK] 5.1176.GDB136_chr5H.fa.528750001..529250000
[OK] 5.1135.GDB136_chr5H.fa.510300001..510800000
[OK] 5.1186.GDB136_chr5H.fa.533250001..533750000
[OK] 5.1182.GDB136_chr5H.fa.531450001..531950000
[OK] 5.1189.GDB136_chr5H.fa.534600001..535100000
[OK] 5.1179.GDB136_chr5H.fa.530100001..530600000
[OK] 5.1167.GDB136_chr5H.fa.524700001..525200000
[OK] 5.1183.GDB136_chr5H.fa.531900001..532400000
[OK] 5.1209.GDB136_chr5H.fa.543600001..544100000
[OK] 5.1202.GDB136_chr5H.fa.540450001..540950000
[OK] 5.1203.GDB136_chr5H.fa.540900001..541400000
[OK] 5.1208.GDB136_chr5H.fa.543150001..543650000
[OK] 5.1206.GDB136_chr5H.fa.542250001..542750000
[OK] 5.1172.GDB136_chr5H.fa.526950001..527450000
[OK] 5.1190.GDB136_chr5H.fa.535050001..535550000
[OK] 5.1163.GDB136_chr5H.fa.522900001..523400000
[OK] 5.1196.GDB136_chr5H.fa.537750001..538250000
[OK] 5.1194.GDB136_chr5H.fa.536850001..537350000
[OK] 5.1214.GDB136_chr5H.fa.545850001..546350000
[OK] 5.1188.GDB136_chr5H.fa.534150001..534650000
[OK] 5.1227.GDB136_chr5H.fa.551700001..552200000
[OK] 5.1218.GDB136_chr5H.fa.547650001..548150000
[OK] 5.1175.GDB136_chr5H.fa.528300001..528800000
[OK] 5.1223.GDB136_chr5H.fa.549900001..550400000
[OK] 5.1235.GDB136_chr5H.fa.555300001..555800000
[OK] 5.1224.GDB136_chr5H.fa.550350001..550850000
[OK] 5.1216.GDB136_chr5H.fa.546750001..547250000
[OK] 5.1232.GDB136_chr5H.fa.553950001..554450000
[OK] 5.1219.GDB136_chr5H.fa.548100001..548600000
[OK] 5.1200.GDB136_chr5H.fa.539550001..540050000
[OK] 5.1239.GDB136_chr5H.fa.557100001..557600000
[OK] 5.1231.GDB136_chr5H.fa.553500001..554000000
[OK] 5.1233.GDB136_chr5H.fa.554400001..554900000
[OK] 5.1213.GDB136_chr5H.fa.545400001..545900000
[OK] 5.1193.GDB136_chr5H.fa.536400001..536900000
[OK] 5.1215.GDB136_chr5H.fa.546300001..546800000
[OK] 5.1204.GDB136_chr5H.fa.541350001..541850000
[OK] 5.1201.GDB136_chr5H.fa.540000001..540500000
[OK] 5.1131.GDB136_chr5H.fa.508500001..509000000
[OK] 5.1228.GDB136_chr5H.fa.552150001..552650000
[OK] 5.1171.GDB136_chr5H.fa.526500001..527000000
[OK] 5.1240.GDB136_chr5H.fa.557550001..558050000
[OK] 5.1247.GDB136_chr5H.fa.560700001..561200000
[OK] 5.1241.GDB136_chr5H.fa.558000001..558500000
[OK] 5.1212.GDB136_chr5H.fa.544950001..545450000
[OK] 5.1236.GDB136_chr5H.fa.555750001..556250000
[OK] 5.1237.GDB136_chr5H.fa.556200001..556700000
[OK] 5.1195.GDB136_chr5H.fa.537300001..537800000
[OK] 5.1238.GDB136_chr5H.fa.556650001..557150000
[OK] 5.1243.GDB136_chr5H.fa.558900001..559400000
[OK] 5.1225.GDB136_chr5H.fa.550800001..551300000
[OK] 5.1210.GDB136_chr5H.fa.544050001..544550000
[OK] 5.1217.GDB136_chr5H.fa.547200001..547700000
[OK] 5.1252.GDB136_chr5H.fa.562950001..563450000
[OK] 5.1251.GDB136_chr5H.fa.562500001..563000000
[OK] 5.1226.GDB136_chr5H.fa.551250001..551750000
[OK] 5.1250.GDB136_chr5H.fa.562050001..562550000
[OK] 5.1221.GDB136_chr5H.fa.549000001..549500000
[OK] 5.1234.GDB136_chr5H.fa.554850001..555350000
[OK] 5.1191.GDB136_chr5H.fa.535500001..536000000
[OK] 5.1253.GDB136_chr5H.fa.563400001..563900000
[OK] 5.1222.GDB136_chr5H.fa.549450001..549950000
[OK] 5.1273.GDB136_chr5H.fa.572400001..572900000
[OK] 5.1254.GDB136_chr5H.fa.563850001..564350000
[OK] 5.1211.GDB136_chr5H.fa.544500001..545000000
[OK] 5.1260.GDB136_chr5H.fa.566550001..567050000
[OK] 5.1246.GDB136_chr5H.fa.560250001..560750000
[OK] 5.1276.GDB136_chr5H.fa.573750001..574250000
[OK] 5.1244.GDB136_chr5H.fa.559350001..559850000
[OK] 5.1249.GDB136_chr5H.fa.561600001..562100000
[OK] 5.1259.GDB136_chr5H.fa.566100001..566600000
[OK] 5.1264.GDB136_chr5H.fa.568350001..568850000
[OK] 5.1269.GDB136_chr5H.fa.570600001..571100000
[OK] 5.1257.GDB136_chr5H.fa.565200001..565700000
[OK] 5.1308.GDB136_chr5H.fa.588150001..588460010
[OK] 5.1255.GDB136_chr5H.fa.564300001..564800000
[OK] 5.1248.GDB136_chr5H.fa.561150001..561650000
[OK] 5.1262.GDB136_chr5H.fa.567450001..567950000
[OK] 5.1198.GDB136_chr5H.fa.538650001..539150000
[OK] 5.1230.GDB136_chr5H.fa.553050001..553550000
[OK] 5.1245.GDB136_chr5H.fa.559800001..560300000
[OK] 5.1286.GDB136_chr5H.fa.578250001..578750000
[OK] 5.1287.GDB136_chr5H.fa.578700001..579200000
[OK] 5.1284.GDB136_chr5H.fa.577350001..577850000
[OK] 5.1197.GDB136_chr5H.fa.538200001..538700000
[OK] 5.1271.GDB136_chr5H.fa.571500001..572000000
[OK] 5.1242.GDB136_chr5H.fa.558450001..558950000
[OK] 5.1178.GDB136_chr5H.fa.529650001..530150000
[OK] 5.1258.GDB136_chr5H.fa.565650001..566150000
[OK] 5.1265.GDB136_chr5H.fa.568800001..569300000
[OK] 5.1272.GDB136_chr5H.fa.571950001..572450000
[OK] 5.1267.GDB136_chr5H.fa.569700001..570200000
[OK] 5.1300.GDB136_chr5H.fa.584550001..585050000
[OK] 5.1277.GDB136_chr5H.fa.574200001..574700000
[OK] 5.1266.GDB136_chr5H.fa.569250001..569750000
[OK] 6.001.GDB136_chr6H.fa.1..500000
[OK] 5.1263.GDB136_chr5H.fa.567900001..568400000
[OK] 5.1296.GDB136_chr5H.fa.582750001..583250000
[OK] 5.1274.GDB136_chr5H.fa.572850001..573350000
[OK] 6.009.GDB136_chr6H.fa.3600001..4100000
[OK] 5.1301.GDB136_chr5H.fa.585000001..585500000
[OK] 6.005.GDB136_chr6H.fa.1800001..2300000
[OK] 5.1229.GDB136_chr5H.fa.552600001..553100000
[OK] 5.1305.GDB136_chr5H.fa.586800001..587300000
[OK] 5.1293.GDB136_chr5H.fa.581400001..581900000
[OK] 5.1298.GDB136_chr5H.fa.583650001..584150000
[OK] 5.1261.GDB136_chr5H.fa.567000001..567500000
[OK] 5.1270.GDB136_chr5H.fa.571050001..571550000
[OK] 5.1220.GDB136_chr5H.fa.548550001..549050000
[OK] 5.1290.GDB136_chr5H.fa.580050001..580550000
[OK] 5.1268.GDB136_chr5H.fa.570150001..570650000
[OK] 5.1283.GDB136_chr5H.fa.576900001..577400000
[OK] 6.002.GDB136_chr6H.fa.450001..950000
[OK] 5.1297.GDB136_chr5H.fa.583200001..583700000
[OK] 6.006.GDB136_chr6H.fa.2250001..2750000
[OK] 5.1281.GDB136_chr5H.fa.576000001..576500000
[OK] 6.010.GDB136_chr6H.fa.4050001..4550000
[OK] 5.1279.GDB136_chr5H.fa.575100001..575600000
[OK] 6.015.GDB136_chr6H.fa.6300001..6800000
[OK] 6.003.GDB136_chr6H.fa.900001..1400000
[OK] 5.1304.GDB136_chr5H.fa.586350001..586850000
[OK] 5.1299.GDB136_chr5H.fa.584100001..584600000
[OK] 5.1278.GDB136_chr5H.fa.574650001..575150000
[OK] 5.1302.GDB136_chr5H.fa.585450001..585950000
[OK] 5.1280.GDB136_chr5H.fa.575550001..576050000
[OK] 5.1199.GDB136_chr5H.fa.539100001..539600000
[OK] 5.1256.GDB136_chr5H.fa.564750001..565250000
[OK] 5.1275.GDB136_chr5H.fa.573300001..573800000
[OK] 6.011.GDB136_chr6H.fa.4500001..5000000
[OK] 5.1285.GDB136_chr5H.fa.577800001..578300000
[OK] 6.008.GDB136_chr6H.fa.3150001..3650000
[OK] 6.004.GDB136_chr6H.fa.1350001..1850000
[OK] 5.1295.GDB136_chr5H.fa.582300001..582800000
[OK] 5.1303.GDB136_chr5H.fa.585900001..586400000
[OK] 6.018.GDB136_chr6H.fa.7650001..8150000
[OK] 5.1307.GDB136_chr5H.fa.587700001..588200000
[OK] 6.020.GDB136_chr6H.fa.8550001..9050000
[OK] 6.007.GDB136_chr6H.fa.2700001..3200000
[OK] 6.024.GDB136_chr6H.fa.10350001..10850000
[OK] 6.029.GDB136_chr6H.fa.12600001..13100000
[OK] 6.025.GDB136_chr6H.fa.10800001..11300000
[OK] 6.022.GDB136_chr6H.fa.9450001..9950000
[OK] 6.031.GDB136_chr6H.fa.13500001..14000000
[OK] 6.044.GDB136_chr6H.fa.19350001..19850000
[OK] 6.042.GDB136_chr6H.fa.18450001..18950000
[OK] 6.017.GDB136_chr6H.fa.7200001..7700000
[OK] 5.1282.GDB136_chr5H.fa.576450001..576950000
[OK] 6.046.GDB136_chr6H.fa.20250001..20750000
[OK] 5.1292.GDB136_chr5H.fa.580950001..581450000
[OK] 5.1294.GDB136_chr5H.fa.581850001..582350000
[OK] 5.1306.GDB136_chr5H.fa.587250001..587750000
[OK] 6.021.GDB136_chr6H.fa.9000001..9500000
[OK] 6.045.GDB136_chr6H.fa.19800001..20300000
[OK] 6.016.GDB136_chr6H.fa.6750001..7250000
[OK] 6.014.GDB136_chr6H.fa.5850001..6350000
[OK] 6.057.GDB136_chr6H.fa.25200001..25700000
[OK] 6.030.GDB136_chr6H.fa.13050001..13550000
[OK] 6.033.GDB136_chr6H.fa.14400001..14900000
[OK] 6.038.GDB136_chr6H.fa.16650001..17150000
[OK] 6.052.GDB136_chr6H.fa.22950001..23450000
[OK] 6.039.GDB136_chr6H.fa.17100001..17600000
[OK] 6.069.GDB136_chr6H.fa.30600001..31100000
[OK] 6.019.GDB136_chr6H.fa.8100001..8600000
[OK] 6.026.GDB136_chr6H.fa.11250001..11750000
[OK] 6.013.GDB136_chr6H.fa.5400001..5900000
[OK] 6.036.GDB136_chr6H.fa.15750001..16250000
[OK] 6.049.GDB136_chr6H.fa.21600001..22100000
[OK] 6.012.GDB136_chr6H.fa.4950001..5450000
[OK] 6.074.GDB136_chr6H.fa.32850001..33350000
[OK] 6.037.GDB136_chr6H.fa.16200001..16700000
[OK] 6.051.GDB136_chr6H.fa.22500001..23000000
[OK] 6.054.GDB136_chr6H.fa.23850001..24350000
[OK] 6.064.GDB136_chr6H.fa.28350001..28850000
[OK] 5.1289.GDB136_chr5H.fa.579600001..580100000
[OK] 6.035.GDB136_chr6H.fa.15300001..15800000
[OK] 6.058.GDB136_chr6H.fa.25650001..26150000
[OK] 5.1288.GDB136_chr5H.fa.579150001..579650000
[OK] 6.028.GDB136_chr6H.fa.12150001..12650000
[OK] 6.040.GDB136_chr6H.fa.17550001..18050000
[OK] 6.075.GDB136_chr6H.fa.33300001..33800000
[OK] 6.063.GDB136_chr6H.fa.27900001..28400000
[OK] 6.047.GDB136_chr6H.fa.20700001..21200000
[OK] 6.053.GDB136_chr6H.fa.23400001..23900000
[OK] 6.059.GDB136_chr6H.fa.26100001..26600000
[OK] 6.056.GDB136_chr6H.fa.24750001..25250000
[OK] 6.083.GDB136_chr6H.fa.36900001..37400000
[OK] 6.034.GDB136_chr6H.fa.14850001..15350000
[OK] 6.065.GDB136_chr6H.fa.28800001..29300000
[OK] 6.070.GDB136_chr6H.fa.31050001..31550000
[OK] 6.068.GDB136_chr6H.fa.30150001..30650000
[OK] 6.089.GDB136_chr6H.fa.39600001..40100000
[OK] 6.027.GDB136_chr6H.fa.11700001..12200000
[OK] 6.073.GDB136_chr6H.fa.32400001..32900000
[OK] 6.072.GDB136_chr6H.fa.31950001..32450000
[OK] 6.048.GDB136_chr6H.fa.21150001..21650000
[OK] 6.082.GDB136_chr6H.fa.36450001..36950000
[OK] 6.071.GDB136_chr6H.fa.31500001..32000000
[OK] 6.087.GDB136_chr6H.fa.38700001..39200000
[OK] 6.067.GDB136_chr6H.fa.29700001..30200000
[OK] 6.100.GDB136_chr6H.fa.44550001..45050000
[OK] 6.066.GDB136_chr6H.fa.29250001..29750000
[OK] 6.061.GDB136_chr6H.fa.27000001..27500000
[OK] 6.091.GDB136_chr6H.fa.40500001..41000000
[OK] 6.062.GDB136_chr6H.fa.27450001..27950000
[OK] 6.081.GDB136_chr6H.fa.36000001..36500000
[OK] 6.092.GDB136_chr6H.fa.40950001..41450000
[OK] 6.103.GDB136_chr6H.fa.45900001..46400000
[OK] 6.077.GDB136_chr6H.fa.34200001..34700000
[OK] 6.094.GDB136_chr6H.fa.41850001..42350000
[OK] 6.095.GDB136_chr6H.fa.42300001..42800000
[OK] 6.096.GDB136_chr6H.fa.42750001..43250000
[OK] 6.109.GDB136_chr6H.fa.48600001..49100000
[OK] 6.090.GDB136_chr6H.fa.40050001..40550000
[OK] 6.050.GDB136_chr6H.fa.22050001..22550000
[OK] 6.106.GDB136_chr6H.fa.47250001..47750000
[OK] 6.114.GDB136_chr6H.fa.50850001..51350000
[OK] 6.084.GDB136_chr6H.fa.37350001..37850000
[OK] 6.041.GDB136_chr6H.fa.18000001..18500000
[OK] 6.043.GDB136_chr6H.fa.18900001..19400000
[OK] 6.085.GDB136_chr6H.fa.37800001..38300000
[OK] 6.111.GDB136_chr6H.fa.49500001..50000000
[OK] 6.080.GDB136_chr6H.fa.35550001..36050000
[OK] 6.102.GDB136_chr6H.fa.45450001..45950000
[OK] 6.101.GDB136_chr6H.fa.45000001..45500000
[OK] 6.078.GDB136_chr6H.fa.34650001..35150000
[OK] 6.117.GDB136_chr6H.fa.52200001..52700000
[OK] 6.060.GDB136_chr6H.fa.26550001..27050000
[OK] 6.115.GDB136_chr6H.fa.51300001..51800000
[OK] 6.108.GDB136_chr6H.fa.48150001..48650000
[OK] 6.116.GDB136_chr6H.fa.51750001..52250000
[OK] 6.076.GDB136_chr6H.fa.33750001..34250000
[OK] 6.032.GDB136_chr6H.fa.13950001..14450000
[OK] 6.088.GDB136_chr6H.fa.39150001..39650000
[OK] 6.023.GDB136_chr6H.fa.9900001..10400000
[OK] 6.128.GDB136_chr6H.fa.57150001..57650000
[OK] 6.104.GDB136_chr6H.fa.46350001..46850000
[OK] 6.119.GDB136_chr6H.fa.53100001..53600000
[OK] 6.097.GDB136_chr6H.fa.43200001..43700000
[OK] 6.098.GDB136_chr6H.fa.43650001..44150000
[OK] 6.112.GDB136_chr6H.fa.49950001..50450000
[OK] 6.110.GDB136_chr6H.fa.49050001..49550000
[OK] 6.055.GDB136_chr6H.fa.24300001..24800000
[OK] 6.118.GDB136_chr6H.fa.52650001..53150000
[OK] 6.127.GDB136_chr6H.fa.56700001..57200000
[OK] 5.1291.GDB136_chr5H.fa.580500001..581000000
[OK] 6.099.GDB136_chr6H.fa.44100001..44600000
[OK] 6.105.GDB136_chr6H.fa.46800001..47300000
[OK] 6.136.GDB136_chr6H.fa.60750001..61250000
[OK] 6.107.GDB136_chr6H.fa.47700001..48200000
[OK] 6.125.GDB136_chr6H.fa.55800001..56300000
[OK] 6.079.GDB136_chr6H.fa.35100001..35600000
[OK] 6.129.GDB136_chr6H.fa.57600001..58100000
[OK] 6.126.GDB136_chr6H.fa.56250001..56750000
[OK] 6.124.GDB136_chr6H.fa.55350001..55850000
[OK] 6.121.GDB136_chr6H.fa.54000001..54500000
[OK] 6.086.GDB136_chr6H.fa.38250001..38750000
[OK] 6.122.GDB136_chr6H.fa.54450001..54950000
[OK] 6.152.GDB136_chr6H.fa.67950001..68450000
[OK] 6.131.GDB136_chr6H.fa.58500001..59000000
[OK] 6.113.GDB136_chr6H.fa.50400001..50900000
[OK] 6.144.GDB136_chr6H.fa.64350001..64850000
[OK] 6.138.GDB136_chr6H.fa.61650001..62150000
[OK] 6.147.GDB136_chr6H.fa.65700001..66200000
[OK] 6.093.GDB136_chr6H.fa.41400001..41900000
[OK] 6.120.GDB136_chr6H.fa.53550001..54050000
[OK] 6.130.GDB136_chr6H.fa.58050001..58550000
[OK] 6.132.GDB136_chr6H.fa.58950001..59450000
[OK] 6.139.GDB136_chr6H.fa.62100001..62600000
[OK] 6.148.GDB136_chr6H.fa.66150001..66650000
[OK] 6.133.GDB136_chr6H.fa.59400001..59900000
[OK] 6.178.GDB136_chr6H.fa.79650001..80150000
[OK] 6.154.GDB136_chr6H.fa.68850001..69350000
[OK] 6.143.GDB136_chr6H.fa.63900001..64400000
[OK] 6.145.GDB136_chr6H.fa.64800001..65300000
[OK] 6.164.GDB136_chr6H.fa.73350001..73850000
[OK] 6.149.GDB136_chr6H.fa.66600001..67100000
[OK] 6.140.GDB136_chr6H.fa.62550001..63050000
[OK] 6.156.GDB136_chr6H.fa.69750001..70250000
[OK] 6.137.GDB136_chr6H.fa.61200001..61700000
[OK] 6.173.GDB136_chr6H.fa.77400001..77900000
[OK] 6.134.GDB136_chr6H.fa.59850001..60350000
[OK] 6.165.GDB136_chr6H.fa.73800001..74300000
[OK] 6.158.GDB136_chr6H.fa.70650001..71150000
[OK] 6.171.GDB136_chr6H.fa.76500001..77000000
[OK] 6.153.GDB136_chr6H.fa.68400001..68900000
[OK] 6.135.GDB136_chr6H.fa.60300001..60800000
[OK] 6.169.GDB136_chr6H.fa.75600001..76100000
[OK] 6.177.GDB136_chr6H.fa.79200001..79700000
[OK] 6.146.GDB136_chr6H.fa.65250001..65750000
[OK] 6.160.GDB136_chr6H.fa.71550001..72050000
[OK] 6.123.GDB136_chr6H.fa.54900001..55400000
[OK] 6.142.GDB136_chr6H.fa.63450001..63950000
[OK] 6.166.GDB136_chr6H.fa.74250001..74750000
[OK] 6.167.GDB136_chr6H.fa.74700001..75200000
[OK] 6.141.GDB136_chr6H.fa.63000001..63500000
[OK] 6.163.GDB136_chr6H.fa.72900001..73400000
[OK] 6.175.GDB136_chr6H.fa.78300001..78800000
[OK] 6.176.GDB136_chr6H.fa.78750001..79250000
[OK] 6.155.GDB136_chr6H.fa.69300001..69800000
[OK] 6.161.GDB136_chr6H.fa.72000001..72500000
[OK] 6.172.GDB136_chr6H.fa.76950001..77450000
[OK] 6.174.GDB136_chr6H.fa.77850001..78350000
[OK] 6.170.GDB136_chr6H.fa.76050001..76550000
[OK] 6.150.GDB136_chr6H.fa.67050001..67550000
[OK] 6.181.GDB136_chr6H.fa.81000001..81500000
[OK] 6.168.GDB136_chr6H.fa.75150001..75650000
[OK] 6.182.GDB136_chr6H.fa.81450001..81950000
[OK] 6.162.GDB136_chr6H.fa.72450001..72950000
[OK] 6.151.GDB136_chr6H.fa.67500001..68000000
[OK] 6.159.GDB136_chr6H.fa.71100001..71600000
[OK] 6.183.GDB136_chr6H.fa.81900001..82400000
[OK] 6.194.GDB136_chr6H.fa.86850001..87350000
[OK] 6.203.GDB136_chr6H.fa.90900001..91400000
[OK] 6.196.GDB136_chr6H.fa.87750001..88250000
[OK] 6.201.GDB136_chr6H.fa.90000001..90500000
[OK] 6.205.GDB136_chr6H.fa.91800001..92300000
[OK] 6.186.GDB136_chr6H.fa.83250001..83750000
[OK] 6.187.GDB136_chr6H.fa.83700001..84200000
[OK] 6.197.GDB136_chr6H.fa.88200001..88700000
[OK] 6.215.GDB136_chr6H.fa.96300001..96800000
[OK] 6.198.GDB136_chr6H.fa.88650001..89150000
[OK] 6.202.GDB136_chr6H.fa.90450001..90950000
[OK] 6.200.GDB136_chr6H.fa.89550001..90050000
[OK] 6.206.GDB136_chr6H.fa.92250001..92750000
[OK] 6.188.GDB136_chr6H.fa.84150001..84650000
[OK] 6.222.GDB136_chr6H.fa.99450001..99950000
[OK] 6.210.GDB136_chr6H.fa.94050001..94550000
[OK] 6.193.GDB136_chr6H.fa.86400001..86900000
[OK] 6.191.GDB136_chr6H.fa.85500001..86000000
[OK] 6.208.GDB136_chr6H.fa.93150001..93650000
[OK] 6.184.GDB136_chr6H.fa.82350001..82850000
[OK] 6.219.GDB136_chr6H.fa.98100001..98600000
[OK] 6.227.GDB136_chr6H.fa.101700001..102200000
[OK] 6.217.GDB136_chr6H.fa.97200001..97700000
[OK] 6.221.GDB136_chr6H.fa.99000001..99500000
[OK] 6.216.GDB136_chr6H.fa.96750001..97250000
[OK] 6.190.GDB136_chr6H.fa.85050001..85550000
[OK] 6.192.GDB136_chr6H.fa.85950001..86450000
[OK] 6.195.GDB136_chr6H.fa.87300001..87800000
[OK] 6.238.GDB136_chr6H.fa.106650001..107150000
[OK] 6.185.GDB136_chr6H.fa.82800001..83300000
[OK] 6.204.GDB136_chr6H.fa.91350001..91850000
[OK] 6.223.GDB136_chr6H.fa.99900001..100400000
[OK] 6.220.GDB136_chr6H.fa.98550001..99050000
[OK] 6.246.GDB136_chr6H.fa.110250001..110750000
[OK] 6.189.GDB136_chr6H.fa.84600001..85100000
[OK] 6.213.GDB136_chr6H.fa.95400001..95900000
[OK] 6.228.GDB136_chr6H.fa.102150001..102650000
[OK] 6.209.GDB136_chr6H.fa.93600001..94100000
[OK] 6.157.GDB136_chr6H.fa.70200001..70700000
[OK] 6.242.GDB136_chr6H.fa.108450001..108950000
[OK] 6.207.GDB136_chr6H.fa.92700001..93200000
[OK] 6.199.GDB136_chr6H.fa.89100001..89600000
[OK] 6.212.GDB136_chr6H.fa.94950001..95450000
[OK] 6.230.GDB136_chr6H.fa.103050001..103550000
[OK] 6.257.GDB136_chr6H.fa.115200001..115700000
[OK] 6.179.GDB136_chr6H.fa.80100001..80600000
[OK] 6.211.GDB136_chr6H.fa.94500001..95000000
[OK] 6.232.GDB136_chr6H.fa.103950001..104450000
[OK] 6.261.GDB136_chr6H.fa.117000001..117500000
[OK] 6.214.GDB136_chr6H.fa.95850001..96350000
[OK] 6.247.GDB136_chr6H.fa.110700001..111200000
[OK] 6.258.GDB136_chr6H.fa.115650001..116150000
[OK] 6.180.GDB136_chr6H.fa.80550001..81050000
[OK] 6.225.GDB136_chr6H.fa.100800001..101300000
[OK] 6.240.GDB136_chr6H.fa.107550001..108050000
[OK] 6.229.GDB136_chr6H.fa.102600001..103100000
[OK] 6.266.GDB136_chr6H.fa.119250001..119750000
[OK] 6.254.GDB136_chr6H.fa.113850001..114350000
[OK] 6.224.GDB136_chr6H.fa.100350001..100850000
[OK] 6.243.GDB136_chr6H.fa.108900001..109400000
[OK] 6.237.GDB136_chr6H.fa.106200001..106700000
[OK] 6.252.GDB136_chr6H.fa.112950001..113450000
[OK] 6.226.GDB136_chr6H.fa.101250001..101750000
[OK] 6.262.GDB136_chr6H.fa.117450001..117950000
[OK] 6.250.GDB136_chr6H.fa.112050001..112550000
[OK] 6.244.GDB136_chr6H.fa.109350001..109850000
[OK] 6.236.GDB136_chr6H.fa.105750001..106250000
[OK] 6.248.GDB136_chr6H.fa.111150001..111650000
[OK] 6.235.GDB136_chr6H.fa.105300001..105800000
[OK] 6.255.GDB136_chr6H.fa.114300001..114800000
[OK] 6.251.GDB136_chr6H.fa.112500001..113000000
[OK] 6.231.GDB136_chr6H.fa.103500001..104000000
[OK] 6.264.GDB136_chr6H.fa.118350001..118850000
[OK] 6.241.GDB136_chr6H.fa.108000001..108500000
[OK] 6.256.GDB136_chr6H.fa.114750001..115250000
[OK] 6.234.GDB136_chr6H.fa.104850001..105350000
[OK] 6.245.GDB136_chr6H.fa.109800001..110300000
[OK] 6.249.GDB136_chr6H.fa.111600001..112100000
[OK] 6.259.GDB136_chr6H.fa.116100001..116600000
[OK] 6.233.GDB136_chr6H.fa.104400001..104900000
[OK] 6.260.GDB136_chr6H.fa.116550001..117050000
[OK] 6.218.GDB136_chr6H.fa.97650001..98150000
[OK] 6.269.GDB136_chr6H.fa.120600001..121100000
[OK] 6.294.GDB136_chr6H.fa.131850001..132350000
[OK] 6.267.GDB136_chr6H.fa.119700001..120200000
[OK] 6.286.GDB136_chr6H.fa.128250001..128750000
[OK] 6.271.GDB136_chr6H.fa.121500001..122000000
[OK] 6.270.GDB136_chr6H.fa.121050001..121550000
[OK] 6.263.GDB136_chr6H.fa.117900001..118400000
[OK] 6.275.GDB136_chr6H.fa.123300001..123800000
[OK] 6.253.GDB136_chr6H.fa.113400001..113900000
[OK] 6.293.GDB136_chr6H.fa.131400001..131900000
[OK] 6.272.GDB136_chr6H.fa.121950001..122450000
[OK] 6.277.GDB136_chr6H.fa.124200001..124700000
[OK] 6.239.GDB136_chr6H.fa.107100001..107600000
[OK] 6.308.GDB136_chr6H.fa.138150001..138650000
[OK] 6.280.GDB136_chr6H.fa.125550001..126050000
[OK] 6.289.GDB136_chr6H.fa.129600001..130100000
[OK] 6.279.GDB136_chr6H.fa.125100001..125600000
[OK] 6.268.GDB136_chr6H.fa.120150001..120650000
[OK] 6.305.GDB136_chr6H.fa.136800001..137300000
[OK] 6.297.GDB136_chr6H.fa.133200001..133700000
[OK] 6.288.GDB136_chr6H.fa.129150001..129650000
[OK] 6.283.GDB136_chr6H.fa.126900001..127400000
[OK] 6.265.GDB136_chr6H.fa.118800001..119300000
[OK] 6.278.GDB136_chr6H.fa.124650001..125150000
[OK] 6.307.GDB136_chr6H.fa.137700001..138200000
[OK] 6.273.GDB136_chr6H.fa.122400001..122900000
[OK] 6.302.GDB136_chr6H.fa.135450001..135950000
[OK] 6.304.GDB136_chr6H.fa.136350001..136850000
[OK] 6.274.GDB136_chr6H.fa.122850001..123350000
[OK] 6.290.GDB136_chr6H.fa.130050001..130550000
[OK] 6.276.GDB136_chr6H.fa.123750001..124250000
[OK] 6.292.GDB136_chr6H.fa.130950001..131450000
[OK] 6.287.GDB136_chr6H.fa.128700001..129200000
[OK] 6.299.GDB136_chr6H.fa.134100001..134600000
[OK] 6.313.GDB136_chr6H.fa.140400001..140900000
[OK] 6.281.GDB136_chr6H.fa.126000001..126500000
[OK] 6.314.GDB136_chr6H.fa.140850001..141350000
[OK] 6.321.GDB136_chr6H.fa.144000001..144500000
[OK] 6.303.GDB136_chr6H.fa.135900001..136400000
[OK] 6.327.GDB136_chr6H.fa.146700001..147200000
[OK] 6.284.GDB136_chr6H.fa.127350001..127850000
[OK] 6.322.GDB136_chr6H.fa.144450001..144950000
[OK] 6.324.GDB136_chr6H.fa.145350001..145850000
[OK] 6.326.GDB136_chr6H.fa.146250001..146750000
[OK] 6.282.GDB136_chr6H.fa.126450001..126950000
[OK] 6.298.GDB136_chr6H.fa.133650001..134150000
[OK] 6.296.GDB136_chr6H.fa.132750001..133250000
[OK] 6.334.GDB136_chr6H.fa.149850001..150350000
[OK] 6.295.GDB136_chr6H.fa.132300001..132800000
[OK] 6.310.GDB136_chr6H.fa.139050001..139550000
[OK] 6.315.GDB136_chr6H.fa.141300001..141800000
[OK] 6.323.GDB136_chr6H.fa.144900001..145400000
[OK] 6.300.GDB136_chr6H.fa.134550001..135050000
[OK] 6.311.GDB136_chr6H.fa.139500001..140000000
[OK] 6.306.GDB136_chr6H.fa.137250001..137750000
[OK] 6.319.GDB136_chr6H.fa.143100001..143600000
[OK] 6.312.GDB136_chr6H.fa.139950001..140450000
[OK] 6.339.GDB136_chr6H.fa.152100001..152600000
[OK] 6.349.GDB136_chr6H.fa.156600001..157100000
[OK] 6.325.GDB136_chr6H.fa.145800001..146300000
[OK] 6.336.GDB136_chr6H.fa.150750001..151250000
[OK] 6.329.GDB136_chr6H.fa.147600001..148100000
[OK] 6.316.GDB136_chr6H.fa.141750001..142250000
[OK] 6.341.GDB136_chr6H.fa.153000001..153500000
[OK] 6.285.GDB136_chr6H.fa.127800001..128300000
[OK] 6.332.GDB136_chr6H.fa.148950001..149450000
[OK] 6.343.GDB136_chr6H.fa.153900001..154400000
[OK] 6.352.GDB136_chr6H.fa.157950001..158450000
[OK] 6.361.GDB136_chr6H.fa.162000001..162500000
[OK] 6.345.GDB136_chr6H.fa.154800001..155300000
[OK] 6.335.GDB136_chr6H.fa.150300001..150800000
[OK] 6.342.GDB136_chr6H.fa.153450001..153950000
[OK] 6.301.GDB136_chr6H.fa.135000001..135500000
[OK] 6.348.GDB136_chr6H.fa.156150001..156650000
[OK] 6.328.GDB136_chr6H.fa.147150001..147650000
[OK] 6.337.GDB136_chr6H.fa.151200001..151700000
[OK] 6.317.GDB136_chr6H.fa.142200001..142700000
[OK] 6.344.GDB136_chr6H.fa.154350001..154850000
[OK] 6.359.GDB136_chr6H.fa.161100001..161600000
[OK] 6.350.GDB136_chr6H.fa.157050001..157550000
[OK] 6.346.GDB136_chr6H.fa.155250001..155750000
[OK] 6.291.GDB136_chr6H.fa.130500001..131000000
[OK] 6.354.GDB136_chr6H.fa.158850001..159350000
[OK] 6.358.GDB136_chr6H.fa.160650001..161150000
[OK] 6.331.GDB136_chr6H.fa.148500001..149000000
[OK] 6.340.GDB136_chr6H.fa.152550001..153050000
[OK] 6.318.GDB136_chr6H.fa.142650001..143150000
[OK] 6.356.GDB136_chr6H.fa.159750001..160250000
[OK] 6.338.GDB136_chr6H.fa.151650001..152150000
[OK] 6.383.GDB136_chr6H.fa.171900001..172400000
[OK] 6.355.GDB136_chr6H.fa.159300001..159800000
[OK] 6.351.GDB136_chr6H.fa.157500001..158000000
[OK] 6.381.GDB136_chr6H.fa.171000001..171500000
[OK] 6.372.GDB136_chr6H.fa.166950001..167450000
[OK] 6.320.GDB136_chr6H.fa.143550001..144050000
[OK] 6.347.GDB136_chr6H.fa.155700001..156200000
[OK] 6.376.GDB136_chr6H.fa.168750001..169250000
[OK] 6.390.GDB136_chr6H.fa.175050001..175550000
[OK] 6.330.GDB136_chr6H.fa.148050001..148550000
[OK] 6.353.GDB136_chr6H.fa.158400001..158900000
[OK] 6.379.GDB136_chr6H.fa.170100001..170600000
[OK] 6.370.GDB136_chr6H.fa.166050001..166550000
[OK] 6.333.GDB136_chr6H.fa.149400001..149900000
[OK] 6.367.GDB136_chr6H.fa.164700001..165200000
[OK] 6.393.GDB136_chr6H.fa.176400001..176900000
[OK] 6.374.GDB136_chr6H.fa.167850001..168350000
[OK] 6.375.GDB136_chr6H.fa.168300001..168800000
[OK] 6.391.GDB136_chr6H.fa.175500001..176000000
[OK] 6.394.GDB136_chr6H.fa.176850001..177350000
[OK] 6.360.GDB136_chr6H.fa.161550001..162050000
[OK] 6.362.GDB136_chr6H.fa.162450001..162950000
[OK] 6.364.GDB136_chr6H.fa.163350001..163850000
[OK] 6.363.GDB136_chr6H.fa.162900001..163400000
[OK] 6.357.GDB136_chr6H.fa.160200001..160700000
[OK] 6.368.GDB136_chr6H.fa.165150001..165650000
[OK] 6.395.GDB136_chr6H.fa.177300001..177800000
[OK] 6.378.GDB136_chr6H.fa.169650001..170150000
[OK] 6.377.GDB136_chr6H.fa.169200001..169700000
[OK] 6.380.GDB136_chr6H.fa.170550001..171050000
[OK] 6.309.GDB136_chr6H.fa.138600001..139100000
[OK] 6.402.GDB136_chr6H.fa.180450001..180950000
[OK] 6.382.GDB136_chr6H.fa.171450001..171950000
[OK] 6.409.GDB136_chr6H.fa.183600001..184100000
[OK] 6.397.GDB136_chr6H.fa.178200001..178700000
[OK] 6.386.GDB136_chr6H.fa.173250001..173750000
[OK] 6.392.GDB136_chr6H.fa.175950001..176450000
[OK] 6.369.GDB136_chr6H.fa.165600001..166100000
[OK] 6.366.GDB136_chr6H.fa.164250001..164750000
[OK] 6.371.GDB136_chr6H.fa.166500001..167000000
[OK] 6.365.GDB136_chr6H.fa.163800001..164300000
[OK] 6.422.GDB136_chr6H.fa.189450001..189950000
[OK] 6.385.GDB136_chr6H.fa.172800001..173300000
[OK] 6.403.GDB136_chr6H.fa.180900001..181400000
[OK] 6.399.GDB136_chr6H.fa.179100001..179600000
[OK] 6.396.GDB136_chr6H.fa.177750001..178250000
[OK] 6.412.GDB136_chr6H.fa.184950001..185450000
[OK] 6.418.GDB136_chr6H.fa.187650001..188150000
[OK] 6.405.GDB136_chr6H.fa.181800001..182300000
[OK] 6.431.GDB136_chr6H.fa.193500001..194000000
[OK] 6.388.GDB136_chr6H.fa.174150001..174650000
[OK] 6.436.GDB136_chr6H.fa.195750001..196250000
[OK] 6.387.GDB136_chr6H.fa.173700001..174200000
[OK] 6.373.GDB136_chr6H.fa.167400001..167900000
[OK] 6.389.GDB136_chr6H.fa.174600001..175100000
[OK] 6.423.GDB136_chr6H.fa.189900001..190400000
[OK] 6.410.GDB136_chr6H.fa.184050001..184550000
[OK] 6.426.GDB136_chr6H.fa.191250001..191750000
[OK] 6.400.GDB136_chr6H.fa.179550001..180050000
[OK] 6.384.GDB136_chr6H.fa.172350001..172850000
[OK] 6.414.GDB136_chr6H.fa.185850001..186350000
[OK] 6.433.GDB136_chr6H.fa.194400001..194900000
[OK] 6.401.GDB136_chr6H.fa.180000001..180500000
[OK] 6.435.GDB136_chr6H.fa.195300001..195800000
[OK] 6.407.GDB136_chr6H.fa.182700001..183200000
[OK] 6.429.GDB136_chr6H.fa.192600001..193100000
[OK] 6.427.GDB136_chr6H.fa.191700001..192200000
[OK] 6.416.GDB136_chr6H.fa.186750001..187250000
[OK] 6.415.GDB136_chr6H.fa.186300001..186800000
[OK] 6.420.GDB136_chr6H.fa.188550001..189050000
[OK] 6.437.GDB136_chr6H.fa.196200001..196700000
[OK] 6.398.GDB136_chr6H.fa.178650001..179150000
[OK] 6.419.GDB136_chr6H.fa.188100001..188600000
[OK] 6.406.GDB136_chr6H.fa.182250001..182750000
[OK] 6.417.GDB136_chr6H.fa.187200001..187700000
[OK] 6.438.GDB136_chr6H.fa.196650001..197150000
[OK] 6.424.GDB136_chr6H.fa.190350001..190850000
[OK] 6.404.GDB136_chr6H.fa.181350001..181850000
[OK] 6.421.GDB136_chr6H.fa.189000001..189500000
[OK] 6.425.GDB136_chr6H.fa.190800001..191300000
[OK] 6.408.GDB136_chr6H.fa.183150001..183650000
[OK] 6.434.GDB136_chr6H.fa.194850001..195350000
[OK] 6.413.GDB136_chr6H.fa.185400001..185900000
[OK] 6.411.GDB136_chr6H.fa.184500001..185000000
[OK] 6.432.GDB136_chr6H.fa.193950001..194450000
[OK] 6.442.GDB136_chr6H.fa.198450001..198950000
[OK] 6.450.GDB136_chr6H.fa.202050001..202550000
[OK] 6.443.GDB136_chr6H.fa.198900001..199400000
[OK] 6.447.GDB136_chr6H.fa.200700001..201200000
[OK] 6.430.GDB136_chr6H.fa.193050001..193550000
[OK] 6.470.GDB136_chr6H.fa.211050001..211550000
[OK] 6.439.GDB136_chr6H.fa.197100001..197600000
[OK] 6.428.GDB136_chr6H.fa.192150001..192650000
[OK] 6.454.GDB136_chr6H.fa.203850001..204350000
[OK] 6.445.GDB136_chr6H.fa.199800001..200300000
[OK] 6.456.GDB136_chr6H.fa.204750001..205250000
[OK] 6.477.GDB136_chr6H.fa.214200001..214700000
[OK] 6.458.GDB136_chr6H.fa.205650001..206150000
[OK] 6.441.GDB136_chr6H.fa.198000001..198500000
[OK] 6.440.GDB136_chr6H.fa.197550001..198050000
[OK] 6.444.GDB136_chr6H.fa.199350001..199850000
[OK] 6.449.GDB136_chr6H.fa.201600001..202100000
[OK] 6.462.GDB136_chr6H.fa.207450001..207950000
[OK] 6.459.GDB136_chr6H.fa.206100001..206600000
[OK] 6.452.GDB136_chr6H.fa.202950001..203450000
[OK] 6.465.GDB136_chr6H.fa.208800001..209300000
[OK] 6.460.GDB136_chr6H.fa.206550001..207050000
[OK] 6.466.GDB136_chr6H.fa.209250001..209750000
[OK] 6.463.GDB136_chr6H.fa.207900001..208400000
[OK] 6.446.GDB136_chr6H.fa.200250001..200750000
[OK] 6.474.GDB136_chr6H.fa.212850001..213350000
[OK] 6.468.GDB136_chr6H.fa.210150001..210650000
[OK] 6.476.GDB136_chr6H.fa.213750001..214250000
[OK] 6.471.GDB136_chr6H.fa.211500001..212000000
[OK] 6.464.GDB136_chr6H.fa.208350001..208850000
[OK] 6.481.GDB136_chr6H.fa.216000001..216500000
[OK] 6.484.GDB136_chr6H.fa.217350001..217850000
[OK] 6.467.GDB136_chr6H.fa.209700001..210200000
[OK] 6.482.GDB136_chr6H.fa.216450001..216950000
[OK] 6.475.GDB136_chr6H.fa.213300001..213800000
[OK] 6.457.GDB136_chr6H.fa.205200001..205700000
[OK] 6.497.GDB136_chr6H.fa.223200001..223700000
[OK] 6.486.GDB136_chr6H.fa.218250001..218750000
[OK] 6.472.GDB136_chr6H.fa.211950001..212450000
[OK] 6.492.GDB136_chr6H.fa.220950001..221450000
[OK] 6.461.GDB136_chr6H.fa.207000001..207500000
[OK] 6.448.GDB136_chr6H.fa.201150001..201650000
[OK] 6.455.GDB136_chr6H.fa.204300001..204800000
[OK] 6.490.GDB136_chr6H.fa.220050001..220550000
[OK] 6.501.GDB136_chr6H.fa.225000001..225500000
[OK] 6.480.GDB136_chr6H.fa.215550001..216050000
[OK] 6.453.GDB136_chr6H.fa.203400001..203900000
[OK] 6.493.GDB136_chr6H.fa.221400001..221900000
[OK] 6.495.GDB136_chr6H.fa.222300001..222800000
[OK] 6.479.GDB136_chr6H.fa.215100001..215600000
[OK] 6.469.GDB136_chr6H.fa.210600001..211100000
[OK] 6.489.GDB136_chr6H.fa.219600001..220100000
[OK] 6.505.GDB136_chr6H.fa.226800001..227300000
[OK] 6.507.GDB136_chr6H.fa.227700001..228200000
[OK] 6.498.GDB136_chr6H.fa.223650001..224150000
[OK] 6.478.GDB136_chr6H.fa.214650001..215150000
[OK] 6.508.GDB136_chr6H.fa.228150001..228650000
[OK] 6.491.GDB136_chr6H.fa.220500001..221000000
[OK] 6.506.GDB136_chr6H.fa.227250001..227750000
[OK] 6.515.GDB136_chr6H.fa.231300001..231800000
[OK] 6.499.GDB136_chr6H.fa.224100001..224600000
[OK] 6.518.GDB136_chr6H.fa.232650001..233150000
[OK] 6.521.GDB136_chr6H.fa.234000001..234500000
[OK] 6.488.GDB136_chr6H.fa.219150001..219650000
[OK] 6.494.GDB136_chr6H.fa.221850001..222350000
[OK] 6.483.GDB136_chr6H.fa.216900001..217400000
[OK] 6.503.GDB136_chr6H.fa.225900001..226400000
[OK] 6.504.GDB136_chr6H.fa.226350001..226850000
[OK] 6.514.GDB136_chr6H.fa.230850001..231350000
[OK] 6.516.GDB136_chr6H.fa.231750001..232250000
[OK] 6.510.GDB136_chr6H.fa.229050001..229550000
[OK] 6.526.GDB136_chr6H.fa.236250001..236750000
[OK] 6.520.GDB136_chr6H.fa.233550001..234050000
[OK] 6.502.GDB136_chr6H.fa.225450001..225950000
[OK] 6.529.GDB136_chr6H.fa.237600001..238100000
[OK] 6.517.GDB136_chr6H.fa.232200001..232700000
[OK] 6.500.GDB136_chr6H.fa.224550001..225050000
[OK] 6.532.GDB136_chr6H.fa.238950001..239450000
[OK] 6.451.GDB136_chr6H.fa.202500001..203000000
[OK] 6.539.GDB136_chr6H.fa.242100001..242600000
[OK] 6.530.GDB136_chr6H.fa.238050001..238550000
[OK] 6.548.GDB136_chr6H.fa.246150001..246650000
[OK] 6.513.GDB136_chr6H.fa.230400001..230900000
[OK] 6.541.GDB136_chr6H.fa.243000001..243500000
[OK] 6.553.GDB136_chr6H.fa.248400001..248900000
[OK] 6.496.GDB136_chr6H.fa.222750001..223250000
[OK] 6.554.GDB136_chr6H.fa.248850001..249350000
[OK] 6.511.GDB136_chr6H.fa.229500001..230000000
[OK] 6.528.GDB136_chr6H.fa.237150001..237650000
[OK] 6.527.GDB136_chr6H.fa.236700001..237200000
[OK] 6.550.GDB136_chr6H.fa.247050001..247550000
[OK] 6.534.GDB136_chr6H.fa.239850001..240350000
[OK] 6.549.GDB136_chr6H.fa.246600001..247100000
[OK] 6.537.GDB136_chr6H.fa.241200001..241700000
[OK] 6.547.GDB136_chr6H.fa.245700001..246200000
[OK] 6.558.GDB136_chr6H.fa.250650001..251150000
[OK] 6.557.GDB136_chr6H.fa.250200001..250700000
[OK] 6.546.GDB136_chr6H.fa.245250001..245750000
[OK] 6.531.GDB136_chr6H.fa.238500001..239000000
[OK] 6.485.GDB136_chr6H.fa.217800001..218300000
[OK] 6.487.GDB136_chr6H.fa.218700001..219200000
[OK] 6.542.GDB136_chr6H.fa.243450001..243950000
[OK] 6.552.GDB136_chr6H.fa.247950001..248450000
[OK] 6.561.GDB136_chr6H.fa.252000001..252500000
[OK] 6.525.GDB136_chr6H.fa.235800001..236300000
[OK] 6.544.GDB136_chr6H.fa.244350001..244850000
[OK] 6.523.GDB136_chr6H.fa.234900001..235400000
[OK] 6.543.GDB136_chr6H.fa.243900001..244400000
[OK] 6.524.GDB136_chr6H.fa.235350001..235850000
[OK] 6.560.GDB136_chr6H.fa.251550001..252050000
[OK] 6.556.GDB136_chr6H.fa.249750001..250250000
[OK] 6.538.GDB136_chr6H.fa.241650001..242150000
[OK] 6.533.GDB136_chr6H.fa.239400001..239900000
[OK] 6.519.GDB136_chr6H.fa.233100001..233600000
[OK] 6.540.GDB136_chr6H.fa.242550001..243050000
[OK] 6.545.GDB136_chr6H.fa.244800001..245300000
[OK] 6.522.GDB136_chr6H.fa.234450001..234950000
[OK] 6.566.GDB136_chr6H.fa.254250001..254750000
[OK] 6.555.GDB136_chr6H.fa.249300001..249800000
[OK] 6.559.GDB136_chr6H.fa.251100001..251600000
[OK] 6.535.GDB136_chr6H.fa.240300001..240800000
[OK] 6.574.GDB136_chr6H.fa.257850001..258350000
[OK] 6.575.GDB136_chr6H.fa.258300001..258800000
[OK] 6.562.GDB136_chr6H.fa.252450001..252950000
[OK] 6.564.GDB136_chr6H.fa.253350001..253850000
[OK] 6.582.GDB136_chr6H.fa.261450001..261950000
[OK] 6.563.GDB136_chr6H.fa.252900001..253400000
[OK] 6.572.GDB136_chr6H.fa.256950001..257450000
[OK] 6.581.GDB136_chr6H.fa.261000001..261500000
[OK] 6.573.GDB136_chr6H.fa.257400001..257900000
[OK] 6.570.GDB136_chr6H.fa.256050001..256550000
[OK] 6.571.GDB136_chr6H.fa.256500001..257000000
[OK] 6.473.GDB136_chr6H.fa.212400001..212900000
[OK] 6.587.GDB136_chr6H.fa.263700001..264200000
[OK] 6.578.GDB136_chr6H.fa.259650001..260150000
[OK] 6.512.GDB136_chr6H.fa.229950001..230450000
[OK] 6.579.GDB136_chr6H.fa.260100001..260600000
[OK] 6.551.GDB136_chr6H.fa.247500001..248000000
[OK] 6.576.GDB136_chr6H.fa.258750001..259250000
[OK] 6.509.GDB136_chr6H.fa.228600001..229100000
[OK] 6.590.GDB136_chr6H.fa.265050001..265550000
[OK] 6.593.GDB136_chr6H.fa.266400001..266900000
[OK] 6.589.GDB136_chr6H.fa.264600001..265100000
[OK] 6.580.GDB136_chr6H.fa.260550001..261050000
[OK] 6.536.GDB136_chr6H.fa.240750001..241250000
[OK] 6.599.GDB136_chr6H.fa.269100001..269600000
[OK] 6.586.GDB136_chr6H.fa.263250001..263750000
[OK] 6.567.GDB136_chr6H.fa.254700001..255200000
[OK] 6.577.GDB136_chr6H.fa.259200001..259700000
[OK] 6.584.GDB136_chr6H.fa.262350001..262850000
[OK] 6.565.GDB136_chr6H.fa.253800001..254300000
[OK] 6.601.GDB136_chr6H.fa.270000001..270500000
[OK] 6.616.GDB136_chr6H.fa.276750001..277250000
[OK] 6.613.GDB136_chr6H.fa.275400001..275900000
[OK] 6.598.GDB136_chr6H.fa.268650001..269150000
[OK] 6.568.GDB136_chr6H.fa.255150001..255650000
[OK] 6.597.GDB136_chr6H.fa.268200001..268700000
[OK] 6.591.GDB136_chr6H.fa.265500001..266000000
[OK] 6.611.GDB136_chr6H.fa.274500001..275000000
[OK] 6.600.GDB136_chr6H.fa.269550001..270050000
[OK] 6.596.GDB136_chr6H.fa.267750001..268250000
[OK] 6.569.GDB136_chr6H.fa.255600001..256100000
[OK] 6.624.GDB136_chr6H.fa.280350001..280850000
[OK] 6.602.GDB136_chr6H.fa.270450001..270950000
[OK] 6.592.GDB136_chr6H.fa.265950001..266450000
[OK] 6.609.GDB136_chr6H.fa.273600001..274100000
[OK] 6.594.GDB136_chr6H.fa.266850001..267350000
[OK] 6.637.GDB136_chr6H.fa.286200001..286700000
[OK] 6.588.GDB136_chr6H.fa.264150001..264650000
[OK] 6.595.GDB136_chr6H.fa.267300001..267800000
[OK] 6.630.GDB136_chr6H.fa.283050001..283550000
[OK] 6.607.GDB136_chr6H.fa.272700001..273200000
[OK] 6.606.GDB136_chr6H.fa.272250001..272750000
[OK] 6.612.GDB136_chr6H.fa.274950001..275450000
[OK] 6.619.GDB136_chr6H.fa.278100001..278600000
[OK] 6.617.GDB136_chr6H.fa.277200001..277700000
[OK] 6.631.GDB136_chr6H.fa.283500001..284000000
[OK] 6.604.GDB136_chr6H.fa.271350001..271850000
[OK] 6.641.GDB136_chr6H.fa.288000001..288500000
[OK] 6.647.GDB136_chr6H.fa.290700001..291200000
[OK] 6.585.GDB136_chr6H.fa.262800001..263300000
[OK] 6.626.GDB136_chr6H.fa.281250001..281750000
[OK] 6.603.GDB136_chr6H.fa.270900001..271400000
[OK] 6.627.GDB136_chr6H.fa.281700001..282200000
[OK] 6.625.GDB136_chr6H.fa.280800001..281300000
[OK] 6.583.GDB136_chr6H.fa.261900001..262400000
[OK] 6.640.GDB136_chr6H.fa.287550001..288050000
[OK] 6.618.GDB136_chr6H.fa.277650001..278150000
[OK] 6.610.GDB136_chr6H.fa.274050001..274550000
[OK] 6.645.GDB136_chr6H.fa.289800001..290300000
[OK] 6.605.GDB136_chr6H.fa.271800001..272300000
[OK] 6.628.GDB136_chr6H.fa.282150001..282650000
[OK] 6.632.GDB136_chr6H.fa.283950001..284450000
[OK] 6.634.GDB136_chr6H.fa.284850001..285350000
[OK] 6.633.GDB136_chr6H.fa.284400001..284900000
[OK] 6.620.GDB136_chr6H.fa.278550001..279050000
[OK] 6.622.GDB136_chr6H.fa.279450001..279950000
[OK] 6.621.GDB136_chr6H.fa.279000001..279500000
[OK] 6.650.GDB136_chr6H.fa.292050001..292550000
[OK] 6.652.GDB136_chr6H.fa.292950001..293450000
[OK] 6.651.GDB136_chr6H.fa.292500001..293000000
[OK] 6.642.GDB136_chr6H.fa.288450001..288950000
[OK] 6.649.GDB136_chr6H.fa.291600001..292100000
[OK] 6.644.GDB136_chr6H.fa.289350001..289850000
[OK] 6.638.GDB136_chr6H.fa.286650001..287150000
[OK] 6.623.GDB136_chr6H.fa.279900001..280400000
[OK] 6.639.GDB136_chr6H.fa.287100001..287600000
[OK] 6.662.GDB136_chr6H.fa.297450001..297950000
[OK] 6.646.GDB136_chr6H.fa.290250001..290750000
[OK] 6.669.GDB136_chr6H.fa.300600001..301100000
[OK] 6.614.GDB136_chr6H.fa.275850001..276350000
[OK] 6.655.GDB136_chr6H.fa.294300001..294800000
[OK] 6.648.GDB136_chr6H.fa.291150001..291650000
[OK] 6.643.GDB136_chr6H.fa.288900001..289400000
[OK] 6.636.GDB136_chr6H.fa.285750001..286250000
[OK] 6.653.GDB136_chr6H.fa.293400001..293900000
[OK] 6.654.GDB136_chr6H.fa.293850001..294350000
[OK] 6.666.GDB136_chr6H.fa.299250001..299750000
[OK] 6.657.GDB136_chr6H.fa.295200001..295700000
[OK] 6.659.GDB136_chr6H.fa.296100001..296600000
[OK] 6.658.GDB136_chr6H.fa.295650001..296150000
[OK] 6.667.GDB136_chr6H.fa.299700001..300200000
[OK] 6.629.GDB136_chr6H.fa.282600001..283100000
[OK] 6.656.GDB136_chr6H.fa.294750001..295250000
[OK] 6.668.GDB136_chr6H.fa.300150001..300650000
[OK] 6.664.GDB136_chr6H.fa.298350001..298850000
[OK] 6.676.GDB136_chr6H.fa.303750001..304250000
[OK] 6.678.GDB136_chr6H.fa.304650001..305150000
[OK] 6.681.GDB136_chr6H.fa.306000001..306500000
[OK] 6.660.GDB136_chr6H.fa.296550001..297050000
[OK] 6.665.GDB136_chr6H.fa.298800001..299300000
[OK] 6.689.GDB136_chr6H.fa.309600001..310100000
[OK] 6.680.GDB136_chr6H.fa.305550001..306050000
[OK] 6.675.GDB136_chr6H.fa.303300001..303800000
[OK] 6.661.GDB136_chr6H.fa.297000001..297500000
[OK] 6.672.GDB136_chr6H.fa.301950001..302450000
[OK] 6.615.GDB136_chr6H.fa.276300001..276800000
[OK] 6.673.GDB136_chr6H.fa.302400001..302900000
[OK] 6.687.GDB136_chr6H.fa.308700001..309200000
[OK] 6.696.GDB136_chr6H.fa.312750001..313250000
[OK] 6.682.GDB136_chr6H.fa.306450001..306950000
[OK] 6.693.GDB136_chr6H.fa.311400001..311900000
[OK] 6.663.GDB136_chr6H.fa.297900001..298400000
[OK] 6.690.GDB136_chr6H.fa.310050001..310550000
[OK] 6.703.GDB136_chr6H.fa.315900001..316400000
[OK] 6.671.GDB136_chr6H.fa.301500001..302000000
[OK] 6.712.GDB136_chr6H.fa.319950001..320450000
[OK] 6.720.GDB136_chr6H.fa.323550001..324050000
[OK] 6.684.GDB136_chr6H.fa.307350001..307850000
[OK] 6.713.GDB136_chr6H.fa.320400001..320900000
[OK] 6.694.GDB136_chr6H.fa.311850001..312350000
[OK] 6.679.GDB136_chr6H.fa.305100001..305600000
[OK] 6.635.GDB136_chr6H.fa.285300001..285800000
[OK] 6.688.GDB136_chr6H.fa.309150001..309650000
[OK] 6.707.GDB136_chr6H.fa.317700001..318200000
[OK] 6.674.GDB136_chr6H.fa.302850001..303350000
[OK] 6.677.GDB136_chr6H.fa.304200001..304700000
[OK] 6.708.GDB136_chr6H.fa.318150001..318650000
[OK] 6.685.GDB136_chr6H.fa.307800001..308300000
[OK] 6.704.GDB136_chr6H.fa.316350001..316850000
[OK] 6.706.GDB136_chr6H.fa.317250001..317750000
[OK] 6.698.GDB136_chr6H.fa.313650001..314150000
[OK] 6.670.GDB136_chr6H.fa.301050001..301550000
[OK] 6.686.GDB136_chr6H.fa.308250001..308750000
[OK] 6.700.GDB136_chr6H.fa.314550001..315050000
[OK] 6.705.GDB136_chr6H.fa.316800001..317300000
[OK] 6.711.GDB136_chr6H.fa.319500001..320000000
[OK] 6.714.GDB136_chr6H.fa.320850001..321350000
[OK] 6.719.GDB136_chr6H.fa.323100001..323600000
[OK] 6.726.GDB136_chr6H.fa.326250001..326750000
[OK] 6.724.GDB136_chr6H.fa.325350001..325850000
[OK] 6.710.GDB136_chr6H.fa.319050001..319550000
[OK] 6.730.GDB136_chr6H.fa.328050001..328550000
[OK] 6.729.GDB136_chr6H.fa.327600001..328100000
[OK] 6.744.GDB136_chr6H.fa.334350001..334850000
[OK] 6.723.GDB136_chr6H.fa.324900001..325400000
[OK] 6.718.GDB136_chr6H.fa.322650001..323150000
[OK] 6.699.GDB136_chr6H.fa.314100001..314600000
[OK] 6.717.GDB136_chr6H.fa.322200001..322700000
[OK] 6.701.GDB136_chr6H.fa.315000001..315500000
[OK] 6.691.GDB136_chr6H.fa.310500001..311000000
[OK] 6.735.GDB136_chr6H.fa.330300001..330800000
[OK] 6.702.GDB136_chr6H.fa.315450001..315950000
[OK] 6.727.GDB136_chr6H.fa.326700001..327200000
[OK] 6.725.GDB136_chr6H.fa.325800001..326300000
[OK] 6.745.GDB136_chr6H.fa.334800001..335300000
[OK] 6.709.GDB136_chr6H.fa.318600001..319100000
[OK] 6.721.GDB136_chr6H.fa.324000001..324500000
[OK] 6.608.GDB136_chr6H.fa.273150001..273650000
[OK] 6.722.GDB136_chr6H.fa.324450001..324950000
[OK] 6.692.GDB136_chr6H.fa.310950001..311450000
[OK] 6.736.GDB136_chr6H.fa.330750001..331250000
[OK] 6.697.GDB136_chr6H.fa.313200001..313700000
[OK] 6.741.GDB136_chr6H.fa.333000001..333500000
[OK] 6.742.GDB136_chr6H.fa.333450001..333950000
[OK] 6.752.GDB136_chr6H.fa.337950001..338450000
[OK] 6.731.GDB136_chr6H.fa.328500001..329000000
[OK] 6.733.GDB136_chr6H.fa.329400001..329900000
[OK] 6.743.GDB136_chr6H.fa.333900001..334400000
[OK] 6.715.GDB136_chr6H.fa.321300001..321800000
[OK] 6.716.GDB136_chr6H.fa.321750001..322250000
[OK] 6.738.GDB136_chr6H.fa.331650001..332150000
[OK] 6.695.GDB136_chr6H.fa.312300001..312800000
[OK] 6.757.GDB136_chr6H.fa.340200001..340700000
[OK] 6.746.GDB136_chr6H.fa.335250001..335750000
[OK] 6.740.GDB136_chr6H.fa.332550001..333050000
[OK] 6.751.GDB136_chr6H.fa.337500001..338000000
[OK] 6.728.GDB136_chr6H.fa.327150001..327650000
[OK] 6.683.GDB136_chr6H.fa.306900001..307400000
[OK] 6.732.GDB136_chr6H.fa.328950001..329450000
[OK] 6.750.GDB136_chr6H.fa.337050001..337550000
[OK] 6.749.GDB136_chr6H.fa.336600001..337100000
[OK] 6.763.GDB136_chr6H.fa.342900001..343400000
[OK] 6.747.GDB136_chr6H.fa.335700001..336200000
[OK] 6.769.GDB136_chr6H.fa.345600001..346100000
[OK] 6.756.GDB136_chr6H.fa.339750001..340250000
[OK] 6.734.GDB136_chr6H.fa.329850001..330350000
[OK] 6.758.GDB136_chr6H.fa.340650001..341150000
[OK] 6.754.GDB136_chr6H.fa.338850001..339350000
[OK] 6.761.GDB136_chr6H.fa.342000001..342500000
[OK] 6.775.GDB136_chr6H.fa.348300001..348800000
[OK] 6.765.GDB136_chr6H.fa.343800001..344300000
[OK] 6.755.GDB136_chr6H.fa.339300001..339800000
[OK] 6.774.GDB136_chr6H.fa.347850001..348350000
[OK] 6.737.GDB136_chr6H.fa.331200001..331700000
[OK] 6.767.GDB136_chr6H.fa.344700001..345200000
[OK] 6.753.GDB136_chr6H.fa.338400001..338900000
[OK] 6.783.GDB136_chr6H.fa.351900001..352400000
[OK] 6.764.GDB136_chr6H.fa.343350001..343850000
[OK] 6.768.GDB136_chr6H.fa.345150001..345650000
[OK] 6.748.GDB136_chr6H.fa.336150001..336650000
[OK] 6.760.GDB136_chr6H.fa.341550001..342050000
[OK] 6.781.GDB136_chr6H.fa.351000001..351500000
[OK] 6.770.GDB136_chr6H.fa.346050001..346550000
[OK] 6.777.GDB136_chr6H.fa.349200001..349700000
[OK] 6.739.GDB136_chr6H.fa.332100001..332600000
[OK] 6.779.GDB136_chr6H.fa.350100001..350600000
[OK] 6.792.GDB136_chr6H.fa.355950001..356450000
[OK] 6.759.GDB136_chr6H.fa.341100001..341600000
[OK] 6.771.GDB136_chr6H.fa.346500001..347000000
[OK] 6.780.GDB136_chr6H.fa.350550001..351050000
[OK] 6.785.GDB136_chr6H.fa.352800001..353300000
[OK] 6.762.GDB136_chr6H.fa.342450001..342950000
[OK] 6.784.GDB136_chr6H.fa.352350001..352850000
[OK] 6.766.GDB136_chr6H.fa.344250001..344750000
[OK] 6.803.GDB136_chr6H.fa.360900001..361400000
[OK] 6.772.GDB136_chr6H.fa.346950001..347450000
[OK] 6.786.GDB136_chr6H.fa.353250001..353750000
[OK] 6.812.GDB136_chr6H.fa.364950001..365450000
[OK] 6.801.GDB136_chr6H.fa.360000001..360500000
[OK] 6.776.GDB136_chr6H.fa.348750001..349250000
[OK] 6.791.GDB136_chr6H.fa.355500001..356000000
[OK] 6.778.GDB136_chr6H.fa.349650001..350150000
[OK] 6.799.GDB136_chr6H.fa.359100001..359600000
[OK] 6.773.GDB136_chr6H.fa.347400001..347900000
[OK] 6.787.GDB136_chr6H.fa.353700001..354200000
[OK] 6.798.GDB136_chr6H.fa.358650001..359150000
[OK] 6.807.GDB136_chr6H.fa.362700001..363200000
[OK] 6.782.GDB136_chr6H.fa.351450001..351950000
[OK] 6.796.GDB136_chr6H.fa.357750001..358250000
[OK] 6.790.GDB136_chr6H.fa.355050001..355550000
[OK] 6.794.GDB136_chr6H.fa.356850001..357350000
[OK] 6.816.GDB136_chr6H.fa.366750001..367250000
[OK] 6.804.GDB136_chr6H.fa.361350001..361850000
[OK] 6.809.GDB136_chr6H.fa.363600001..364100000
[OK] 6.820.GDB136_chr6H.fa.368550001..369050000
[OK] 6.815.GDB136_chr6H.fa.366300001..366800000
[OK] 6.806.GDB136_chr6H.fa.362250001..362750000
[OK] 6.793.GDB136_chr6H.fa.356400001..356900000
[OK] 6.808.GDB136_chr6H.fa.363150001..363650000
[OK] 6.811.GDB136_chr6H.fa.364500001..365000000
[OK] 6.800.GDB136_chr6H.fa.359550001..360050000
[OK] 6.818.GDB136_chr6H.fa.367650001..368150000
[OK] 6.819.GDB136_chr6H.fa.368100001..368600000
[OK] 6.805.GDB136_chr6H.fa.361800001..362300000
[OK] 6.788.GDB136_chr6H.fa.354150001..354650000
[OK] 6.797.GDB136_chr6H.fa.358200001..358700000
[OK] 6.814.GDB136_chr6H.fa.365850001..366350000
[OK] 6.822.GDB136_chr6H.fa.369450001..369950000
[OK] 6.828.GDB136_chr6H.fa.372150001..372650000
[OK] 6.821.GDB136_chr6H.fa.369000001..369500000
[OK] 6.817.GDB136_chr6H.fa.367200001..367700000
[OK] 6.823.GDB136_chr6H.fa.369900001..370400000
[OK] 6.795.GDB136_chr6H.fa.357300001..357800000
[OK] 6.835.GDB136_chr6H.fa.375300001..375800000
[OK] 6.827.GDB136_chr6H.fa.371700001..372200000
[OK] 6.843.GDB136_chr6H.fa.378900001..379400000
[OK] 6.813.GDB136_chr6H.fa.365400001..365900000
[OK] 6.802.GDB136_chr6H.fa.360450001..360950000
[OK] 6.830.GDB136_chr6H.fa.373050001..373550000
[OK] 6.855.GDB136_chr6H.fa.384300001..384800000
[OK] 6.832.GDB136_chr6H.fa.373950001..374450000
[OK] 6.829.GDB136_chr6H.fa.372600001..373100000
[OK] 6.810.GDB136_chr6H.fa.364050001..364550000
[OK] 6.824.GDB136_chr6H.fa.370350001..370850000
[OK] 6.845.GDB136_chr6H.fa.379800001..380300000
[OK] 6.861.GDB136_chr6H.fa.387000001..387500000
[OK] 6.857.GDB136_chr6H.fa.385200001..385700000
[OK] 6.854.GDB136_chr6H.fa.383850001..384350000
[OK] 6.837.GDB136_chr6H.fa.376200001..376700000
[OK] 6.853.GDB136_chr6H.fa.383400001..383900000
[OK] 6.844.GDB136_chr6H.fa.379350001..379850000
[OK] 6.789.GDB136_chr6H.fa.354600001..355100000
[OK] 6.831.GDB136_chr6H.fa.373500001..374000000
[OK] 6.858.GDB136_chr6H.fa.385650001..386150000
[OK] 6.825.GDB136_chr6H.fa.370800001..371300000
[OK] 6.877.GDB136_chr6H.fa.394200001..394700000
[OK] 6.826.GDB136_chr6H.fa.371250001..371750000
[OK] 6.838.GDB136_chr6H.fa.376650001..377150000
[OK] 6.834.GDB136_chr6H.fa.374850001..375350000
[OK] 6.839.GDB136_chr6H.fa.377100001..377600000
[OK] 6.840.GDB136_chr6H.fa.377550001..378050000
[OK] 6.851.GDB136_chr6H.fa.382500001..383000000
[OK] 6.872.GDB136_chr6H.fa.391950001..392450000
[OK] 6.847.GDB136_chr6H.fa.380700001..381200000
[OK] 6.848.GDB136_chr6H.fa.381150001..381650000
[OK] 6.833.GDB136_chr6H.fa.374400001..374900000
[OK] 6.856.GDB136_chr6H.fa.384750001..385250000
[OK] 6.860.GDB136_chr6H.fa.386550001..387050000
[OK] 6.846.GDB136_chr6H.fa.380250001..380750000
[OK] 6.863.GDB136_chr6H.fa.387900001..388400000
[OK] 6.874.GDB136_chr6H.fa.392850001..393350000
[OK] 6.866.GDB136_chr6H.fa.389250001..389750000
[OK] 6.850.GDB136_chr6H.fa.382050001..382550000
[OK] 6.852.GDB136_chr6H.fa.382950001..383450000
[OK] 6.862.GDB136_chr6H.fa.387450001..387950000
[OK] 6.842.GDB136_chr6H.fa.378450001..378950000
[OK] 6.865.GDB136_chr6H.fa.388800001..389300000
[OK] 6.871.GDB136_chr6H.fa.391500001..392000000
[OK] 6.836.GDB136_chr6H.fa.375750001..376250000
[OK] 6.875.GDB136_chr6H.fa.393300001..393800000
[OK] 6.849.GDB136_chr6H.fa.381600001..382100000
[OK] 6.841.GDB136_chr6H.fa.378000001..378500000
[OK] 6.876.GDB136_chr6H.fa.393750001..394250000
[OK] 6.868.GDB136_chr6H.fa.390150001..390650000
[OK] 6.887.GDB136_chr6H.fa.398700001..399200000
[OK] 6.882.GDB136_chr6H.fa.396450001..396950000
[OK] 6.892.GDB136_chr6H.fa.400950001..401450000
[OK] 6.880.GDB136_chr6H.fa.395550001..396050000
[OK] 6.873.GDB136_chr6H.fa.392400001..392900000
[OK] 6.879.GDB136_chr6H.fa.395100001..395600000
[OK] 6.896.GDB136_chr6H.fa.402750001..403250000
[OK] 6.878.GDB136_chr6H.fa.394650001..395150000
[OK] 6.902.GDB136_chr6H.fa.405450001..405950000
[OK] 6.891.GDB136_chr6H.fa.400500001..401000000
[OK] 6.884.GDB136_chr6H.fa.397350001..397850000
[OK] 6.869.GDB136_chr6H.fa.390600001..391100000
[OK] 6.883.GDB136_chr6H.fa.396900001..397400000
[OK] 6.893.GDB136_chr6H.fa.401400001..401900000
[OK] 6.859.GDB136_chr6H.fa.386100001..386600000
[OK] 6.889.GDB136_chr6H.fa.399600001..400100000
[OK] 6.899.GDB136_chr6H.fa.404100001..404600000
[OK] 6.912.GDB136_chr6H.fa.409950001..410450000
[OK] 6.904.GDB136_chr6H.fa.406350001..406850000
[OK] 6.864.GDB136_chr6H.fa.388350001..388850000
[OK] 6.886.GDB136_chr6H.fa.398250001..398750000
[OK] 6.919.GDB136_chr6H.fa.413100001..413600000
[OK] 6.890.GDB136_chr6H.fa.400050001..400550000
[OK] 6.903.GDB136_chr6H.fa.405900001..406400000
[OK] 6.888.GDB136_chr6H.fa.399150001..399650000
[OK] 6.894.GDB136_chr6H.fa.401850001..402350000
[OK] 6.898.GDB136_chr6H.fa.403650001..404150000
[OK] 6.907.GDB136_chr6H.fa.407700001..408200000
[OK] 6.910.GDB136_chr6H.fa.409050001..409550000
[OK] 6.922.GDB136_chr6H.fa.414450001..414950000
[OK] 6.918.GDB136_chr6H.fa.412650001..413150000
[OK] 6.908.GDB136_chr6H.fa.408150001..408650000
[OK] 6.913.GDB136_chr6H.fa.410400001..410900000
[OK] 6.917.GDB136_chr6H.fa.412200001..412700000
[OK] 6.867.GDB136_chr6H.fa.389700001..390200000
[OK] 6.920.GDB136_chr6H.fa.413550001..414050000
[OK] 6.915.GDB136_chr6H.fa.411300001..411800000
[OK] 6.926.GDB136_chr6H.fa.416250001..416750000
[OK] 6.914.GDB136_chr6H.fa.410850001..411350000
[OK] 6.897.GDB136_chr6H.fa.403200001..403700000
[OK] 6.930.GDB136_chr6H.fa.418050001..418550000
[OK] 6.938.GDB136_chr6H.fa.421650001..422150000
[OK] 6.870.GDB136_chr6H.fa.391050001..391550000
[OK] 6.936.GDB136_chr6H.fa.420750001..421250000
[OK] 6.909.GDB136_chr6H.fa.408600001..409100000
[OK] 6.905.GDB136_chr6H.fa.406800001..407300000
[OK] 6.901.GDB136_chr6H.fa.405000001..405500000
[OK] 6.946.GDB136_chr6H.fa.425250001..425750000
[OK] 6.935.GDB136_chr6H.fa.420300001..420800000
[OK] 6.900.GDB136_chr6H.fa.404550001..405050000
[OK] 6.925.GDB136_chr6H.fa.415800001..416300000
[OK] 6.921.GDB136_chr6H.fa.414000001..414500000
[OK] 6.939.GDB136_chr6H.fa.422100001..422600000
[OK] 6.881.GDB136_chr6H.fa.396000001..396500000
[OK] 6.949.GDB136_chr6H.fa.426600001..427100000
[OK] 6.931.GDB136_chr6H.fa.418500001..419000000
[OK] 6.927.GDB136_chr6H.fa.416700001..417200000
[OK] 6.928.GDB136_chr6H.fa.417150001..417650000
[OK] 6.916.GDB136_chr6H.fa.411750001..412250000
[OK] 6.895.GDB136_chr6H.fa.402300001..402800000
[OK] 6.885.GDB136_chr6H.fa.397800001..398300000
[OK] 6.950.GDB136_chr6H.fa.427050001..427550000
[OK] 6.947.GDB136_chr6H.fa.425700001..426200000
[OK] 6.924.GDB136_chr6H.fa.415350001..415850000
[OK] 6.942.GDB136_chr6H.fa.423450001..423950000
[OK] 6.929.GDB136_chr6H.fa.417600001..418100000
[OK] 6.963.GDB136_chr6H.fa.432900001..433400000
[OK] 6.958.GDB136_chr6H.fa.430650001..431150000
[OK] 6.932.GDB136_chr6H.fa.418950001..419450000
[OK] 6.911.GDB136_chr6H.fa.409500001..410000000
[OK] 6.934.GDB136_chr6H.fa.419850001..420350000
[OK] 6.923.GDB136_chr6H.fa.414900001..415400000
[OK] 6.945.GDB136_chr6H.fa.424800001..425300000
[OK] 6.943.GDB136_chr6H.fa.423900001..424400000
[OK] 6.954.GDB136_chr6H.fa.428850001..429350000
[OK] 6.937.GDB136_chr6H.fa.421200001..421700000
[OK] 6.940.GDB136_chr6H.fa.422550001..423050000
[OK] 6.962.GDB136_chr6H.fa.432450001..432950000
[OK] 6.941.GDB136_chr6H.fa.423000001..423500000
[OK] 6.968.GDB136_chr6H.fa.435150001..435650000
[OK] 6.955.GDB136_chr6H.fa.429300001..429800000
[OK] 6.952.GDB136_chr6H.fa.427950001..428450000
[OK] 6.964.GDB136_chr6H.fa.433350001..433850000
[OK] 6.944.GDB136_chr6H.fa.424350001..424850000
[OK] 6.953.GDB136_chr6H.fa.428400001..428900000
[OK] 6.951.GDB136_chr6H.fa.427500001..428000000
[OK] 6.960.GDB136_chr6H.fa.431550001..432050000
[OK] 6.906.GDB136_chr6H.fa.407250001..407750000
[OK] 6.956.GDB136_chr6H.fa.429750001..430250000
[OK] 6.957.GDB136_chr6H.fa.430200001..430700000
[OK] 6.971.GDB136_chr6H.fa.436500001..437000000
[OK] 6.981.GDB136_chr6H.fa.441000001..441500000
[OK] 6.970.GDB136_chr6H.fa.436050001..436550000
[OK] 6.973.GDB136_chr6H.fa.437400001..437900000
[OK] 6.959.GDB136_chr6H.fa.431100001..431600000
[OK] 6.982.GDB136_chr6H.fa.441450001..441950000
[OK] 6.961.GDB136_chr6H.fa.432000001..432500000
[OK] 6.933.GDB136_chr6H.fa.419400001..419900000
[OK] 6.965.GDB136_chr6H.fa.433800001..434300000
[OK] 6.985.GDB136_chr6H.fa.442800001..443300000
[OK] 6.975.GDB136_chr6H.fa.438300001..438800000
[OK] 6.948.GDB136_chr6H.fa.426150001..426650000
[OK] 6.969.GDB136_chr6H.fa.435600001..436100000
[OK] 6.972.GDB136_chr6H.fa.436950001..437450000
[OK] 6.988.GDB136_chr6H.fa.444150001..444650000
[OK] 6.967.GDB136_chr6H.fa.434700001..435200000
[OK] 6.995.GDB136_chr6H.fa.447300001..447800000
[OK] 6.974.GDB136_chr6H.fa.437850001..438350000
[OK] 6.1005.GDB136_chr6H.fa.451800001..452300000
[OK] 6.978.GDB136_chr6H.fa.439650001..440150000
[OK] 6.986.GDB136_chr6H.fa.443250001..443750000
[OK] 6.979.GDB136_chr6H.fa.440100001..440600000
[OK] 6.976.GDB136_chr6H.fa.438750001..439250000
[OK] 6.989.GDB136_chr6H.fa.444600001..445100000
[OK] 6.994.GDB136_chr6H.fa.446850001..447350000
[OK] 6.1003.GDB136_chr6H.fa.450900001..451400000
[OK] 6.977.GDB136_chr6H.fa.439200001..439700000
[OK] 6.1009.GDB136_chr6H.fa.453600001..454100000
[OK] 6.1014.GDB136_chr6H.fa.455850001..456350000
[OK] 6.980.GDB136_chr6H.fa.440550001..441050000
[OK] 6.1020.GDB136_chr6H.fa.458550001..459050000
[OK] 6.1004.GDB136_chr6H.fa.451350001..451850000
[OK] 6.996.GDB136_chr6H.fa.447750001..448250000
[OK] 6.991.GDB136_chr6H.fa.445500001..446000000
[OK] 6.1007.GDB136_chr6H.fa.452700001..453200000
[OK] 6.1013.GDB136_chr6H.fa.455400001..455900000
[OK] 6.966.GDB136_chr6H.fa.434250001..434750000
[OK] 6.983.GDB136_chr6H.fa.441900001..442400000
[OK] 6.987.GDB136_chr6H.fa.443700001..444200000
[OK] 6.990.GDB136_chr6H.fa.445050001..445550000
[OK] 6.1032.GDB136_chr6H.fa.463950001..464450000
[OK] 6.1010.GDB136_chr6H.fa.454050001..454550000
[OK] 6.1033.GDB136_chr6H.fa.464400001..464900000
[OK] 6.992.GDB136_chr6H.fa.445950001..446450000
[OK] 6.1035.GDB136_chr6H.fa.465300001..465800000
[OK] 6.1018.GDB136_chr6H.fa.457650001..458150000
[OK] 6.997.GDB136_chr6H.fa.448200001..448700000
[OK] 6.1042.GDB136_chr6H.fa.468450001..468950000
[OK] 6.1012.GDB136_chr6H.fa.454950001..455450000
[OK] 6.1024.GDB136_chr6H.fa.460350001..460850000
[OK] 6.1017.GDB136_chr6H.fa.457200001..457700000
[OK] 6.1030.GDB136_chr6H.fa.463050001..463550000
[OK] 6.1015.GDB136_chr6H.fa.456300001..456800000
[OK] 6.1028.GDB136_chr6H.fa.462150001..462650000
[OK] 6.1008.GDB136_chr6H.fa.453150001..453650000
[OK] 6.999.GDB136_chr6H.fa.449100001..449600000
[OK] 6.1019.GDB136_chr6H.fa.458100001..458600000
[OK] 6.1002.GDB136_chr6H.fa.450450001..450950000
[OK] 6.1025.GDB136_chr6H.fa.460800001..461300000
[OK] 6.1034.GDB136_chr6H.fa.464850001..465350000
[OK] 6.1057.GDB136_chr6H.fa.475200001..475700000
[OK] 6.1040.GDB136_chr6H.fa.467550001..468050000
[OK] 6.1022.GDB136_chr6H.fa.459450001..459950000
[OK] 6.998.GDB136_chr6H.fa.448650001..449150000
[OK] 6.1043.GDB136_chr6H.fa.468900001..469400000
[OK] 6.1050.GDB136_chr6H.fa.472050001..472550000
[OK] 6.1000.GDB136_chr6H.fa.449550001..450050000
[OK] 6.1053.GDB136_chr6H.fa.473400001..473900000
[OK] 6.1011.GDB136_chr6H.fa.454500001..455000000
[OK] 6.1041.GDB136_chr6H.fa.468000001..468500000
[OK] 6.1031.GDB136_chr6H.fa.463500001..464000000
[OK] 6.1021.GDB136_chr6H.fa.459000001..459500000
[OK] 6.1006.GDB136_chr6H.fa.452250001..452750000
[OK] 6.1046.GDB136_chr6H.fa.470250001..470750000
[OK] 6.1045.GDB136_chr6H.fa.469800001..470300000
[OK] 6.1052.GDB136_chr6H.fa.472950001..473450000
[OK] 6.1038.GDB136_chr6H.fa.466650001..467150000
[OK] 6.1023.GDB136_chr6H.fa.459900001..460400000
[OK] 6.1039.GDB136_chr6H.fa.467100001..467600000
[OK] 6.993.GDB136_chr6H.fa.446400001..446900000
[OK] 6.1058.GDB136_chr6H.fa.475650001..476150000
[OK] 6.1036.GDB136_chr6H.fa.465750001..466250000
[OK] 6.1016.GDB136_chr6H.fa.456750001..457250000
[OK] 6.1060.GDB136_chr6H.fa.476550001..477050000
[OK] 6.1054.GDB136_chr6H.fa.473850001..474350000
[OK] 6.1047.GDB136_chr6H.fa.470700001..471200000
[OK] 6.1048.GDB136_chr6H.fa.471150001..471650000
[OK] 6.984.GDB136_chr6H.fa.442350001..442850000
[OK] 6.1049.GDB136_chr6H.fa.471600001..472100000
[OK] 6.1068.GDB136_chr6H.fa.480150001..480650000
[OK] 6.1037.GDB136_chr6H.fa.466200001..466700000
[OK] 6.1062.GDB136_chr6H.fa.477450001..477950000
[OK] 6.1044.GDB136_chr6H.fa.469350001..469850000
[OK] 6.1026.GDB136_chr6H.fa.461250001..461750000
[OK] 6.1063.GDB136_chr6H.fa.477900001..478400000
[OK] 6.1066.GDB136_chr6H.fa.479250001..479750000
[OK] 6.1064.GDB136_chr6H.fa.478350001..478850000
[OK] 6.1059.GDB136_chr6H.fa.476100001..476600000
[OK] 6.1080.GDB136_chr6H.fa.485550001..486050000
[OK] 6.1055.GDB136_chr6H.fa.474300001..474800000
[OK] 6.1051.GDB136_chr6H.fa.472500001..473000000
[OK] 6.1001.GDB136_chr6H.fa.450000001..450500000
[OK] 6.1091.GDB136_chr6H.fa.490500001..491000000
[OK] 6.1074.GDB136_chr6H.fa.482850001..483350000
[OK] 6.1027.GDB136_chr6H.fa.461700001..462200000
[OK] 6.1075.GDB136_chr6H.fa.483300001..483800000
[OK] 6.1070.GDB136_chr6H.fa.481050001..481550000
[OK] 6.1029.GDB136_chr6H.fa.462600001..463100000
[OK] 6.1056.GDB136_chr6H.fa.474750001..475250000
[OK] 6.1065.GDB136_chr6H.fa.478800001..479300000
[OK] 6.1106.GDB136_chr6H.fa.497250001..497750000
[OK] 6.1092.GDB136_chr6H.fa.490950001..491450000
[OK] 6.1067.GDB136_chr6H.fa.479700001..480200000
[OK] 6.1078.GDB136_chr6H.fa.484650001..485150000
[OK] 6.1071.GDB136_chr6H.fa.481500001..482000000
[OK] 6.1069.GDB136_chr6H.fa.480600001..481100000
[OK] 6.1081.GDB136_chr6H.fa.486000001..486500000
[OK] 6.1085.GDB136_chr6H.fa.487800001..488300000
[OK] 6.1079.GDB136_chr6H.fa.485100001..485600000
[OK] 6.1096.GDB136_chr6H.fa.492750001..493250000
[OK] 6.1095.GDB136_chr6H.fa.492300001..492800000
[OK] 6.1086.GDB136_chr6H.fa.488250001..488750000
[OK] 6.1088.GDB136_chr6H.fa.489150001..489650000
[OK] 6.1077.GDB136_chr6H.fa.484200001..484700000
[OK] 6.1089.GDB136_chr6H.fa.489600001..490100000
[OK] 6.1073.GDB136_chr6H.fa.482400001..482900000
[OK] 6.1097.GDB136_chr6H.fa.493200001..493700000
[OK] 6.1109.GDB136_chr6H.fa.498600001..499100000
[OK] 6.1061.GDB136_chr6H.fa.477000001..477500000
[OK] 6.1083.GDB136_chr6H.fa.486900001..487400000
[OK] 6.1072.GDB136_chr6H.fa.481950001..482450000
[OK] 6.1087.GDB136_chr6H.fa.488700001..489200000
[OK] 6.1076.GDB136_chr6H.fa.483750001..484250000
[OK] 6.1117.GDB136_chr6H.fa.502200001..502700000
[OK] 6.1099.GDB136_chr6H.fa.494100001..494600000
[OK] 6.1104.GDB136_chr6H.fa.496350001..496850000
[OK] 6.1082.GDB136_chr6H.fa.486450001..486950000
[OK] 6.1100.GDB136_chr6H.fa.494550001..495050000
[OK] 6.1094.GDB136_chr6H.fa.491850001..492350000
[OK] 6.1090.GDB136_chr6H.fa.490050001..490550000
[OK] 6.1105.GDB136_chr6H.fa.496800001..497300000
[OK] 6.1111.GDB136_chr6H.fa.499500001..500000000
[OK] 6.1093.GDB136_chr6H.fa.491400001..491900000
[OK] 6.1112.GDB136_chr6H.fa.499950001..500450000
[OK] 6.1126.GDB136_chr6H.fa.506250001..506750000
[OK] 6.1084.GDB136_chr6H.fa.487350001..487850000
[OK] 6.1108.GDB136_chr6H.fa.498150001..498650000
[OK] 6.1114.GDB136_chr6H.fa.500850001..501350000
[OK] 6.1102.GDB136_chr6H.fa.495450001..495950000
[OK] 6.1120.GDB136_chr6H.fa.503550001..504050000
[OK] 6.1101.GDB136_chr6H.fa.495000001..495500000
[OK] 6.1113.GDB136_chr6H.fa.500400001..500900000
[OK] 6.1125.GDB136_chr6H.fa.505800001..506300000
[OK] 6.1110.GDB136_chr6H.fa.499050001..499550000
[OK] 6.1121.GDB136_chr6H.fa.504000001..504500000
[OK] 6.1146.GDB136_chr6H.fa.515250001..515750000
[OK] 6.1107.GDB136_chr6H.fa.497700001..498200000
[OK] 6.1151.GDB136_chr6H.fa.517500001..518000000
[OK] 6.1098.GDB136_chr6H.fa.493650001..494150000
[OK] 6.1127.GDB136_chr6H.fa.506700001..507200000
[OK] 6.1134.GDB136_chr6H.fa.509850001..510350000
[OK] 6.1116.GDB136_chr6H.fa.501750001..502250000
[OK] 6.1133.GDB136_chr6H.fa.509400001..509900000
[OK] 6.1147.GDB136_chr6H.fa.515700001..516200000
[OK] 6.1135.GDB136_chr6H.fa.510300001..510800000
[OK] 6.1119.GDB136_chr6H.fa.503100001..503600000
[OK] 6.1130.GDB136_chr6H.fa.508050001..508550000
[OK] 6.1140.GDB136_chr6H.fa.512550001..513050000
[OK] 6.1103.GDB136_chr6H.fa.495900001..496400000
[OK] 6.1143.GDB136_chr6H.fa.513900001..514400000
[OK] 6.1137.GDB136_chr6H.fa.511200001..511700000
[OK] 6.1123.GDB136_chr6H.fa.504900001..505400000
[OK] 6.1132.GDB136_chr6H.fa.508950001..509450000
[OK] 6.1128.GDB136_chr6H.fa.507150001..507650000
[OK] 6.1144.GDB136_chr6H.fa.514350001..514850000
[OK] 6.1166.GDB136_chr6H.fa.524250001..524750000
[OK] 6.1131.GDB136_chr6H.fa.508500001..509000000
[OK] 6.1150.GDB136_chr6H.fa.517050001..517550000
[OK] 6.1129.GDB136_chr6H.fa.507600001..508100000
[OK] 6.1163.GDB136_chr6H.fa.522900001..523400000
[OK] 6.1136.GDB136_chr6H.fa.510750001..511250000
[OK] 6.1153.GDB136_chr6H.fa.518400001..518900000
[OK] 6.1122.GDB136_chr6H.fa.504450001..504950000
[OK] 6.1124.GDB136_chr6H.fa.505350001..505850000
[OK] 6.1154.GDB136_chr6H.fa.518850001..519350000
[OK] 6.1162.GDB136_chr6H.fa.522450001..522950000
[OK] 6.1167.GDB136_chr6H.fa.524700001..525200000
[OK] 6.1118.GDB136_chr6H.fa.502650001..503150000
[OK] 6.1155.GDB136_chr6H.fa.519300001..519800000
[OK] 6.1115.GDB136_chr6H.fa.501300001..501800000
[OK] 6.1160.GDB136_chr6H.fa.521550001..522050000
[OK] 6.1141.GDB136_chr6H.fa.513000001..513500000
[OK] 6.1145.GDB136_chr6H.fa.514800001..515300000
[OK] 6.1161.GDB136_chr6H.fa.522000001..522500000
[OK] 6.1157.GDB136_chr6H.fa.520200001..520700000
[OK] 6.1188.GDB136_chr6H.fa.534150001..534650000
[OK] 6.1159.GDB136_chr6H.fa.521100001..521600000
[OK] 6.1156.GDB136_chr6H.fa.519750001..520250000
[OK] 6.1174.GDB136_chr6H.fa.527850001..528350000
[OK] 6.1169.GDB136_chr6H.fa.525600001..526100000
[OK] 6.1219.GDB136_chr6H.fa.548100001..548289566
[OK] 6.1171.GDB136_chr6H.fa.526500001..527000000
[OK] 6.1170.GDB136_chr6H.fa.526050001..526550000
[OK] 6.1182.GDB136_chr6H.fa.531450001..531950000
[OK] 6.1187.GDB136_chr6H.fa.533700001..534200000
[OK] 6.1173.GDB136_chr6H.fa.527400001..527900000
[OK] 6.1181.GDB136_chr6H.fa.531000001..531500000
[OK] 6.1168.GDB136_chr6H.fa.525150001..525650000
[OK] 6.1139.GDB136_chr6H.fa.512100001..512600000
[OK] 6.1186.GDB136_chr6H.fa.533250001..533750000
[OK] 6.1179.GDB136_chr6H.fa.530100001..530600000
[OK] 6.1138.GDB136_chr6H.fa.511650001..512150000
[OK] 6.1185.GDB136_chr6H.fa.532800001..533300000
[OK] 6.1152.GDB136_chr6H.fa.517950001..518450000
[OK] 6.1178.GDB136_chr6H.fa.529650001..530150000
[OK] 6.1158.GDB136_chr6H.fa.520650001..521150000
[OK] 6.1176.GDB136_chr6H.fa.528750001..529250000
[OK] 6.1177.GDB136_chr6H.fa.529200001..529700000
[OK] 6.1189.GDB136_chr6H.fa.534600001..535100000
[OK] 6.1193.GDB136_chr6H.fa.536400001..536900000
[OK] 6.1190.GDB136_chr6H.fa.535050001..535550000
[OK] 6.1191.GDB136_chr6H.fa.535500001..536000000
[OK] 6.1175.GDB136_chr6H.fa.528300001..528800000
[OK] 6.1183.GDB136_chr6H.fa.531900001..532400000
[OK] 6.1196.GDB136_chr6H.fa.537750001..538250000
[OK] 6.1142.GDB136_chr6H.fa.513450001..513950000
[OK] 6.1149.GDB136_chr6H.fa.516600001..517100000
[OK] 6.1165.GDB136_chr6H.fa.523800001..524300000
[OK] 6.1148.GDB136_chr6H.fa.516150001..516650000
[OK] 6.1218.GDB136_chr6H.fa.547650001..548150000
[OK] 7.001.GDB136_chr7H.fa.1..500000
[OK] 6.1164.GDB136_chr6H.fa.523350001..523850000
[OK] 6.1172.GDB136_chr6H.fa.526950001..527450000
[OK] 6.1197.GDB136_chr6H.fa.538200001..538700000
[OK] 6.1205.GDB136_chr6H.fa.541800001..542300000
[OK] 6.1184.GDB136_chr6H.fa.532350001..532850000
[OK] 6.1198.GDB136_chr6H.fa.538650001..539150000
[OK] 6.1180.GDB136_chr6H.fa.530550001..531050000
[OK] 6.1200.GDB136_chr6H.fa.539550001..540050000
[OK] 6.1214.GDB136_chr6H.fa.545850001..546350000
[OK] 7.010.GDB136_chr7H.fa.4050001..4550000
[OK] 6.1204.GDB136_chr6H.fa.541350001..541850000
[OK] 6.1203.GDB136_chr6H.fa.540900001..541400000
[OK] 6.1217.GDB136_chr6H.fa.547200001..547700000
[OK] 7.005.GDB136_chr7H.fa.1800001..2300000
[OK] 6.1192.GDB136_chr6H.fa.535950001..536450000
[OK] 7.004.GDB136_chr7H.fa.1350001..1850000
[OK] 6.1201.GDB136_chr6H.fa.540000001..540500000
[OK] 6.1209.GDB136_chr6H.fa.543600001..544100000
[OK] 6.1206.GDB136_chr6H.fa.542250001..542750000
[OK] 7.028.GDB136_chr7H.fa.12150001..12650000
[OK] 6.1199.GDB136_chr6H.fa.539100001..539600000
[OK] 7.022.GDB136_chr7H.fa.9450001..9950000
[OK] 7.007.GDB136_chr7H.fa.2700001..3200000
[OK] 7.008.GDB136_chr7H.fa.3150001..3650000
[OK] 6.1202.GDB136_chr6H.fa.540450001..540950000
[OK] 6.1211.GDB136_chr6H.fa.544500001..545000000
[OK] 7.003.GDB136_chr7H.fa.900001..1400000
[OK] 7.009.GDB136_chr7H.fa.3600001..4100000
[OK] 7.017.GDB136_chr7H.fa.7200001..7700000
[OK] 7.025.GDB136_chr7H.fa.10800001..11300000
[OK] 6.1195.GDB136_chr6H.fa.537300001..537800000
[OK] 7.019.GDB136_chr7H.fa.8100001..8600000
[OK] 6.1213.GDB136_chr6H.fa.545400001..545900000
[OK] 7.021.GDB136_chr7H.fa.9000001..9500000
[OK] 6.1194.GDB136_chr6H.fa.536850001..537350000
[OK] 7.035.GDB136_chr7H.fa.15300001..15800000
[OK] 7.030.GDB136_chr7H.fa.13050001..13550000
[OK] 7.024.GDB136_chr7H.fa.10350001..10850000
[OK] 7.039.GDB136_chr7H.fa.17100001..17600000
[OK] 6.1215.GDB136_chr6H.fa.546300001..546800000
[OK] 7.002.GDB136_chr7H.fa.450001..950000
[OK] 7.027.GDB136_chr7H.fa.11700001..12200000
[OK] 7.023.GDB136_chr7H.fa.9900001..10400000
[OK] 6.1212.GDB136_chr6H.fa.544950001..545450000
[OK] 7.014.GDB136_chr7H.fa.5850001..6350000
[OK] 7.034.GDB136_chr7H.fa.14850001..15350000
[OK] 7.059.GDB136_chr7H.fa.26100001..26600000
[OK] 7.047.GDB136_chr7H.fa.20700001..21200000
[OK] 7.012.GDB136_chr7H.fa.4950001..5450000
[OK] 7.055.GDB136_chr7H.fa.24300001..24800000
[OK] 7.011.GDB136_chr7H.fa.4500001..5000000
[OK] 7.040.GDB136_chr7H.fa.17550001..18050000
[OK] 7.036.GDB136_chr7H.fa.15750001..16250000
[OK] 7.044.GDB136_chr7H.fa.19350001..19850000
[OK] 7.056.GDB136_chr7H.fa.24750001..25250000
[OK] 7.042.GDB136_chr7H.fa.18450001..18950000
[OK] 7.046.GDB136_chr7H.fa.20250001..20750000
[OK] 7.013.GDB136_chr7H.fa.5400001..5900000
[OK] 7.037.GDB136_chr7H.fa.16200001..16700000
[OK] 6.1216.GDB136_chr6H.fa.546750001..547250000
[OK] 7.041.GDB136_chr7H.fa.18000001..18500000
[OK] 7.043.GDB136_chr7H.fa.18900001..19400000
[OK] 7.018.GDB136_chr7H.fa.7650001..8150000
[OK] 7.015.GDB136_chr7H.fa.6300001..6800000
[OK] 6.1207.GDB136_chr6H.fa.542700001..543200000
[OK] 7.058.GDB136_chr7H.fa.25650001..26150000
[OK] 7.061.GDB136_chr7H.fa.27000001..27500000
[OK] 7.031.GDB136_chr7H.fa.13500001..14000000
[OK] 7.048.GDB136_chr7H.fa.21150001..21650000
[OK] 6.1210.GDB136_chr6H.fa.544050001..544550000
[OK] 7.070.GDB136_chr7H.fa.31050001..31550000
[OK] 7.051.GDB136_chr7H.fa.22500001..23000000
[OK] 7.063.GDB136_chr7H.fa.27900001..28400000
[OK] 7.016.GDB136_chr7H.fa.6750001..7250000
[OK] 7.050.GDB136_chr7H.fa.22050001..22550000
[OK] 7.057.GDB136_chr7H.fa.25200001..25700000
[OK] 7.020.GDB136_chr7H.fa.8550001..9050000
[OK] 7.054.GDB136_chr7H.fa.23850001..24350000
[OK] 7.083.GDB136_chr7H.fa.36900001..37400000
[OK] 7.079.GDB136_chr7H.fa.35100001..35600000
[OK] 7.029.GDB136_chr7H.fa.12600001..13100000
[OK] 7.062.GDB136_chr7H.fa.27450001..27950000
[OK] 7.072.GDB136_chr7H.fa.31950001..32450000
[OK] 7.080.GDB136_chr7H.fa.35550001..36050000
[OK] 7.084.GDB136_chr7H.fa.37350001..37850000
[OK] 7.052.GDB136_chr7H.fa.22950001..23450000
[OK] 7.073.GDB136_chr7H.fa.32400001..32900000
[OK] 7.081.GDB136_chr7H.fa.36000001..36500000
[OK] 7.086.GDB136_chr7H.fa.38250001..38750000
[OK] 7.068.GDB136_chr7H.fa.30150001..30650000
[OK] 6.1208.GDB136_chr6H.fa.543150001..543650000
[OK] 7.060.GDB136_chr7H.fa.26550001..27050000
[OK] 7.071.GDB136_chr7H.fa.31500001..32000000
[OK] 7.085.GDB136_chr7H.fa.37800001..38300000
[OK] 7.033.GDB136_chr7H.fa.14400001..14900000
[OK] 7.038.GDB136_chr7H.fa.16650001..17150000
[OK] 7.078.GDB136_chr7H.fa.34650001..35150000
[OK] 7.032.GDB136_chr7H.fa.13950001..14450000
[OK] 7.096.GDB136_chr7H.fa.42750001..43250000
[OK] 7.053.GDB136_chr7H.fa.23400001..23900000
[OK] 7.067.GDB136_chr7H.fa.29700001..30200000
[OK] 7.082.GDB136_chr7H.fa.36450001..36950000
[OK] 7.066.GDB136_chr7H.fa.29250001..29750000
[OK] 7.094.GDB136_chr7H.fa.41850001..42350000
[OK] 7.090.GDB136_chr7H.fa.40050001..40550000
[OK] 7.100.GDB136_chr7H.fa.44550001..45050000
[OK] 7.092.GDB136_chr7H.fa.40950001..41450000
[OK] 7.069.GDB136_chr7H.fa.30600001..31100000
[OK] 7.097.GDB136_chr7H.fa.43200001..43700000
[OK] 7.102.GDB136_chr7H.fa.45450001..45950000
[OK] 7.105.GDB136_chr7H.fa.46800001..47300000
[OK] 7.089.GDB136_chr7H.fa.39600001..40100000
[OK] 7.095.GDB136_chr7H.fa.42300001..42800000
[OK] 7.126.GDB136_chr7H.fa.56250001..56750000
[OK] 7.120.GDB136_chr7H.fa.53550001..54050000
[OK] 7.065.GDB136_chr7H.fa.28800001..29300000
[OK] 7.064.GDB136_chr7H.fa.28350001..28850000
[OK] 7.074.GDB136_chr7H.fa.32850001..33350000
[OK] 7.118.GDB136_chr7H.fa.52650001..53150000
[OK] 7.099.GDB136_chr7H.fa.44100001..44600000
[OK] 7.131.GDB136_chr7H.fa.58500001..59000000
[OK] 7.006.GDB136_chr7H.fa.2250001..2750000
[OK] 7.127.GDB136_chr7H.fa.56700001..57200000
[OK] 7.093.GDB136_chr7H.fa.41400001..41900000
[OK] 7.104.GDB136_chr7H.fa.46350001..46850000
[OK] 7.101.GDB136_chr7H.fa.45000001..45500000
[OK] 7.117.GDB136_chr7H.fa.52200001..52700000
[OK] 7.130.GDB136_chr7H.fa.58050001..58550000
[OK] 7.116.GDB136_chr7H.fa.51750001..52250000
[OK] 7.113.GDB136_chr7H.fa.50400001..50900000
[OK] 7.049.GDB136_chr7H.fa.21600001..22100000
[OK] 7.123.GDB136_chr7H.fa.54900001..55400000
[OK] 7.128.GDB136_chr7H.fa.57150001..57650000
[OK] 7.119.GDB136_chr7H.fa.53100001..53600000
[OK] 7.143.GDB136_chr7H.fa.63900001..64400000
[OK] 7.103.GDB136_chr7H.fa.45900001..46400000
[OK] 7.112.GDB136_chr7H.fa.49950001..50450000
[OK] 7.129.GDB136_chr7H.fa.57600001..58100000
[OK] 7.108.GDB136_chr7H.fa.48150001..48650000
[OK] 7.088.GDB136_chr7H.fa.39150001..39650000
[OK] 7.124.GDB136_chr7H.fa.55350001..55850000
[OK] 7.087.GDB136_chr7H.fa.38700001..39200000
[OK] 7.133.GDB136_chr7H.fa.59400001..59900000
[OK] 7.134.GDB136_chr7H.fa.59850001..60350000
[OK] 7.144.GDB136_chr7H.fa.64350001..64850000
[OK] 7.107.GDB136_chr7H.fa.47700001..48200000
[OK] 7.136.GDB136_chr7H.fa.60750001..61250000
[OK] 7.137.GDB136_chr7H.fa.61200001..61700000
[OK] 7.140.GDB136_chr7H.fa.62550001..63050000
[OK] 7.109.GDB136_chr7H.fa.48600001..49100000
[OK] 7.106.GDB136_chr7H.fa.47250001..47750000
[OK] 7.077.GDB136_chr7H.fa.34200001..34700000
[OK] 7.098.GDB136_chr7H.fa.43650001..44150000
[OK] 7.111.GDB136_chr7H.fa.49500001..50000000
[OK] 7.147.GDB136_chr7H.fa.65700001..66200000
[OK] 7.135.GDB136_chr7H.fa.60300001..60800000
[OK] 7.141.GDB136_chr7H.fa.63000001..63500000
[OK] 7.045.GDB136_chr7H.fa.19800001..20300000
[OK] 7.160.GDB136_chr7H.fa.71550001..72050000
[OK] 7.132.GDB136_chr7H.fa.58950001..59450000
[OK] 7.148.GDB136_chr7H.fa.66150001..66650000
[OK] 7.121.GDB136_chr7H.fa.54000001..54500000
[OK] 7.157.GDB136_chr7H.fa.70200001..70700000
[OK] 7.165.GDB136_chr7H.fa.73800001..74300000
[OK] 7.151.GDB136_chr7H.fa.67500001..68000000
[OK] 7.159.GDB136_chr7H.fa.71100001..71600000
[OK] 7.122.GDB136_chr7H.fa.54450001..54950000
[OK] 7.110.GDB136_chr7H.fa.49050001..49550000
[OK] 7.091.GDB136_chr7H.fa.40500001..41000000
[OK] 7.168.GDB136_chr7H.fa.75150001..75650000
[OK] 7.142.GDB136_chr7H.fa.63450001..63950000
[OK] 7.154.GDB136_chr7H.fa.68850001..69350000
[OK] 7.158.GDB136_chr7H.fa.70650001..71150000
[OK] 7.139.GDB136_chr7H.fa.62100001..62600000
[OK] 7.163.GDB136_chr7H.fa.72900001..73400000
[OK] 7.167.GDB136_chr7H.fa.74700001..75200000
[OK] 7.152.GDB136_chr7H.fa.67950001..68450000
[OK] 7.150.GDB136_chr7H.fa.67050001..67550000
[OK] 7.155.GDB136_chr7H.fa.69300001..69800000
[OK] 7.153.GDB136_chr7H.fa.68400001..68900000
[OK] 7.162.GDB136_chr7H.fa.72450001..72950000
[OK] 7.170.GDB136_chr7H.fa.76050001..76550000
[OK] 7.161.GDB136_chr7H.fa.72000001..72500000
[OK] 7.169.GDB136_chr7H.fa.75600001..76100000
[OK] 7.182.GDB136_chr7H.fa.81450001..81950000
[OK] 7.149.GDB136_chr7H.fa.66600001..67100000
[OK] 7.156.GDB136_chr7H.fa.69750001..70250000
[OK] 7.164.GDB136_chr7H.fa.73350001..73850000
[OK] 7.195.GDB136_chr7H.fa.87300001..87800000
[OK] 7.177.GDB136_chr7H.fa.79200001..79700000
[OK] 7.145.GDB136_chr7H.fa.64800001..65300000
[OK] 7.076.GDB136_chr7H.fa.33750001..34250000
[OK] 7.196.GDB136_chr7H.fa.87750001..88250000
[OK] 7.176.GDB136_chr7H.fa.78750001..79250000
[OK] 7.174.GDB136_chr7H.fa.77850001..78350000
[OK] 7.173.GDB136_chr7H.fa.77400001..77900000
[OK] 7.191.GDB136_chr7H.fa.85500001..86000000
[OK] 7.172.GDB136_chr7H.fa.76950001..77450000
[OK] 7.125.GDB136_chr7H.fa.55800001..56300000
[OK] 7.138.GDB136_chr7H.fa.61650001..62150000
[OK] 7.175.GDB136_chr7H.fa.78300001..78800000
[OK] 7.183.GDB136_chr7H.fa.81900001..82400000
[OK] 7.181.GDB136_chr7H.fa.81000001..81500000
[OK] 7.194.GDB136_chr7H.fa.86850001..87350000
[OK] 7.188.GDB136_chr7H.fa.84150001..84650000
[OK] 7.180.GDB136_chr7H.fa.80550001..81050000
[OK] 7.190.GDB136_chr7H.fa.85050001..85550000
[OK] 7.075.GDB136_chr7H.fa.33300001..33800000
[OK] 7.205.GDB136_chr7H.fa.91800001..92300000
[OK] 7.184.GDB136_chr7H.fa.82350001..82850000
[OK] 7.192.GDB136_chr7H.fa.85950001..86450000
[OK] 7.199.GDB136_chr7H.fa.89100001..89600000
[OK] 7.222.GDB136_chr7H.fa.99450001..99950000
[OK] 7.208.GDB136_chr7H.fa.93150001..93650000
[OK] 7.185.GDB136_chr7H.fa.82800001..83300000
[OK] 7.178.GDB136_chr7H.fa.79650001..80150000
[OK] 7.171.GDB136_chr7H.fa.76500001..77000000
[OK] 7.026.GDB136_chr7H.fa.11250001..11750000
[OK] 7.186.GDB136_chr7H.fa.83250001..83750000
[OK] 7.221.GDB136_chr7H.fa.99000001..99500000
[OK] 7.166.GDB136_chr7H.fa.74250001..74750000
[OK] 7.213.GDB136_chr7H.fa.95400001..95900000
[OK] 7.211.GDB136_chr7H.fa.94500001..95000000
[OK] 7.203.GDB136_chr7H.fa.90900001..91400000
[OK] 7.202.GDB136_chr7H.fa.90450001..90950000
[OK] 7.193.GDB136_chr7H.fa.86400001..86900000
[OK] 7.189.GDB136_chr7H.fa.84600001..85100000
[OK] 7.197.GDB136_chr7H.fa.88200001..88700000
[OK] 7.214.GDB136_chr7H.fa.95850001..96350000
[OK] 7.201.GDB136_chr7H.fa.90000001..90500000
[OK] 7.209.GDB136_chr7H.fa.93600001..94100000
[OK] 7.179.GDB136_chr7H.fa.80100001..80600000
[OK] 7.206.GDB136_chr7H.fa.92250001..92750000
[OK] 7.217.GDB136_chr7H.fa.97200001..97700000
[OK] 7.115.GDB136_chr7H.fa.51300001..51800000
[OK] 7.225.GDB136_chr7H.fa.100800001..101300000
[OK] 7.204.GDB136_chr7H.fa.91350001..91850000
[OK] 7.207.GDB136_chr7H.fa.92700001..93200000
[OK] 7.210.GDB136_chr7H.fa.94050001..94550000
[OK] 7.224.GDB136_chr7H.fa.100350001..100850000
[OK] 7.240.GDB136_chr7H.fa.107550001..108050000
[OK] 7.198.GDB136_chr7H.fa.88650001..89150000
[OK] 7.187.GDB136_chr7H.fa.83700001..84200000
[OK] 7.200.GDB136_chr7H.fa.89550001..90050000
[OK] 7.250.GDB136_chr7H.fa.112050001..112550000
[OK] 7.236.GDB136_chr7H.fa.105750001..106250000
[OK] 7.216.GDB136_chr7H.fa.96750001..97250000
[OK] 7.220.GDB136_chr7H.fa.98550001..99050000
[OK] 7.212.GDB136_chr7H.fa.94950001..95450000
[OK] 7.241.GDB136_chr7H.fa.108000001..108500000
[OK] 7.244.GDB136_chr7H.fa.109350001..109850000
[OK] 7.218.GDB136_chr7H.fa.97650001..98150000
[OK] 7.227.GDB136_chr7H.fa.101700001..102200000
[OK] 7.238.GDB136_chr7H.fa.106650001..107150000
[OK] 7.243.GDB136_chr7H.fa.108900001..109400000
[OK] 7.229.GDB136_chr7H.fa.102600001..103100000
[OK] 7.253.GDB136_chr7H.fa.113400001..113900000
[OK] 7.230.GDB136_chr7H.fa.103050001..103550000
[OK] 7.114.GDB136_chr7H.fa.50850001..51350000
[OK] 7.228.GDB136_chr7H.fa.102150001..102650000
[OK] 7.226.GDB136_chr7H.fa.101250001..101750000
[OK] 7.259.GDB136_chr7H.fa.116100001..116600000
[OK] 7.237.GDB136_chr7H.fa.106200001..106700000
[OK] 7.215.GDB136_chr7H.fa.96300001..96800000
[OK] 7.242.GDB136_chr7H.fa.108450001..108950000
[OK] 7.252.GDB136_chr7H.fa.112950001..113450000
[OK] 7.262.GDB136_chr7H.fa.117450001..117950000
[OK] 7.235.GDB136_chr7H.fa.105300001..105800000
[OK] 7.231.GDB136_chr7H.fa.103500001..104000000
[OK] 7.219.GDB136_chr7H.fa.98100001..98600000
[OK] 7.234.GDB136_chr7H.fa.104850001..105350000
[OK] 7.146.GDB136_chr7H.fa.65250001..65750000
[OK] 7.254.GDB136_chr7H.fa.113850001..114350000
[OK] 7.233.GDB136_chr7H.fa.104400001..104900000
[OK] 7.245.GDB136_chr7H.fa.109800001..110300000
[OK] 7.247.GDB136_chr7H.fa.110700001..111200000
[OK] 7.258.GDB136_chr7H.fa.115650001..116150000
[OK] 7.223.GDB136_chr7H.fa.99900001..100400000
[OK] 7.260.GDB136_chr7H.fa.116550001..117050000
[OK] 7.249.GDB136_chr7H.fa.111600001..112100000
[OK] 7.256.GDB136_chr7H.fa.114750001..115250000
[OK] 7.239.GDB136_chr7H.fa.107100001..107600000
[OK] 7.257.GDB136_chr7H.fa.115200001..115700000
[OK] 7.232.GDB136_chr7H.fa.103950001..104450000
[OK] 7.277.GDB136_chr7H.fa.124200001..124700000
[OK] 7.248.GDB136_chr7H.fa.111150001..111650000
[OK] 7.246.GDB136_chr7H.fa.110250001..110750000
[OK] 7.261.GDB136_chr7H.fa.117000001..117500000
[OK] 7.255.GDB136_chr7H.fa.114300001..114800000
[OK] 7.275.GDB136_chr7H.fa.123300001..123800000
[OK] 7.272.GDB136_chr7H.fa.121950001..122450000
[OK] 7.268.GDB136_chr7H.fa.120150001..120650000
[OK] 7.284.GDB136_chr7H.fa.127350001..127850000
[OK] 7.266.GDB136_chr7H.fa.119250001..119750000
[OK] 7.276.GDB136_chr7H.fa.123750001..124250000
[OK] 7.280.GDB136_chr7H.fa.125550001..126050000
[OK] 7.264.GDB136_chr7H.fa.118350001..118850000
[OK] 7.269.GDB136_chr7H.fa.120600001..121100000
[OK] 7.273.GDB136_chr7H.fa.122400001..122900000
[OK] 7.283.GDB136_chr7H.fa.126900001..127400000
[OK] 7.271.GDB136_chr7H.fa.121500001..122000000
[OK] 7.278.GDB136_chr7H.fa.124650001..125150000
[OK] 7.265.GDB136_chr7H.fa.118800001..119300000
[OK] 7.267.GDB136_chr7H.fa.119700001..120200000
[OK] 7.263.GDB136_chr7H.fa.117900001..118400000
[OK] 7.251.GDB136_chr7H.fa.112500001..113000000
[OK] 7.285.GDB136_chr7H.fa.127800001..128300000
[OK] 7.288.GDB136_chr7H.fa.129150001..129650000
[OK] 7.282.GDB136_chr7H.fa.126450001..126950000
[OK] 7.281.GDB136_chr7H.fa.126000001..126500000
[OK] 7.291.GDB136_chr7H.fa.130500001..131000000
[OK] 7.270.GDB136_chr7H.fa.121050001..121550000
[OK] 7.290.GDB136_chr7H.fa.130050001..130550000
[OK] 7.298.GDB136_chr7H.fa.133650001..134150000
[OK] 7.316.GDB136_chr7H.fa.141750001..142250000
[OK] 7.295.GDB136_chr7H.fa.132300001..132800000
[OK] 7.292.GDB136_chr7H.fa.130950001..131450000
[OK] 7.274.GDB136_chr7H.fa.122850001..123350000
[OK] 7.307.GDB136_chr7H.fa.137700001..138200000
[OK] 7.289.GDB136_chr7H.fa.129600001..130100000
[OK] 7.287.GDB136_chr7H.fa.128700001..129200000
[OK] 7.309.GDB136_chr7H.fa.138600001..139100000
[OK] 7.321.GDB136_chr7H.fa.144000001..144500000
[OK] 7.286.GDB136_chr7H.fa.128250001..128750000
[OK] 7.302.GDB136_chr7H.fa.135450001..135950000
[OK] 7.279.GDB136_chr7H.fa.125100001..125600000
[OK] 7.311.GDB136_chr7H.fa.139500001..140000000
[OK] 7.299.GDB136_chr7H.fa.134100001..134600000
[OK] 7.297.GDB136_chr7H.fa.133200001..133700000
[OK] 7.305.GDB136_chr7H.fa.136800001..137300000
[OK] 7.304.GDB136_chr7H.fa.136350001..136850000
[OK] 7.293.GDB136_chr7H.fa.131400001..131900000
[OK] 7.313.GDB136_chr7H.fa.140400001..140900000
[OK] 7.340.GDB136_chr7H.fa.152550001..153050000
[OK] 7.322.GDB136_chr7H.fa.144450001..144950000
[OK] 7.318.GDB136_chr7H.fa.142650001..143150000
[OK] 7.324.GDB136_chr7H.fa.145350001..145850000
[OK] 7.300.GDB136_chr7H.fa.134550001..135050000
[OK] 7.325.GDB136_chr7H.fa.145800001..146300000
[OK] 7.338.GDB136_chr7H.fa.151650001..152150000
[OK] 7.306.GDB136_chr7H.fa.137250001..137750000
[OK] 7.344.GDB136_chr7H.fa.154350001..154850000
[OK] 7.301.GDB136_chr7H.fa.135000001..135500000
[OK] 7.336.GDB136_chr7H.fa.150750001..151250000
[OK] 7.312.GDB136_chr7H.fa.139950001..140450000
[OK] 7.333.GDB136_chr7H.fa.149400001..149900000
[OK] 7.310.GDB136_chr7H.fa.139050001..139550000
[OK] 7.323.GDB136_chr7H.fa.144900001..145400000
[OK] 7.296.GDB136_chr7H.fa.132750001..133250000
[OK] 7.320.GDB136_chr7H.fa.143550001..144050000
[OK] 7.327.GDB136_chr7H.fa.146700001..147200000
[OK] 7.308.GDB136_chr7H.fa.138150001..138650000
[OK] 7.337.GDB136_chr7H.fa.151200001..151700000
[OK] 7.353.GDB136_chr7H.fa.158400001..158900000
[OK] 7.328.GDB136_chr7H.fa.147150001..147650000
[OK] 7.345.GDB136_chr7H.fa.154800001..155300000
[OK] 7.343.GDB136_chr7H.fa.153900001..154400000
[OK] 7.331.GDB136_chr7H.fa.148500001..149000000
[OK] 7.317.GDB136_chr7H.fa.142200001..142700000
[OK] 7.334.GDB136_chr7H.fa.149850001..150350000
[OK] 7.332.GDB136_chr7H.fa.148950001..149450000
[OK] 7.330.GDB136_chr7H.fa.148050001..148550000
[OK] 7.326.GDB136_chr7H.fa.146250001..146750000
[OK] 7.352.GDB136_chr7H.fa.157950001..158450000
[OK] 7.363.GDB136_chr7H.fa.162900001..163400000
[OK] 7.366.GDB136_chr7H.fa.164250001..164750000
[OK] 7.339.GDB136_chr7H.fa.152100001..152600000
[OK] 7.342.GDB136_chr7H.fa.153450001..153950000
[OK] 7.315.GDB136_chr7H.fa.141300001..141800000
[OK] 7.335.GDB136_chr7H.fa.150300001..150800000
[OK] 7.341.GDB136_chr7H.fa.153000001..153500000
[OK] 7.375.GDB136_chr7H.fa.168300001..168800000
[OK] 7.367.GDB136_chr7H.fa.164700001..165200000
[OK] 7.346.GDB136_chr7H.fa.155250001..155750000
[OK] 7.358.GDB136_chr7H.fa.160650001..161150000
[OK] 7.349.GDB136_chr7H.fa.156600001..157100000
[OK] 7.319.GDB136_chr7H.fa.143100001..143600000
[OK] 7.351.GDB136_chr7H.fa.157500001..158000000
[OK] 7.356.GDB136_chr7H.fa.159750001..160250000
[OK] 7.374.GDB136_chr7H.fa.167850001..168350000
[OK] 7.348.GDB136_chr7H.fa.156150001..156650000
[OK] 7.347.GDB136_chr7H.fa.155700001..156200000
[OK] 7.354.GDB136_chr7H.fa.158850001..159350000
[OK] 7.303.GDB136_chr7H.fa.135900001..136400000
[OK] 7.359.GDB136_chr7H.fa.161100001..161600000
[OK] 7.370.GDB136_chr7H.fa.166050001..166550000
[OK] 7.373.GDB136_chr7H.fa.167400001..167900000
[OK] 7.314.GDB136_chr7H.fa.140850001..141350000
[OK] 7.361.GDB136_chr7H.fa.162000001..162500000
[OK] 7.368.GDB136_chr7H.fa.165150001..165650000
[OK] 7.360.GDB136_chr7H.fa.161550001..162050000
[OK] 7.371.GDB136_chr7H.fa.166500001..167000000
[OK] 7.355.GDB136_chr7H.fa.159300001..159800000
[OK] 7.378.GDB136_chr7H.fa.169650001..170150000
[OK] 7.385.GDB136_chr7H.fa.172800001..173300000
[OK] 7.362.GDB136_chr7H.fa.162450001..162950000
[OK] 7.365.GDB136_chr7H.fa.163800001..164300000
[OK] 7.381.GDB136_chr7H.fa.171000001..171500000
[OK] 7.377.GDB136_chr7H.fa.169200001..169700000
[OK] 7.387.GDB136_chr7H.fa.173700001..174200000
[OK] 7.329.GDB136_chr7H.fa.147600001..148100000
[OK] 7.369.GDB136_chr7H.fa.165600001..166100000
[OK] 7.393.GDB136_chr7H.fa.176400001..176900000
[OK] 7.376.GDB136_chr7H.fa.168750001..169250000
[OK] 7.395.GDB136_chr7H.fa.177300001..177800000
[OK] 7.379.GDB136_chr7H.fa.170100001..170600000
[OK] 7.397.GDB136_chr7H.fa.178200001..178700000
[OK] 7.350.GDB136_chr7H.fa.157050001..157550000
[OK] 7.389.GDB136_chr7H.fa.174600001..175100000
[OK] 7.392.GDB136_chr7H.fa.175950001..176450000
[OK] 7.400.GDB136_chr7H.fa.179550001..180050000
[OK] 7.409.GDB136_chr7H.fa.183600001..184100000
[OK] 7.382.GDB136_chr7H.fa.171450001..171950000
[OK] 7.372.GDB136_chr7H.fa.166950001..167450000
[OK] 7.411.GDB136_chr7H.fa.184500001..185000000
[OK] 7.364.GDB136_chr7H.fa.163350001..163850000
[OK] 7.401.GDB136_chr7H.fa.180000001..180500000
[OK] 7.383.GDB136_chr7H.fa.171900001..172400000
[OK] 7.390.GDB136_chr7H.fa.175050001..175550000
[OK] 7.405.GDB136_chr7H.fa.181800001..182300000
[OK] 7.414.GDB136_chr7H.fa.185850001..186350000
[OK] 7.386.GDB136_chr7H.fa.173250001..173750000
[OK] 7.384.GDB136_chr7H.fa.172350001..172850000
[OK] 7.396.GDB136_chr7H.fa.177750001..178250000
[OK] 7.380.GDB136_chr7H.fa.170550001..171050000
[OK] 7.423.GDB136_chr7H.fa.189900001..190400000
[OK] 7.406.GDB136_chr7H.fa.182250001..182750000
[OK] 7.415.GDB136_chr7H.fa.186300001..186800000
[OK] 7.412.GDB136_chr7H.fa.184950001..185450000
[OK] 7.399.GDB136_chr7H.fa.179100001..179600000
[OK] 7.407.GDB136_chr7H.fa.182700001..183200000
[OK] 7.422.GDB136_chr7H.fa.189450001..189950000
[OK] 7.421.GDB136_chr7H.fa.189000001..189500000
[OK] 7.420.GDB136_chr7H.fa.188550001..189050000
[OK] 7.398.GDB136_chr7H.fa.178650001..179150000
[OK] 7.403.GDB136_chr7H.fa.180900001..181400000
[OK] 7.419.GDB136_chr7H.fa.188100001..188600000
[OK] 7.410.GDB136_chr7H.fa.184050001..184550000
[OK] 7.418.GDB136_chr7H.fa.187650001..188150000
[OK] 7.426.GDB136_chr7H.fa.191250001..191750000
[OK] 7.388.GDB136_chr7H.fa.174150001..174650000
[OK] 7.428.GDB136_chr7H.fa.192150001..192650000
[OK] 7.357.GDB136_chr7H.fa.160200001..160700000
[OK] 7.434.GDB136_chr7H.fa.194850001..195350000
[OK] 7.436.GDB136_chr7H.fa.195750001..196250000
[OK] 7.391.GDB136_chr7H.fa.175500001..176000000
[OK] 7.408.GDB136_chr7H.fa.183150001..183650000
[OK] 7.416.GDB136_chr7H.fa.186750001..187250000
[OK] 7.440.GDB136_chr7H.fa.197550001..198050000
[OK] 7.413.GDB136_chr7H.fa.185400001..185900000
[OK] 7.444.GDB136_chr7H.fa.199350001..199850000
[OK] 7.453.GDB136_chr7H.fa.203400001..203900000
[OK] 7.424.GDB136_chr7H.fa.190350001..190850000
[OK] 7.433.GDB136_chr7H.fa.194400001..194900000
[OK] 7.402.GDB136_chr7H.fa.180450001..180950000
[OK] 7.294.GDB136_chr7H.fa.131850001..132350000
[OK] 7.427.GDB136_chr7H.fa.191700001..192200000
[OK] 7.462.GDB136_chr7H.fa.207450001..207950000
[OK] 7.437.GDB136_chr7H.fa.196200001..196700000
[OK] 7.446.GDB136_chr7H.fa.200250001..200750000
[OK] 7.439.GDB136_chr7H.fa.197100001..197600000
[OK] 7.465.GDB136_chr7H.fa.208800001..209300000
[OK] 7.431.GDB136_chr7H.fa.193500001..194000000
[OK] 7.450.GDB136_chr7H.fa.202050001..202550000
[OK] 7.455.GDB136_chr7H.fa.204300001..204800000
[OK] 7.438.GDB136_chr7H.fa.196650001..197150000
[OK] 7.442.GDB136_chr7H.fa.198450001..198950000
[OK] 7.430.GDB136_chr7H.fa.193050001..193550000
[OK] 7.445.GDB136_chr7H.fa.199800001..200300000
[OK] 7.435.GDB136_chr7H.fa.195300001..195800000
[OK] 7.461.GDB136_chr7H.fa.207000001..207500000
[OK] 7.447.GDB136_chr7H.fa.200700001..201200000
[OK] 7.458.GDB136_chr7H.fa.205650001..206150000
[OK] 7.404.GDB136_chr7H.fa.181350001..181850000
[OK] 7.432.GDB136_chr7H.fa.193950001..194450000
[OK] 7.469.GDB136_chr7H.fa.210600001..211100000
[OK] 7.443.GDB136_chr7H.fa.198900001..199400000
[OK] 7.448.GDB136_chr7H.fa.201150001..201650000
[OK] 7.456.GDB136_chr7H.fa.204750001..205250000
[OK] 7.417.GDB136_chr7H.fa.187200001..187700000
[OK] 7.441.GDB136_chr7H.fa.198000001..198500000
[OK] 7.425.GDB136_chr7H.fa.190800001..191300000
[OK] 7.429.GDB136_chr7H.fa.192600001..193100000
[OK] 7.394.GDB136_chr7H.fa.176850001..177350000
[OK] 7.457.GDB136_chr7H.fa.205200001..205700000
[OK] 7.483.GDB136_chr7H.fa.216900001..217400000
[OK] 7.460.GDB136_chr7H.fa.206550001..207050000
[OK] 7.468.GDB136_chr7H.fa.210150001..210650000
[OK] 7.459.GDB136_chr7H.fa.206100001..206600000
[OK] 7.464.GDB136_chr7H.fa.208350001..208850000
[OK] 7.476.GDB136_chr7H.fa.213750001..214250000
[OK] 7.467.GDB136_chr7H.fa.209700001..210200000
[OK] 7.451.GDB136_chr7H.fa.202500001..203000000
[OK] 7.449.GDB136_chr7H.fa.201600001..202100000
[OK] 7.477.GDB136_chr7H.fa.214200001..214700000
[OK] 7.470.GDB136_chr7H.fa.211050001..211550000
[OK] 7.454.GDB136_chr7H.fa.203850001..204350000
[OK] 7.482.GDB136_chr7H.fa.216450001..216950000
[OK] 7.481.GDB136_chr7H.fa.216000001..216500000
[OK] 7.466.GDB136_chr7H.fa.209250001..209750000
[OK] 7.471.GDB136_chr7H.fa.211500001..212000000
[OK] 7.472.GDB136_chr7H.fa.211950001..212450000
[OK] 7.486.GDB136_chr7H.fa.218250001..218750000
[OK] 7.479.GDB136_chr7H.fa.215100001..215600000
[OK] 7.452.GDB136_chr7H.fa.202950001..203450000
[OK] 7.485.GDB136_chr7H.fa.217800001..218300000
[OK] 7.475.GDB136_chr7H.fa.213300001..213800000
[OK] 7.474.GDB136_chr7H.fa.212850001..213350000
[OK] 7.487.GDB136_chr7H.fa.218700001..219200000
[OK] 7.499.GDB136_chr7H.fa.224100001..224600000
[OK] 7.473.GDB136_chr7H.fa.212400001..212900000
[OK] 7.463.GDB136_chr7H.fa.207900001..208400000
[OK] 7.496.GDB136_chr7H.fa.222750001..223250000
[OK] 7.489.GDB136_chr7H.fa.219600001..220100000
[OK] 7.480.GDB136_chr7H.fa.215550001..216050000
[OK] 7.498.GDB136_chr7H.fa.223650001..224150000
[OK] 7.500.GDB136_chr7H.fa.224550001..225050000
[OK] 7.505.GDB136_chr7H.fa.226800001..227300000
[OK] 7.495.GDB136_chr7H.fa.222300001..222800000
[OK] 7.488.GDB136_chr7H.fa.219150001..219650000
[OK] 7.502.GDB136_chr7H.fa.225450001..225950000
[OK] 7.503.GDB136_chr7H.fa.225900001..226400000
[OK] 7.506.GDB136_chr7H.fa.227250001..227750000
[OK] 7.490.GDB136_chr7H.fa.220050001..220550000
[OK] 7.492.GDB136_chr7H.fa.220950001..221450000
[OK] 7.504.GDB136_chr7H.fa.226350001..226850000
[OK] 7.478.GDB136_chr7H.fa.214650001..215150000
[OK] 7.497.GDB136_chr7H.fa.223200001..223700000
[OK] 7.501.GDB136_chr7H.fa.225000001..225500000
[OK] 7.493.GDB136_chr7H.fa.221400001..221900000
[OK] 7.491.GDB136_chr7H.fa.220500001..221000000
[OK] 7.511.GDB136_chr7H.fa.229500001..230000000
[OK] 7.484.GDB136_chr7H.fa.217350001..217850000
[OK] 7.516.GDB136_chr7H.fa.231750001..232250000
[OK] 7.526.GDB136_chr7H.fa.236250001..236750000
[OK] 7.535.GDB136_chr7H.fa.240300001..240800000
[OK] 7.514.GDB136_chr7H.fa.230850001..231350000
[OK] 7.522.GDB136_chr7H.fa.234450001..234950000
[OK] 7.523.GDB136_chr7H.fa.234900001..235400000
[OK] 7.536.GDB136_chr7H.fa.240750001..241250000
[OK] 7.509.GDB136_chr7H.fa.228600001..229100000
[OK] 7.494.GDB136_chr7H.fa.221850001..222350000
[OK] 7.529.GDB136_chr7H.fa.237600001..238100000
[OK] 7.517.GDB136_chr7H.fa.232200001..232700000
[OK] 7.527.GDB136_chr7H.fa.236700001..237200000
[OK] 7.507.GDB136_chr7H.fa.227700001..228200000
[OK] 7.515.GDB136_chr7H.fa.231300001..231800000
[OK] 7.524.GDB136_chr7H.fa.235350001..235850000
[OK] 7.528.GDB136_chr7H.fa.237150001..237650000
[OK] 7.513.GDB136_chr7H.fa.230400001..230900000
[OK] 7.521.GDB136_chr7H.fa.234000001..234500000
[OK] 7.525.GDB136_chr7H.fa.235800001..236300000
[OK] 7.541.GDB136_chr7H.fa.243000001..243500000
[OK] 7.512.GDB136_chr7H.fa.229950001..230450000
[OK] 7.540.GDB136_chr7H.fa.242550001..243050000
[OK] 7.537.GDB136_chr7H.fa.241200001..241700000
[OK] 7.530.GDB136_chr7H.fa.238050001..238550000
[OK] 7.519.GDB136_chr7H.fa.233100001..233600000
[OK] 7.550.GDB136_chr7H.fa.247050001..247550000
[OK] 7.552.GDB136_chr7H.fa.247950001..248450000
[OK] 7.556.GDB136_chr7H.fa.249750001..250250000
[OK] 7.531.GDB136_chr7H.fa.238500001..239000000
[OK] 7.532.GDB136_chr7H.fa.238950001..239450000
[OK] 7.538.GDB136_chr7H.fa.241650001..242150000
[OK] 7.533.GDB136_chr7H.fa.239400001..239900000
[OK] 7.508.GDB136_chr7H.fa.228150001..228650000
[OK] 7.518.GDB136_chr7H.fa.232650001..233150000
[OK] 7.539.GDB136_chr7H.fa.242100001..242600000
[OK] 7.510.GDB136_chr7H.fa.229050001..229550000
[OK] 7.542.GDB136_chr7H.fa.243450001..243950000
[OK] 7.534.GDB136_chr7H.fa.239850001..240350000
[OK] 7.551.GDB136_chr7H.fa.247500001..248000000
[OK] 7.520.GDB136_chr7H.fa.233550001..234050000
[OK] 7.566.GDB136_chr7H.fa.254250001..254750000
[OK] 7.558.GDB136_chr7H.fa.250650001..251150000
[OK] 7.553.GDB136_chr7H.fa.248400001..248900000
[OK] 7.547.GDB136_chr7H.fa.245700001..246200000
[OK] 7.555.GDB136_chr7H.fa.249300001..249800000
[OK] 7.562.GDB136_chr7H.fa.252450001..252950000
[OK] 7.561.GDB136_chr7H.fa.252000001..252500000
[OK] 7.571.GDB136_chr7H.fa.256500001..257000000
[OK] 7.549.GDB136_chr7H.fa.246600001..247100000
[OK] 7.559.GDB136_chr7H.fa.251100001..251600000
[OK] 7.565.GDB136_chr7H.fa.253800001..254300000
[OK] 7.543.GDB136_chr7H.fa.243900001..244400000
[OK] 7.572.GDB136_chr7H.fa.256950001..257450000
[OK] 7.563.GDB136_chr7H.fa.252900001..253400000
[OK] 7.548.GDB136_chr7H.fa.246150001..246650000
[OK] 7.560.GDB136_chr7H.fa.251550001..252050000
[OK] 7.576.GDB136_chr7H.fa.258750001..259250000
[OK] 7.577.GDB136_chr7H.fa.259200001..259700000
[OK] 7.568.GDB136_chr7H.fa.255150001..255650000
[OK] 7.570.GDB136_chr7H.fa.256050001..256550000
[OK] 7.569.GDB136_chr7H.fa.255600001..256100000
[OK] 7.554.GDB136_chr7H.fa.248850001..249350000
[OK] 7.579.GDB136_chr7H.fa.260100001..260600000
[OK] 7.557.GDB136_chr7H.fa.250200001..250700000
[OK] 7.589.GDB136_chr7H.fa.264600001..265100000
[OK] 7.544.GDB136_chr7H.fa.244350001..244850000
[OK] 7.564.GDB136_chr7H.fa.253350001..253850000
[OK] 7.585.GDB136_chr7H.fa.262800001..263300000
[OK] 7.573.GDB136_chr7H.fa.257400001..257900000
[OK] 7.575.GDB136_chr7H.fa.258300001..258800000
[OK] 7.602.GDB136_chr7H.fa.270450001..270950000
[OK] 7.578.GDB136_chr7H.fa.259650001..260150000
[OK] 7.574.GDB136_chr7H.fa.257850001..258350000
[OK] 7.591.GDB136_chr7H.fa.265500001..266000000
[OK] 7.604.GDB136_chr7H.fa.271350001..271850000
[OK] 7.583.GDB136_chr7H.fa.261900001..262400000
[OK] 7.596.GDB136_chr7H.fa.267750001..268250000
[OK] 7.603.GDB136_chr7H.fa.270900001..271400000
[OK] 7.584.GDB136_chr7H.fa.262350001..262850000
[OK] 7.581.GDB136_chr7H.fa.261000001..261500000
[OK] 7.588.GDB136_chr7H.fa.264150001..264650000
[OK] 7.594.GDB136_chr7H.fa.266850001..267350000
[OK] 7.592.GDB136_chr7H.fa.265950001..266450000
[OK] 7.590.GDB136_chr7H.fa.265050001..265550000
[OK] 7.546.GDB136_chr7H.fa.245250001..245750000
[OK] 7.599.GDB136_chr7H.fa.269100001..269600000
[OK] 7.605.GDB136_chr7H.fa.271800001..272300000
[OK] 7.580.GDB136_chr7H.fa.260550001..261050000
[OK] 7.617.GDB136_chr7H.fa.277200001..277700000
[OK] 7.601.GDB136_chr7H.fa.270000001..270500000
[OK] 7.545.GDB136_chr7H.fa.244800001..245300000
[OK] 7.595.GDB136_chr7H.fa.267300001..267800000
[OK] 7.567.GDB136_chr7H.fa.254700001..255200000
[OK] 7.586.GDB136_chr7H.fa.263250001..263750000
[OK] 7.614.GDB136_chr7H.fa.275850001..276350000
[OK] 7.627.GDB136_chr7H.fa.281700001..282200000
[OK] 7.608.GDB136_chr7H.fa.273150001..273650000
[OK] 7.593.GDB136_chr7H.fa.266400001..266900000
[OK] 7.609.GDB136_chr7H.fa.273600001..274100000
[OK] 7.625.GDB136_chr7H.fa.280800001..281300000
[OK] 7.620.GDB136_chr7H.fa.278550001..279050000
[OK] 7.598.GDB136_chr7H.fa.268650001..269150000
[OK] 7.616.GDB136_chr7H.fa.276750001..277250000
[OK] 7.587.GDB136_chr7H.fa.263700001..264200000
[OK] 7.619.GDB136_chr7H.fa.278100001..278600000
[OK] 7.612.GDB136_chr7H.fa.274950001..275450000
[OK] 7.600.GDB136_chr7H.fa.269550001..270050000
[OK] 7.597.GDB136_chr7H.fa.268200001..268700000
[OK] 7.618.GDB136_chr7H.fa.277650001..278150000
[OK] 7.611.GDB136_chr7H.fa.274500001..275000000
[OK] 7.582.GDB136_chr7H.fa.261450001..261950000
[OK] 7.610.GDB136_chr7H.fa.274050001..274550000
[OK] 7.631.GDB136_chr7H.fa.283500001..284000000
[OK] 7.626.GDB136_chr7H.fa.281250001..281750000
[OK] 7.642.GDB136_chr7H.fa.288450001..288950000
[OK] 7.634.GDB136_chr7H.fa.284850001..285350000
[OK] 7.615.GDB136_chr7H.fa.276300001..276800000
[OK] 7.638.GDB136_chr7H.fa.286650001..287150000
[OK] 7.622.GDB136_chr7H.fa.279450001..279950000
[OK] 7.624.GDB136_chr7H.fa.280350001..280850000
[OK] 7.628.GDB136_chr7H.fa.282150001..282650000
[OK] 7.630.GDB136_chr7H.fa.283050001..283550000
[OK] 7.633.GDB136_chr7H.fa.284400001..284900000
[OK] 7.621.GDB136_chr7H.fa.279000001..279500000
[OK] 7.640.GDB136_chr7H.fa.287550001..288050000
[OK] 7.607.GDB136_chr7H.fa.272700001..273200000
[OK] 7.654.GDB136_chr7H.fa.293850001..294350000
[OK] 7.648.GDB136_chr7H.fa.291150001..291650000
[OK] 7.646.GDB136_chr7H.fa.290250001..290750000
[OK] 7.629.GDB136_chr7H.fa.282600001..283100000
[OK] 7.639.GDB136_chr7H.fa.287100001..287600000
[OK] 7.635.GDB136_chr7H.fa.285300001..285800000
[OK] 7.644.GDB136_chr7H.fa.289350001..289850000
[OK] 7.645.GDB136_chr7H.fa.289800001..290300000
[OK] 7.637.GDB136_chr7H.fa.286200001..286700000
[OK] 7.632.GDB136_chr7H.fa.283950001..284450000
[OK] 7.613.GDB136_chr7H.fa.275400001..275900000
[OK] 7.650.GDB136_chr7H.fa.292050001..292550000
[OK] 7.668.GDB136_chr7H.fa.300150001..300650000
[OK] 7.641.GDB136_chr7H.fa.288000001..288500000
[OK] 7.656.GDB136_chr7H.fa.294750001..295250000
[OK] 7.606.GDB136_chr7H.fa.272250001..272750000
[OK] 7.623.GDB136_chr7H.fa.279900001..280400000
[OK] 7.652.GDB136_chr7H.fa.292950001..293450000
[OK] 7.663.GDB136_chr7H.fa.297900001..298400000
[OK] 7.643.GDB136_chr7H.fa.288900001..289400000
[OK] 7.647.GDB136_chr7H.fa.290700001..291200000
[OK] 7.659.GDB136_chr7H.fa.296100001..296600000
[OK] 7.649.GDB136_chr7H.fa.291600001..292100000
[OK] 7.655.GDB136_chr7H.fa.294300001..294800000
[OK] 7.664.GDB136_chr7H.fa.298350001..298850000
[OK] 7.653.GDB136_chr7H.fa.293400001..293900000
[OK] 7.636.GDB136_chr7H.fa.285750001..286250000
[OK] 7.657.GDB136_chr7H.fa.295200001..295700000
[OK] 7.651.GDB136_chr7H.fa.292500001..293000000
[OK] 7.665.GDB136_chr7H.fa.298800001..299300000
[OK] 7.658.GDB136_chr7H.fa.295650001..296150000
[OK] 7.661.GDB136_chr7H.fa.297000001..297500000
[OK] 7.675.GDB136_chr7H.fa.303300001..303800000
[OK] 7.674.GDB136_chr7H.fa.302850001..303350000
[OK] 7.669.GDB136_chr7H.fa.300600001..301100000
[OK] 7.666.GDB136_chr7H.fa.299250001..299750000
[OK] 7.660.GDB136_chr7H.fa.296550001..297050000
[OK] 7.691.GDB136_chr7H.fa.310500001..311000000
[OK] 7.693.GDB136_chr7H.fa.311400001..311900000
[OK] 7.695.GDB136_chr7H.fa.312300001..312800000
[OK] 7.684.GDB136_chr7H.fa.307350001..307850000
[OK] 7.704.GDB136_chr7H.fa.316350001..316850000
[OK] 7.715.GDB136_chr7H.fa.321300001..321800000
[OK] 7.681.GDB136_chr7H.fa.306000001..306500000
[OK] 7.683.GDB136_chr7H.fa.306900001..307400000
[OK] 7.662.GDB136_chr7H.fa.297450001..297950000
[OK] 7.677.GDB136_chr7H.fa.304200001..304700000
[OK] 7.689.GDB136_chr7H.fa.309600001..310100000
[OK] 7.678.GDB136_chr7H.fa.304650001..305150000
[OK] 7.718.GDB136_chr7H.fa.322650001..323150000
[OK] 7.685.GDB136_chr7H.fa.307800001..308300000
[OK] 7.682.GDB136_chr7H.fa.306450001..306950000
[OK] 7.690.GDB136_chr7H.fa.310050001..310550000
[OK] 7.708.GDB136_chr7H.fa.318150001..318650000
[OK] 7.703.GDB136_chr7H.fa.315900001..316400000
[OK] 7.692.GDB136_chr7H.fa.310950001..311450000
[OK] 7.706.GDB136_chr7H.fa.317250001..317750000
[OK] 7.700.GDB136_chr7H.fa.314550001..315050000
[OK] 7.712.GDB136_chr7H.fa.319950001..320450000
[OK] 7.671.GDB136_chr7H.fa.301500001..302000000
[OK] 7.697.GDB136_chr7H.fa.313200001..313700000
[OK] 7.716.GDB136_chr7H.fa.321750001..322250000
[OK] 7.672.GDB136_chr7H.fa.301950001..302450000
[OK] 7.687.GDB136_chr7H.fa.308700001..309200000
[OK] 7.709.GDB136_chr7H.fa.318600001..319100000
[OK] 7.714.GDB136_chr7H.fa.320850001..321350000
[OK] 7.667.GDB136_chr7H.fa.299700001..300200000
[OK] 7.724.GDB136_chr7H.fa.325350001..325850000
[OK] 7.701.GDB136_chr7H.fa.315000001..315500000
[OK] 7.688.GDB136_chr7H.fa.309150001..309650000
[OK] 7.673.GDB136_chr7H.fa.302400001..302900000
[OK] 7.705.GDB136_chr7H.fa.316800001..317300000
[OK] 7.694.GDB136_chr7H.fa.311850001..312350000
[OK] 7.696.GDB136_chr7H.fa.312750001..313250000
[OK] 7.710.GDB136_chr7H.fa.319050001..319550000
[OK] 7.676.GDB136_chr7H.fa.303750001..304250000
[OK] 7.734.GDB136_chr7H.fa.329850001..330350000
[OK] 7.720.GDB136_chr7H.fa.323550001..324050000
[OK] 7.702.GDB136_chr7H.fa.315450001..315950000
[OK] 7.732.GDB136_chr7H.fa.328950001..329450000
[OK] 7.698.GDB136_chr7H.fa.313650001..314150000
[OK] 7.717.GDB136_chr7H.fa.322200001..322700000
[OK] 7.670.GDB136_chr7H.fa.301050001..301550000
[OK] 7.735.GDB136_chr7H.fa.330300001..330800000
[OK] 7.725.GDB136_chr7H.fa.325800001..326300000
[OK] 7.719.GDB136_chr7H.fa.323100001..323600000
[OK] 7.686.GDB136_chr7H.fa.308250001..308750000
[OK] 7.737.GDB136_chr7H.fa.331200001..331700000
[OK] 7.699.GDB136_chr7H.fa.314100001..314600000
[OK] 7.739.GDB136_chr7H.fa.332100001..332600000
[OK] 7.713.GDB136_chr7H.fa.320400001..320900000
[OK] 7.679.GDB136_chr7H.fa.305100001..305600000
[OK] 7.733.GDB136_chr7H.fa.329400001..329900000
[OK] 7.707.GDB136_chr7H.fa.317700001..318200000
[OK] 7.726.GDB136_chr7H.fa.326250001..326750000
[OK] 7.680.GDB136_chr7H.fa.305550001..306050000
[OK] 7.721.GDB136_chr7H.fa.324000001..324500000
[OK] 7.738.GDB136_chr7H.fa.331650001..332150000
[OK] 7.740.GDB136_chr7H.fa.332550001..333050000
[OK] 7.736.GDB136_chr7H.fa.330750001..331250000
[OK] 7.723.GDB136_chr7H.fa.324900001..325400000
[OK] 7.744.GDB136_chr7H.fa.334350001..334850000
[OK] 7.727.GDB136_chr7H.fa.326700001..327200000
[OK] 7.728.GDB136_chr7H.fa.327150001..327650000
[OK] 7.742.GDB136_chr7H.fa.333450001..333950000
[OK] 7.750.GDB136_chr7H.fa.337050001..337550000
[OK] 7.741.GDB136_chr7H.fa.333000001..333500000
[OK] 7.731.GDB136_chr7H.fa.328500001..329000000
[OK] 7.747.GDB136_chr7H.fa.335700001..336200000
[OK] 7.753.GDB136_chr7H.fa.338400001..338900000
[OK] 7.722.GDB136_chr7H.fa.324450001..324950000
[OK] 7.711.GDB136_chr7H.fa.319500001..320000000
[OK] 7.730.GDB136_chr7H.fa.328050001..328550000
[OK] 7.729.GDB136_chr7H.fa.327600001..328100000
[OK] 7.745.GDB136_chr7H.fa.334800001..335300000
[OK] 7.746.GDB136_chr7H.fa.335250001..335750000
[OK] 7.760.GDB136_chr7H.fa.341550001..342050000
[OK] 7.749.GDB136_chr7H.fa.336600001..337100000
[OK] 7.756.GDB136_chr7H.fa.339750001..340250000
[OK] 7.757.GDB136_chr7H.fa.340200001..340700000
[OK] 7.754.GDB136_chr7H.fa.338850001..339350000
[OK] 7.751.GDB136_chr7H.fa.337500001..338000000
[OK] 7.743.GDB136_chr7H.fa.333900001..334400000
[OK] 7.762.GDB136_chr7H.fa.342450001..342950000
[OK] 7.764.GDB136_chr7H.fa.343350001..343850000
[OK] 7.755.GDB136_chr7H.fa.339300001..339800000
[OK] 7.774.GDB136_chr7H.fa.347850001..348350000
[OK] 7.748.GDB136_chr7H.fa.336150001..336650000
[OK] 7.771.GDB136_chr7H.fa.346500001..347000000
[OK] 7.752.GDB136_chr7H.fa.337950001..338450000
[OK] 7.770.GDB136_chr7H.fa.346050001..346550000
[OK] 7.759.GDB136_chr7H.fa.341100001..341600000
[OK] 7.773.GDB136_chr7H.fa.347400001..347900000
[OK] 7.785.GDB136_chr7H.fa.352800001..353300000
[OK] 7.792.GDB136_chr7H.fa.355950001..356450000
[OK] 7.798.GDB136_chr7H.fa.358650001..359150000
[OK] 7.800.GDB136_chr7H.fa.359550001..360050000
[OK] 7.787.GDB136_chr7H.fa.353700001..354200000
[OK] 7.775.GDB136_chr7H.fa.348300001..348800000
[OK] 7.781.GDB136_chr7H.fa.351000001..351500000
[OK] 7.766.GDB136_chr7H.fa.344250001..344750000
[OK] 7.763.GDB136_chr7H.fa.342900001..343400000
[OK] 7.782.GDB136_chr7H.fa.351450001..351950000
[OK] 7.780.GDB136_chr7H.fa.350550001..351050000
[OK] 7.768.GDB136_chr7H.fa.345150001..345650000
[OK] 7.758.GDB136_chr7H.fa.340650001..341150000
[OK] 7.778.GDB136_chr7H.fa.349650001..350150000
[OK] 7.801.GDB136_chr7H.fa.360000001..360500000
[OK] 7.797.GDB136_chr7H.fa.358200001..358700000
[OK] 7.784.GDB136_chr7H.fa.352350001..352850000
[OK] 7.789.GDB136_chr7H.fa.354600001..355100000
[OK] 7.769.GDB136_chr7H.fa.345600001..346100000
[OK] 7.767.GDB136_chr7H.fa.344700001..345200000
[OK] 7.761.GDB136_chr7H.fa.342000001..342500000
[OK] 7.783.GDB136_chr7H.fa.351900001..352400000
[OK] 7.790.GDB136_chr7H.fa.355050001..355550000
[OK] 7.772.GDB136_chr7H.fa.346950001..347450000
[OK] 7.779.GDB136_chr7H.fa.350100001..350600000
[OK] 7.809.GDB136_chr7H.fa.363600001..364100000
[OK] 7.791.GDB136_chr7H.fa.355500001..356000000
[OK] 7.815.GDB136_chr7H.fa.366300001..366800000
[OK] 7.804.GDB136_chr7H.fa.361350001..361850000
[OK] 7.799.GDB136_chr7H.fa.359100001..359600000
[OK] 7.786.GDB136_chr7H.fa.353250001..353750000
[OK] 7.802.GDB136_chr7H.fa.360450001..360950000
[OK] 7.788.GDB136_chr7H.fa.354150001..354650000
[OK] 7.823.GDB136_chr7H.fa.369900001..370400000
[OK] 7.816.GDB136_chr7H.fa.366750001..367250000
[OK] 7.806.GDB136_chr7H.fa.362250001..362750000
[OK] 7.793.GDB136_chr7H.fa.356400001..356900000
[OK] 7.808.GDB136_chr7H.fa.363150001..363650000
[OK] 7.805.GDB136_chr7H.fa.361800001..362300000
[OK] 7.807.GDB136_chr7H.fa.362700001..363200000
[OK] 7.803.GDB136_chr7H.fa.360900001..361400000
[OK] 7.812.GDB136_chr7H.fa.364950001..365450000
[OK] 7.776.GDB136_chr7H.fa.348750001..349250000
[OK] 7.822.GDB136_chr7H.fa.369450001..369950000
[OK] 7.828.GDB136_chr7H.fa.372150001..372650000
[OK] 7.814.GDB136_chr7H.fa.365850001..366350000
[OK] 7.825.GDB136_chr7H.fa.370800001..371300000
[OK] 7.765.GDB136_chr7H.fa.343800001..344300000
[OK] 7.811.GDB136_chr7H.fa.364500001..365000000
[OK] 7.817.GDB136_chr7H.fa.367200001..367700000
[OK] 7.824.GDB136_chr7H.fa.370350001..370850000
[OK] 7.794.GDB136_chr7H.fa.356850001..357350000
[OK] 7.839.GDB136_chr7H.fa.377100001..377600000
[OK] 7.835.GDB136_chr7H.fa.375300001..375800000
[OK] 7.846.GDB136_chr7H.fa.380250001..380750000
[OK] 7.821.GDB136_chr7H.fa.369000001..369500000
[OK] 7.810.GDB136_chr7H.fa.364050001..364550000
[OK] 7.796.GDB136_chr7H.fa.357750001..358250000
[OK] 7.837.GDB136_chr7H.fa.376200001..376700000
[OK] 7.820.GDB136_chr7H.fa.368550001..369050000
[OK] 7.830.GDB136_chr7H.fa.373050001..373550000
[OK] 7.838.GDB136_chr7H.fa.376650001..377150000
[OK] 7.827.GDB136_chr7H.fa.371700001..372200000
[OK] 7.826.GDB136_chr7H.fa.371250001..371750000
[OK] 7.842.GDB136_chr7H.fa.378450001..378950000
[OK] 7.795.GDB136_chr7H.fa.357300001..357800000
[OK] 7.813.GDB136_chr7H.fa.365400001..365900000
[OK] 7.833.GDB136_chr7H.fa.374400001..374900000
[OK] 7.818.GDB136_chr7H.fa.367650001..368150000
[OK] 7.829.GDB136_chr7H.fa.372600001..373100000
[OK] 7.853.GDB136_chr7H.fa.383400001..383900000
[OK] 7.841.GDB136_chr7H.fa.378000001..378500000
[OK] 7.819.GDB136_chr7H.fa.368100001..368600000
[OK] 7.840.GDB136_chr7H.fa.377550001..378050000
[OK] 7.777.GDB136_chr7H.fa.349200001..349700000
[OK] 7.831.GDB136_chr7H.fa.373500001..374000000
[OK] 7.845.GDB136_chr7H.fa.379800001..380300000
[OK] 7.844.GDB136_chr7H.fa.379350001..379850000
[OK] 7.868.GDB136_chr7H.fa.390150001..390650000
[OK] 7.854.GDB136_chr7H.fa.383850001..384350000
[OK] 7.857.GDB136_chr7H.fa.385200001..385700000
[OK] 7.832.GDB136_chr7H.fa.373950001..374450000
[OK] 7.848.GDB136_chr7H.fa.381150001..381650000
[OK] 7.855.GDB136_chr7H.fa.384300001..384800000
[OK] 7.834.GDB136_chr7H.fa.374850001..375350000
[OK] 7.849.GDB136_chr7H.fa.381600001..382100000
[OK] 7.847.GDB136_chr7H.fa.380700001..381200000
[OK] 7.836.GDB136_chr7H.fa.375750001..376250000
[OK] 7.850.GDB136_chr7H.fa.382050001..382550000
[OK] 7.852.GDB136_chr7H.fa.382950001..383450000
[OK] 7.873.GDB136_chr7H.fa.392400001..392900000
[OK] 7.862.GDB136_chr7H.fa.387450001..387950000
[OK] 7.858.GDB136_chr7H.fa.385650001..386150000
[OK] 7.856.GDB136_chr7H.fa.384750001..385250000
[OK] 7.876.GDB136_chr7H.fa.393750001..394250000
[OK] 7.865.GDB136_chr7H.fa.388800001..389300000
[OK] 7.870.GDB136_chr7H.fa.391050001..391550000
[OK] 7.851.GDB136_chr7H.fa.382500001..383000000
[OK] 7.878.GDB136_chr7H.fa.394650001..395150000
[OK] 7.872.GDB136_chr7H.fa.391950001..392450000
[OK] 7.880.GDB136_chr7H.fa.395550001..396050000
[OK] 7.871.GDB136_chr7H.fa.391500001..392000000
[OK] 7.890.GDB136_chr7H.fa.400050001..400550000
[OK] 7.877.GDB136_chr7H.fa.394200001..394700000
[OK] 7.903.GDB136_chr7H.fa.405900001..406400000
[OK] 7.881.GDB136_chr7H.fa.396000001..396500000
[OK] 7.884.GDB136_chr7H.fa.397350001..397850000
[OK] 7.859.GDB136_chr7H.fa.386100001..386600000
[OK] 7.875.GDB136_chr7H.fa.393300001..393800000
[OK] 7.888.GDB136_chr7H.fa.399150001..399650000
[OK] 7.867.GDB136_chr7H.fa.389700001..390200000
[OK] 7.909.GDB136_chr7H.fa.408600001..409100000
[OK] 7.869.GDB136_chr7H.fa.390600001..391100000
[OK] 7.874.GDB136_chr7H.fa.392850001..393350000
[OK] 7.863.GDB136_chr7H.fa.387900001..388400000
[OK] 7.861.GDB136_chr7H.fa.387000001..387500000
[OK] 7.916.GDB136_chr7H.fa.411750001..412250000
[OK] 7.906.GDB136_chr7H.fa.407250001..407750000
[OK] 7.899.GDB136_chr7H.fa.404100001..404600000
[OK] 7.886.GDB136_chr7H.fa.398250001..398750000
[OK] 7.895.GDB136_chr7H.fa.402300001..402800000
[OK] 7.866.GDB136_chr7H.fa.389250001..389750000
[OK] 7.902.GDB136_chr7H.fa.405450001..405950000
[OK] 7.892.GDB136_chr7H.fa.400950001..401450000
[OK] 7.894.GDB136_chr7H.fa.401850001..402350000
[OK] 7.911.GDB136_chr7H.fa.409500001..410000000
[OK] 7.893.GDB136_chr7H.fa.401400001..401900000
[OK] 7.864.GDB136_chr7H.fa.388350001..388850000
[OK] 7.891.GDB136_chr7H.fa.400500001..401000000
[OK] 7.887.GDB136_chr7H.fa.398700001..399200000
[OK] 7.900.GDB136_chr7H.fa.404550001..405050000
[OK] 7.912.GDB136_chr7H.fa.409950001..410450000
[OK] 7.910.GDB136_chr7H.fa.409050001..409550000
[OK] 7.885.GDB136_chr7H.fa.397800001..398300000
[OK] 7.896.GDB136_chr7H.fa.402750001..403250000
[OK] 7.905.GDB136_chr7H.fa.406800001..407300000
[OK] 7.901.GDB136_chr7H.fa.405000001..405500000
[OK] 7.882.GDB136_chr7H.fa.396450001..396950000
[OK] 7.860.GDB136_chr7H.fa.386550001..387050000
[OK] 7.908.GDB136_chr7H.fa.408150001..408650000
[OK] 7.898.GDB136_chr7H.fa.403650001..404150000
[OK] 7.883.GDB136_chr7H.fa.396900001..397400000
[OK] 7.907.GDB136_chr7H.fa.407700001..408200000
[OK] 7.843.GDB136_chr7H.fa.378900001..379400000
[OK] 7.897.GDB136_chr7H.fa.403200001..403700000
[OK] 7.914.GDB136_chr7H.fa.410850001..411350000
[OK] 7.879.GDB136_chr7H.fa.395100001..395600000
[OK] 7.922.GDB136_chr7H.fa.414450001..414950000
[OK] 7.920.GDB136_chr7H.fa.413550001..414050000
[OK] 7.921.GDB136_chr7H.fa.414000001..414500000
[OK] 7.923.GDB136_chr7H.fa.414900001..415400000
[OK] 7.915.GDB136_chr7H.fa.411300001..411800000
[OK] 7.904.GDB136_chr7H.fa.406350001..406850000
[OK] 7.913.GDB136_chr7H.fa.410400001..410900000
[OK] 7.928.GDB136_chr7H.fa.417150001..417650000
[OK] 7.919.GDB136_chr7H.fa.413100001..413600000
[OK] 7.929.GDB136_chr7H.fa.417600001..418100000
[OK] 7.924.GDB136_chr7H.fa.415350001..415850000
[OK] 7.918.GDB136_chr7H.fa.412650001..413150000
[OK] 7.931.GDB136_chr7H.fa.418500001..419000000
[OK] 7.925.GDB136_chr7H.fa.415800001..416300000
[OK] 7.930.GDB136_chr7H.fa.418050001..418550000
[OK] 7.934.GDB136_chr7H.fa.419850001..420350000
[OK] 7.927.GDB136_chr7H.fa.416700001..417200000
[OK] 7.917.GDB136_chr7H.fa.412200001..412700000
[OK] 7.939.GDB136_chr7H.fa.422100001..422600000
[OK] 7.926.GDB136_chr7H.fa.416250001..416750000
[OK] 7.947.GDB136_chr7H.fa.425700001..426200000
[OK] 7.953.GDB136_chr7H.fa.428400001..428900000
[OK] 7.940.GDB136_chr7H.fa.422550001..423050000
[OK] 7.945.GDB136_chr7H.fa.424800001..425300000
[OK] 7.941.GDB136_chr7H.fa.423000001..423500000
[OK] 7.889.GDB136_chr7H.fa.399600001..400100000
[OK] 7.935.GDB136_chr7H.fa.420300001..420800000
[OK] 7.936.GDB136_chr7H.fa.420750001..421250000
[OK] 7.955.GDB136_chr7H.fa.429300001..429800000
[OK] 7.944.GDB136_chr7H.fa.424350001..424850000
[OK] 7.960.GDB136_chr7H.fa.431550001..432050000
[OK] 7.958.GDB136_chr7H.fa.430650001..431150000
[OK] 7.933.GDB136_chr7H.fa.419400001..419900000
[OK] 7.946.GDB136_chr7H.fa.425250001..425750000
[OK] 7.942.GDB136_chr7H.fa.423450001..423950000
[OK] 7.932.GDB136_chr7H.fa.418950001..419450000
[OK] 7.943.GDB136_chr7H.fa.423900001..424400000
[OK] 7.954.GDB136_chr7H.fa.428850001..429350000
[OK] 7.972.GDB136_chr7H.fa.436950001..437450000
[OK] 7.948.GDB136_chr7H.fa.426150001..426650000
[OK] 7.957.GDB136_chr7H.fa.430200001..430700000
[OK] 7.952.GDB136_chr7H.fa.427950001..428450000
[OK] 7.969.GDB136_chr7H.fa.435600001..436100000
[OK] 7.950.GDB136_chr7H.fa.427050001..427550000
[OK] 7.974.GDB136_chr7H.fa.437850001..438350000
[OK] 7.965.GDB136_chr7H.fa.433800001..434300000
[OK] 7.959.GDB136_chr7H.fa.431100001..431600000
[OK] 7.999.GDB136_chr7H.fa.449100001..449600000
[OK] 7.964.GDB136_chr7H.fa.433350001..433850000
[OK] 7.976.GDB136_chr7H.fa.438750001..439250000
[OK] 7.956.GDB136_chr7H.fa.429750001..430250000
[OK] 7.951.GDB136_chr7H.fa.427500001..428000000
[OK] 7.966.GDB136_chr7H.fa.434250001..434750000
[OK] 7.962.GDB136_chr7H.fa.432450001..432950000
[OK] 7.970.GDB136_chr7H.fa.436050001..436550000
[OK] 7.995.GDB136_chr7H.fa.447300001..447800000
[OK] 7.987.GDB136_chr7H.fa.443700001..444200000
[OK] 7.982.GDB136_chr7H.fa.441450001..441950000
[OK] 7.937.GDB136_chr7H.fa.421200001..421700000
[OK] 7.990.GDB136_chr7H.fa.445050001..445550000
[OK] 7.968.GDB136_chr7H.fa.435150001..435650000
[OK] 7.971.GDB136_chr7H.fa.436500001..437000000
[OK] 7.975.GDB136_chr7H.fa.438300001..438800000
[OK] 7.949.GDB136_chr7H.fa.426600001..427100000
[OK] 7.1009.GDB136_chr7H.fa.453600001..454100000
[OK] 7.977.GDB136_chr7H.fa.439200001..439700000
[OK] 7.1002.GDB136_chr7H.fa.450450001..450950000
[OK] 7.996.GDB136_chr7H.fa.447750001..448250000
[OK] 7.980.GDB136_chr7H.fa.440550001..441050000
[OK] 7.998.GDB136_chr7H.fa.448650001..449150000
[OK] 7.1003.GDB136_chr7H.fa.450900001..451400000
[OK] 7.1000.GDB136_chr7H.fa.449550001..450050000
[OK] 7.988.GDB136_chr7H.fa.444150001..444650000
[OK] 7.1006.GDB136_chr7H.fa.452250001..452750000
[OK] 7.997.GDB136_chr7H.fa.448200001..448700000
[OK] 7.967.GDB136_chr7H.fa.434700001..435200000
[OK] 7.973.GDB136_chr7H.fa.437400001..437900000
[OK] 7.984.GDB136_chr7H.fa.442350001..442850000
[OK] 7.992.GDB136_chr7H.fa.445950001..446450000
[OK] 7.1007.GDB136_chr7H.fa.452700001..453200000
[OK] 7.961.GDB136_chr7H.fa.432000001..432500000
[OK] 7.989.GDB136_chr7H.fa.444600001..445100000
[OK] 7.986.GDB136_chr7H.fa.443250001..443750000
[OK] 7.963.GDB136_chr7H.fa.432900001..433400000
[OK] 7.994.GDB136_chr7H.fa.446850001..447350000
[OK] 7.1012.GDB136_chr7H.fa.454950001..455450000
[OK] 7.985.GDB136_chr7H.fa.442800001..443300000
[OK] 7.1020.GDB136_chr7H.fa.458550001..459050000
[OK] 7.1004.GDB136_chr7H.fa.451350001..451850000
[OK] 7.1001.GDB136_chr7H.fa.450000001..450500000
[OK] 7.1013.GDB136_chr7H.fa.455400001..455900000
[OK] 7.938.GDB136_chr7H.fa.421650001..422150000
[OK] 7.1005.GDB136_chr7H.fa.451800001..452300000
[OK] 7.1010.GDB136_chr7H.fa.454050001..454550000
[OK] 7.981.GDB136_chr7H.fa.441000001..441500000
[OK] 7.991.GDB136_chr7H.fa.445500001..446000000
[OK] 7.993.GDB136_chr7H.fa.446400001..446900000
[OK] 7.1008.GDB136_chr7H.fa.453150001..453650000
[OK] 7.983.GDB136_chr7H.fa.441900001..442400000
[OK] 7.978.GDB136_chr7H.fa.439650001..440150000
[OK] 7.1021.GDB136_chr7H.fa.459000001..459500000
[OK] 7.1014.GDB136_chr7H.fa.455850001..456350000
[OK] 7.1022.GDB136_chr7H.fa.459450001..459950000
[OK] 7.1030.GDB136_chr7H.fa.463050001..463550000
[OK] 7.1015.GDB136_chr7H.fa.456300001..456800000
[OK] 7.1027.GDB136_chr7H.fa.461700001..462200000
[OK] 7.979.GDB136_chr7H.fa.440100001..440600000
[OK] 7.1017.GDB136_chr7H.fa.457200001..457700000
[OK] 7.1016.GDB136_chr7H.fa.456750001..457250000
[OK] 7.1031.GDB136_chr7H.fa.463500001..464000000
[OK] 7.1035.GDB136_chr7H.fa.465300001..465800000
[OK] 7.1026.GDB136_chr7H.fa.461250001..461750000
[OK] 7.1025.GDB136_chr7H.fa.460800001..461300000
[OK] 7.1011.GDB136_chr7H.fa.454500001..455000000
[OK] 7.1034.GDB136_chr7H.fa.464850001..465350000
[OK] 7.1036.GDB136_chr7H.fa.465750001..466250000
[OK] 7.1029.GDB136_chr7H.fa.462600001..463100000
[OK] 7.1040.GDB136_chr7H.fa.467550001..468050000
[OK] 7.1019.GDB136_chr7H.fa.458100001..458600000
[OK] 7.1018.GDB136_chr7H.fa.457650001..458150000
[OK] 7.1039.GDB136_chr7H.fa.467100001..467600000
[OK] 7.1032.GDB136_chr7H.fa.463950001..464450000
[OK] 7.1050.GDB136_chr7H.fa.472050001..472550000
[OK] 7.1024.GDB136_chr7H.fa.460350001..460850000
[OK] 7.1055.GDB136_chr7H.fa.474300001..474800000
[OK] 7.1028.GDB136_chr7H.fa.462150001..462650000
[OK] 7.1041.GDB136_chr7H.fa.468000001..468500000
[OK] 7.1053.GDB136_chr7H.fa.473400001..473900000
[OK] 7.1046.GDB136_chr7H.fa.470250001..470750000
[OK] 7.1044.GDB136_chr7H.fa.469350001..469850000
[OK] 7.1042.GDB136_chr7H.fa.468450001..468950000
[OK] 7.1047.GDB136_chr7H.fa.470700001..471200000
[OK] 7.1033.GDB136_chr7H.fa.464400001..464900000
[OK] 7.1052.GDB136_chr7H.fa.472950001..473450000
[OK] 7.1056.GDB136_chr7H.fa.474750001..475250000
[OK] 7.1045.GDB136_chr7H.fa.469800001..470300000
[OK] 7.1038.GDB136_chr7H.fa.466650001..467150000
[OK] 7.1054.GDB136_chr7H.fa.473850001..474350000
[OK] 7.1043.GDB136_chr7H.fa.468900001..469400000
[OK] 7.1037.GDB136_chr7H.fa.466200001..466700000
[OK] 7.1067.GDB136_chr7H.fa.479700001..480200000
[OK] 7.1051.GDB136_chr7H.fa.472500001..473000000
[OK] 7.1066.GDB136_chr7H.fa.479250001..479750000
[OK] 7.1057.GDB136_chr7H.fa.475200001..475700000
[OK] 7.1065.GDB136_chr7H.fa.478800001..479300000
[OK] 7.1072.GDB136_chr7H.fa.481950001..482450000
[OK] 7.1083.GDB136_chr7H.fa.486900001..487400000
[OK] 7.1023.GDB136_chr7H.fa.459900001..460400000
[OK] 7.1085.GDB136_chr7H.fa.487800001..488300000
[OK] 7.1063.GDB136_chr7H.fa.477900001..478400000
[OK] 7.1093.GDB136_chr7H.fa.491400001..491900000
[OK] 7.1049.GDB136_chr7H.fa.471600001..472100000
[OK] 7.1071.GDB136_chr7H.fa.481500001..482000000
[OK] 7.1079.GDB136_chr7H.fa.485100001..485600000
[OK] 7.1060.GDB136_chr7H.fa.476550001..477050000
[OK] 7.1092.GDB136_chr7H.fa.490950001..491450000
[OK] 7.1068.GDB136_chr7H.fa.480150001..480650000
[OK] 7.1073.GDB136_chr7H.fa.482400001..482900000
[OK] 7.1048.GDB136_chr7H.fa.471150001..471650000
[OK] 7.1091.GDB136_chr7H.fa.490500001..491000000
[OK] 7.1058.GDB136_chr7H.fa.475650001..476150000
[OK] 7.1078.GDB136_chr7H.fa.484650001..485150000
[OK] 7.1096.GDB136_chr7H.fa.492750001..493250000
[OK] 7.1081.GDB136_chr7H.fa.486000001..486500000
[OK] 7.1062.GDB136_chr7H.fa.477450001..477950000
[OK] 7.1077.GDB136_chr7H.fa.484200001..484700000
[OK] 7.1086.GDB136_chr7H.fa.488250001..488750000
[OK] 7.1088.GDB136_chr7H.fa.489150001..489650000
[OK] 7.1059.GDB136_chr7H.fa.476100001..476600000
[OK] 7.1084.GDB136_chr7H.fa.487350001..487850000
[OK] 7.1087.GDB136_chr7H.fa.488700001..489200000
[OK] 7.1061.GDB136_chr7H.fa.477000001..477500000
[OK] 7.1095.GDB136_chr7H.fa.492300001..492800000
[OK] 7.1064.GDB136_chr7H.fa.478350001..478850000
[OK] 7.1074.GDB136_chr7H.fa.482850001..483350000
[OK] 7.1090.GDB136_chr7H.fa.490050001..490550000
[OK] 7.1070.GDB136_chr7H.fa.481050001..481550000
[OK] 7.1094.GDB136_chr7H.fa.491850001..492350000
[OK] 7.1076.GDB136_chr7H.fa.483750001..484250000
[OK] 7.1075.GDB136_chr7H.fa.483300001..483800000
[OK] 7.1069.GDB136_chr7H.fa.480600001..481100000
[OK] 7.1097.GDB136_chr7H.fa.493200001..493700000
[OK] 7.1103.GDB136_chr7H.fa.495900001..496400000
[OK] 7.1099.GDB136_chr7H.fa.494100001..494600000
[OK] 7.1082.GDB136_chr7H.fa.486450001..486950000
[OK] 7.1111.GDB136_chr7H.fa.499500001..500000000
[OK] 7.1089.GDB136_chr7H.fa.489600001..490100000
[OK] 7.1102.GDB136_chr7H.fa.495450001..495950000
[OK] 7.1098.GDB136_chr7H.fa.493650001..494150000
[OK] 7.1101.GDB136_chr7H.fa.495000001..495500000
[OK] 7.1104.GDB136_chr7H.fa.496350001..496850000
[OK] 7.1100.GDB136_chr7H.fa.494550001..495050000
[OK] 7.1108.GDB136_chr7H.fa.498150001..498650000
[OK] 7.1129.GDB136_chr7H.fa.507600001..508100000
[OK] 7.1105.GDB136_chr7H.fa.496800001..497300000
[OK] 7.1118.GDB136_chr7H.fa.502650001..503150000
[OK] 7.1109.GDB136_chr7H.fa.498600001..499100000
[OK] 7.1106.GDB136_chr7H.fa.497250001..497750000
[OK] 7.1127.GDB136_chr7H.fa.506700001..507200000
[OK] 7.1120.GDB136_chr7H.fa.503550001..504050000
[OK] 7.1117.GDB136_chr7H.fa.502200001..502700000
[OK] 7.1112.GDB136_chr7H.fa.499950001..500450000
[OK] 7.1122.GDB136_chr7H.fa.504450001..504950000
[OK] 7.1113.GDB136_chr7H.fa.500400001..500900000
[OK] 7.1115.GDB136_chr7H.fa.501300001..501800000
[OK] 7.1116.GDB136_chr7H.fa.501750001..502250000
[OK] 7.1121.GDB136_chr7H.fa.504000001..504500000
[OK] 7.1141.GDB136_chr7H.fa.513000001..513500000
[OK] 7.1153.GDB136_chr7H.fa.518400001..518900000
[OK] 7.1132.GDB136_chr7H.fa.508950001..509450000
[OK] 7.1123.GDB136_chr7H.fa.504900001..505400000
[OK] 7.1139.GDB136_chr7H.fa.512100001..512600000
[OK] 7.1080.GDB136_chr7H.fa.485550001..486050000
[OK] 7.1124.GDB136_chr7H.fa.505350001..505850000
[OK] 7.1107.GDB136_chr7H.fa.497700001..498200000
[OK] 7.1138.GDB136_chr7H.fa.511650001..512150000
[OK] 7.1128.GDB136_chr7H.fa.507150001..507650000
[OK] 7.1119.GDB136_chr7H.fa.503100001..503600000
[OK] 7.1110.GDB136_chr7H.fa.499050001..499550000
[OK] 7.1130.GDB136_chr7H.fa.508050001..508550000
[OK] 7.1134.GDB136_chr7H.fa.509850001..510350000
[OK] 7.1125.GDB136_chr7H.fa.505800001..506300000
[OK] 7.1160.GDB136_chr7H.fa.521550001..522050000
[OK] 7.1136.GDB136_chr7H.fa.510750001..511250000
[OK] 7.1140.GDB136_chr7H.fa.512550001..513050000
[OK] 7.1152.GDB136_chr7H.fa.517950001..518450000
[OK] 7.1158.GDB136_chr7H.fa.520650001..521150000
[OK] 7.1170.GDB136_chr7H.fa.526050001..526550000
[OK] 7.1142.GDB136_chr7H.fa.513450001..513950000
[OK] 7.1145.GDB136_chr7H.fa.514800001..515300000
[OK] 7.1143.GDB136_chr7H.fa.513900001..514400000
[OK] 7.1163.GDB136_chr7H.fa.522900001..523400000
[OK] 7.1135.GDB136_chr7H.fa.510300001..510800000
[OK] 7.1180.GDB136_chr7H.fa.530550001..531050000
[OK] 7.1151.GDB136_chr7H.fa.517500001..518000000
[OK] 7.1131.GDB136_chr7H.fa.508500001..509000000
[OK] 7.1164.GDB136_chr7H.fa.523350001..523850000
[OK] 7.1114.GDB136_chr7H.fa.500850001..501350000
[OK] 7.1150.GDB136_chr7H.fa.517050001..517550000
[OK] 7.1162.GDB136_chr7H.fa.522450001..522950000
[OK] 7.1154.GDB136_chr7H.fa.518850001..519350000
[OK] 7.1157.GDB136_chr7H.fa.520200001..520700000
[OK] 7.1168.GDB136_chr7H.fa.525150001..525650000
[OK] 7.1126.GDB136_chr7H.fa.506250001..506750000
[OK] 7.1159.GDB136_chr7H.fa.521100001..521600000
[OK] 7.1146.GDB136_chr7H.fa.515250001..515750000
[OK] 7.1172.GDB136_chr7H.fa.526950001..527450000
[OK] 7.1169.GDB136_chr7H.fa.525600001..526100000
[OK] 7.1156.GDB136_chr7H.fa.519750001..520250000
[OK] 7.1133.GDB136_chr7H.fa.509400001..509900000
[OK] 7.1171.GDB136_chr7H.fa.526500001..527000000
[OK] 7.1187.GDB136_chr7H.fa.533700001..534200000
[OK] 7.1165.GDB136_chr7H.fa.523800001..524300000
[OK] 7.1144.GDB136_chr7H.fa.514350001..514850000
[OK] 7.1155.GDB136_chr7H.fa.519300001..519800000
[OK] 7.1148.GDB136_chr7H.fa.516150001..516650000
[OK] 7.1181.GDB136_chr7H.fa.531000001..531500000
[OK] 7.1149.GDB136_chr7H.fa.516600001..517100000
[OK] 7.1174.GDB136_chr7H.fa.527850001..528350000
[OK] 7.1190.GDB136_chr7H.fa.535050001..535550000
[OK] 7.1179.GDB136_chr7H.fa.530100001..530600000
[OK] 7.1137.GDB136_chr7H.fa.511200001..511700000
[OK] 7.1189.GDB136_chr7H.fa.534600001..535100000
[OK] 7.1175.GDB136_chr7H.fa.528300001..528800000
[OK] 7.1186.GDB136_chr7H.fa.533250001..533750000
[OK] 7.1167.GDB136_chr7H.fa.524700001..525200000
[OK] 7.1161.GDB136_chr7H.fa.522000001..522500000
[OK] 7.1193.GDB136_chr7H.fa.536400001..536900000
[OK] 7.1183.GDB136_chr7H.fa.531900001..532400000
[OK] 7.1185.GDB136_chr7H.fa.532800001..533300000
[OK] 7.1198.GDB136_chr7H.fa.538650001..539150000
[OK] 7.1182.GDB136_chr7H.fa.531450001..531950000
[OK] 7.1192.GDB136_chr7H.fa.535950001..536450000
[OK] 7.1173.GDB136_chr7H.fa.527400001..527900000
[OK] 7.1178.GDB136_chr7H.fa.529650001..530150000
[OK] 7.1184.GDB136_chr7H.fa.532350001..532850000
[OK] 7.1201.GDB136_chr7H.fa.540000001..540500000
[OK] 7.1166.GDB136_chr7H.fa.524250001..524750000
[OK] 7.1191.GDB136_chr7H.fa.535500001..536000000
[OK] 7.1188.GDB136_chr7H.fa.534150001..534650000
[OK] 7.1203.GDB136_chr7H.fa.540900001..541400000
[OK] 7.1176.GDB136_chr7H.fa.528750001..529250000
[OK] 7.1177.GDB136_chr7H.fa.529200001..529700000
[OK] 7.1200.GDB136_chr7H.fa.539550001..540050000
[OK] 7.1195.GDB136_chr7H.fa.537300001..537800000
[OK] 7.1210.GDB136_chr7H.fa.544050001..544550000
[OK] 7.1196.GDB136_chr7H.fa.537750001..538250000
[OK] 7.1207.GDB136_chr7H.fa.542700001..543200000
[OK] 7.1224.GDB136_chr7H.fa.550350001..550850000
[OK] 7.1202.GDB136_chr7H.fa.540450001..540950000
[OK] 7.1221.GDB136_chr7H.fa.549000001..549500000
[OK] 7.1212.GDB136_chr7H.fa.544950001..545450000
[OK] 7.1205.GDB136_chr7H.fa.541800001..542300000
[OK] 7.1197.GDB136_chr7H.fa.538200001..538700000
[OK] 7.1213.GDB136_chr7H.fa.545400001..545900000
[OK] 7.1217.GDB136_chr7H.fa.547200001..547700000
[OK] 7.1222.GDB136_chr7H.fa.549450001..549950000
[OK] 7.1194.GDB136_chr7H.fa.536850001..537350000
[OK] 7.1199.GDB136_chr7H.fa.539100001..539600000
[OK] 7.1208.GDB136_chr7H.fa.543150001..543650000
[OK] 7.1228.GDB136_chr7H.fa.552150001..552650000
[OK] 7.1229.GDB136_chr7H.fa.552600001..553100000
[OK] 7.1214.GDB136_chr7H.fa.545850001..546350000
[OK] 7.1233.GDB136_chr7H.fa.554400001..554900000
[OK] 7.1235.GDB136_chr7H.fa.555300001..555800000
[OK] 7.1206.GDB136_chr7H.fa.542250001..542750000
[OK] 7.1244.GDB136_chr7H.fa.559350001..559850000
[OK] 7.1147.GDB136_chr7H.fa.515700001..516200000
[OK] 7.1261.GDB136_chr7H.fa.567000001..567500000
[OK] 7.1249.GDB136_chr7H.fa.561600001..562100000
[OK] 7.1238.GDB136_chr7H.fa.556650001..557150000
[OK] 7.1218.GDB136_chr7H.fa.547650001..548150000
[OK] 7.1211.GDB136_chr7H.fa.544500001..545000000
[OK] 7.1242.GDB136_chr7H.fa.558450001..558950000
[OK] 7.1220.GDB136_chr7H.fa.548550001..549050000
[OK] 7.1231.GDB136_chr7H.fa.553500001..554000000
[OK] 7.1237.GDB136_chr7H.fa.556200001..556700000
[OK] 7.1245.GDB136_chr7H.fa.559800001..560300000
[OK] 7.1223.GDB136_chr7H.fa.549900001..550400000
[OK] 7.1253.GDB136_chr7H.fa.563400001..563900000
[OK] 7.1216.GDB136_chr7H.fa.546750001..547250000
[OK] 7.1230.GDB136_chr7H.fa.553050001..553550000
[OK] 7.1248.GDB136_chr7H.fa.561150001..561650000
[OK] 7.1225.GDB136_chr7H.fa.550800001..551300000
[OK] 7.1215.GDB136_chr7H.fa.546300001..546800000
[OK] 7.1266.GDB136_chr7H.fa.569250001..569750000
[OK] 7.1264.GDB136_chr7H.fa.568350001..568850000
[OK] 7.1246.GDB136_chr7H.fa.560250001..560750000
[OK] 7.1241.GDB136_chr7H.fa.558000001..558500000
[OK] 7.1219.GDB136_chr7H.fa.548100001..548600000
[OK] 7.1209.GDB136_chr7H.fa.543600001..544100000
[OK] 7.1243.GDB136_chr7H.fa.558900001..559400000
[OK] 7.1254.GDB136_chr7H.fa.563850001..564350000
[OK] 7.1204.GDB136_chr7H.fa.541350001..541850000
[OK] 7.1240.GDB136_chr7H.fa.557550001..558050000
[OK] 7.1247.GDB136_chr7H.fa.560700001..561200000
[OK] 7.1258.GDB136_chr7H.fa.565650001..566150000
[OK] 7.1232.GDB136_chr7H.fa.553950001..554450000
[OK] 7.1263.GDB136_chr7H.fa.567900001..568400000
[OK] 7.1260.GDB136_chr7H.fa.566550001..567050000
[OK] 7.1226.GDB136_chr7H.fa.551250001..551750000
[OK] 7.1273.GDB136_chr7H.fa.572400001..572900000
[OK] 7.1265.GDB136_chr7H.fa.568800001..569300000
[OK] 7.1227.GDB136_chr7H.fa.551700001..552200000
[OK] 7.1250.GDB136_chr7H.fa.562050001..562550000
[OK] 7.1252.GDB136_chr7H.fa.562950001..563450000
[OK] 7.1275.GDB136_chr7H.fa.573300001..573800000
[OK] 7.1272.GDB136_chr7H.fa.571950001..572450000
[OK] 7.1262.GDB136_chr7H.fa.567450001..567950000
[OK] 7.1269.GDB136_chr7H.fa.570600001..571100000
[OK] 7.1274.GDB136_chr7H.fa.572850001..573350000
[OK] 7.1236.GDB136_chr7H.fa.555750001..556250000
[OK] 7.1255.GDB136_chr7H.fa.564300001..564800000
[OK] 7.1251.GDB136_chr7H.fa.562500001..563000000
[OK] 7.1267.GDB136_chr7H.fa.569700001..570200000
[OK] 7.1239.GDB136_chr7H.fa.557100001..557600000
[OK] 7.1278.GDB136_chr7H.fa.574650001..575150000
[OK] 7.1277.GDB136_chr7H.fa.574200001..574700000
[OK] 7.1270.GDB136_chr7H.fa.571050001..571550000
[OK] 7.1234.GDB136_chr7H.fa.554850001..555350000
[OK] 7.1268.GDB136_chr7H.fa.570150001..570650000
[OK] 7.1285.GDB136_chr7H.fa.577800001..578300000
[OK] 7.1292.GDB136_chr7H.fa.580950001..581450000
[OK] 7.1280.GDB136_chr7H.fa.575550001..576050000
[OK] 7.1299.GDB136_chr7H.fa.584100001..584600000
[OK] 7.1298.GDB136_chr7H.fa.583650001..584150000
[OK] 7.1276.GDB136_chr7H.fa.573750001..574250000
[OK] 7.1293.GDB136_chr7H.fa.581400001..581900000
[OK] 7.1281.GDB136_chr7H.fa.576000001..576500000
[OK] 7.1289.GDB136_chr7H.fa.579600001..580100000
[OK] 7.1259.GDB136_chr7H.fa.566100001..566600000
[OK] 7.1300.GDB136_chr7H.fa.584550001..585050000
[OK] 7.1283.GDB136_chr7H.fa.576900001..577400000
[OK] 7.1271.GDB136_chr7H.fa.571500001..572000000
[OK] 7.1307.GDB136_chr7H.fa.587700001..588200000
[OK] 7.1288.GDB136_chr7H.fa.579150001..579650000
[OK] 7.1305.GDB136_chr7H.fa.586800001..587300000
[OK] 7.1284.GDB136_chr7H.fa.577350001..577850000
[OK] 7.1287.GDB136_chr7H.fa.578700001..579200000
[OK] 7.1286.GDB136_chr7H.fa.578250001..578750000
[OK] 7.1297.GDB136_chr7H.fa.583200001..583700000
[OK] 7.1256.GDB136_chr7H.fa.564750001..565250000
[OK] 7.1310.GDB136_chr7H.fa.589050001..589550000
[OK] 7.1320.GDB136_chr7H.fa.593550001..594050000
[OK] 7.1282.GDB136_chr7H.fa.576450001..576950000
[OK] 7.1316.GDB136_chr7H.fa.591750001..592250000
[OK] 7.1333.GDB136_chr7H.fa.599400001..599900000
[OK] 7.1309.GDB136_chr7H.fa.588600001..589100000
[OK] 7.1335.GDB136_chr7H.fa.600300001..600800000
[OK] 7.1302.GDB136_chr7H.fa.585450001..585950000
[OK] 7.1290.GDB136_chr7H.fa.580050001..580550000
[OK] 7.1301.GDB136_chr7H.fa.585000001..585500000
[OK] 7.1348.GDB136_chr7H.fa.606150001..606650000
[OK] 7.1315.GDB136_chr7H.fa.591300001..591800000
[OK] 7.1257.GDB136_chr7H.fa.565200001..565700000
[OK] 7.1350.GDB136_chr7H.fa.607050001..607550000
[OK] 7.1322.GDB136_chr7H.fa.594450001..594950000
[OK] 7.1340.GDB136_chr7H.fa.602550001..603050000
[OK] 7.1279.GDB136_chr7H.fa.575100001..575600000
[OK] 7.1317.GDB136_chr7H.fa.592200001..592700000
[OK] 7.1312.GDB136_chr7H.fa.589950001..590450000
[OK] 7.1308.GDB136_chr7H.fa.588150001..588650000
[OK] 7.1334.GDB136_chr7H.fa.599850001..600350000
[OK] 7.1345.GDB136_chr7H.fa.604800001..605300000
[OK] 7.1330.GDB136_chr7H.fa.598050001..598550000
[OK] 7.1339.GDB136_chr7H.fa.602100001..602600000
[OK] 7.1329.GDB136_chr7H.fa.597600001..598100000
[OK] 7.1318.GDB136_chr7H.fa.592650001..593150000
[OK] 7.1327.GDB136_chr7H.fa.596700001..597200000
[OK] 7.1314.GDB136_chr7H.fa.590850001..591350000
[OK] 7.1311.GDB136_chr7H.fa.589500001..590000000
[OK] 7.1328.GDB136_chr7H.fa.597150001..597650000
[OK] 7.1294.GDB136_chr7H.fa.581850001..582350000
[OK] 7.1337.GDB136_chr7H.fa.601200001..601700000
[OK] 7.1304.GDB136_chr7H.fa.586350001..586850000
[OK] 7.1313.GDB136_chr7H.fa.590400001..590900000
[OK] 7.1296.GDB136_chr7H.fa.582750001..583250000
[OK] 7.1324.GDB136_chr7H.fa.595350001..595850000
[OK] 7.1325.GDB136_chr7H.fa.595800001..596300000
[OK] 7.1338.GDB136_chr7H.fa.601650001..602150000
[OK] 7.1336.GDB136_chr7H.fa.600750001..601250000
[OK] 7.1321.GDB136_chr7H.fa.594000001..594500000
[OK] 7.1343.GDB136_chr7H.fa.603900001..604400000
[OK] 7.1341.GDB136_chr7H.fa.603000001..603500000
[OK] 7.1332.GDB136_chr7H.fa.598950001..599450000
[OK] 7.1349.GDB136_chr7H.fa.606600001..607100000
[OK] 7.1342.GDB136_chr7H.fa.603450001..603950000
[OK] 7.1346.GDB136_chr7H.fa.605250001..605750000
[OK] 7.1323.GDB136_chr7H.fa.594900001..595400000
[OK] 7.1306.GDB136_chr7H.fa.587250001..587750000
[OK] 7.1372.GDB136_chr7H.fa.616950001..617450000
[OK] 7.1344.GDB136_chr7H.fa.604350001..604850000
[OK] 7.1326.GDB136_chr7H.fa.596250001..596750000
[OK] 7.1399.GDB136_chr7H.fa.629100001..629234774
[OK] 7.1365.GDB136_chr7H.fa.613800001..614300000
[OK] 7.1359.GDB136_chr7H.fa.611100001..611600000
[OK] 7.1291.GDB136_chr7H.fa.580500001..581000000
[OK] 7.1370.GDB136_chr7H.fa.616050001..616550000
[OK] 7.1355.GDB136_chr7H.fa.609300001..609800000
[OK] 7.1295.GDB136_chr7H.fa.582300001..582800000
[OK] 7.1347.GDB136_chr7H.fa.605700001..606200000
[OK] 7.1356.GDB136_chr7H.fa.609750001..610250000
[OK] 7.1351.GDB136_chr7H.fa.607500001..608000000
[OK] 7.1303.GDB136_chr7H.fa.585900001..586400000
[OK] 7.1331.GDB136_chr7H.fa.598500001..599000000
[OK] 7.1382.GDB136_chr7H.fa.621450001..621950000
[OK] 7.1366.GDB136_chr7H.fa.614250001..614750000
[OK] 7.1371.GDB136_chr7H.fa.616500001..617000000
[OK] 7.1352.GDB136_chr7H.fa.607950001..608450000
[OK] 7.1374.GDB136_chr7H.fa.617850001..618350000
[OK] 7.1379.GDB136_chr7H.fa.620100001..620600000
[OK] 7.1358.GDB136_chr7H.fa.610650001..611150000
[OK] 7.1387.GDB136_chr7H.fa.623700001..624200000
[OK] 7.1363.GDB136_chr7H.fa.612900001..613400000
[OK] 7.1354.GDB136_chr7H.fa.608850001..609350000
[OK] 7.1373.GDB136_chr7H.fa.617400001..617900000
[OK] 7.1383.GDB136_chr7H.fa.621900001..622400000
[OK] 7.1364.GDB136_chr7H.fa.613350001..613850000
[OK] 7.1360.GDB136_chr7H.fa.611550001..612050000
[OK] 7.1319.GDB136_chr7H.fa.593100001..593600000
[OK] 7.1397.GDB136_chr7H.fa.628200001..628700000
[OK] 7.1369.GDB136_chr7H.fa.615600001..616100000
[OK] 7.1396.GDB136_chr7H.fa.627750001..628250000
[OK] 7.1375.GDB136_chr7H.fa.618300001..618800000
[OK] 7.1393.GDB136_chr7H.fa.626400001..626900000
[OK] 7.1362.GDB136_chr7H.fa.612450001..612950000
[OK] 7.1389.GDB136_chr7H.fa.624600001..625100000
[OK] 7.1388.GDB136_chr7H.fa.624150001..624650000
[OK] 7.1395.GDB136_chr7H.fa.627300001..627800000
[OK] 7.1357.GDB136_chr7H.fa.610200001..610700000
[OK] 7.1384.GDB136_chr7H.fa.622350001..622850000
[OK] 7.1377.GDB136_chr7H.fa.619200001..619700000
[OK] 7.1368.GDB136_chr7H.fa.615150001..615650000
[OK] 7.1392.GDB136_chr7H.fa.625950001..626450000
[OK] 7.1398.GDB136_chr7H.fa.628650001..629150000
[OK] 7.1353.GDB136_chr7H.fa.608400001..608900000
[OK] 7.1391.GDB136_chr7H.fa.625500001..626000000
[OK] 7.1386.GDB136_chr7H.fa.623250001..623750000
[OK] 7.1378.GDB136_chr7H.fa.619650001..620150000
[OK] 7.1361.GDB136_chr7H.fa.612000001..612500000
[OK] 7.1394.GDB136_chr7H.fa.626850001..627350000
[OK] 7.1390.GDB136_chr7H.fa.625050001..625550000
[OK] 7.1367.GDB136_chr7H.fa.614700001..615200000
[OK] 7.1376.GDB136_chr7H.fa.618750001..619250000
[OK] 7.1381.GDB136_chr7H.fa.621000001..621500000
[OK] 7.1380.GDB136_chr7H.fa.620550001..621050000
[OK] 7.1385.GDB136_chr7H.fa.622800001..623300000

--- Finished! All launched jobs have completed. ---
